date,ticker,benchmark_weight
2014-01-31,JP1000,0.0038911742543465454
2014-01-31,JP1001,0.006422893206326084
2014-01-31,JP1002,0.014897922180430907
2014-01-31,JP1003,0.001714619656885377
2014-01-31,JP1004,0.004077913837562301
2014-01-31,JP1005,0.02230164083442629
2014-01-31,JP1006,0.0027238225928742947
2014-01-31,JP1007,0.0017905069642130864
2014-01-31,JP1008,0.005394958598618294
2014-01-31,JP1009,0.010858184724644926
2014-01-31,JP1010,0.005991648266917876
2014-01-31,JP1011,0.0198865155310024
2014-01-31,JP1012,0.013018199089364899
2014-01-31,JP1013,0.010597589576218428
2014-01-31,JP1014,0.007964431098262881
2014-01-31,JP1015,0.05488593232244006
2014-01-31,JP1016,0.0041933013946590025
2014-01-31,JP1017,0.0007291864572842275
2014-01-31,JP1018,0.024985854987331912
2014-01-31,JP1019,0.0033298842495732748
2014-01-31,JP1020,0.005792216043091066
2014-01-31,JP1021,0.02049436613274412
2014-01-31,JP1022,0.0011176898139296754
2014-01-31,JP1023,0.001245065561371518
2014-01-31,JP1024,0.0008243317747575193
2014-01-31,JP1025,0.002557066879829309
2014-01-31,JP1026,0.00894622555068532
2014-01-31,JP1027,0.0078064330413891775
2014-01-31,JP1028,0.005601941535859738
2014-01-31,JP1029,0.0012585499186711085
2014-01-31,JP1030,0.0005575533906864307
2014-01-31,JP1031,0.006468444352184484
2014-01-31,JP1032,0.0033624716894008794
2014-01-31,JP1033,0.007807124419054697
2014-01-31,JP1034,0.009444789047534518
2014-01-31,JP1035,0.005883837370242292
2014-01-31,JP1036,0.010623082381696377
2014-01-31,JP1037,0.005815502434118161
2014-01-31,JP1038,0.01067348760252829
2014-01-31,JP1039,0.0030242592309056935
2014-01-31,JP1040,0.00479136843456682
2014-01-31,JP1041,0.00568319547794808
2014-01-31,JP1042,0.012665135848117157
2014-01-31,JP1043,0.003680483283281548
2014-01-31,JP1044,0.009009183265598643
2014-01-31,JP1045,0.004445757793224471
2014-01-31,JP1046,0.004849218455505387
2014-01-31,JP1047,0.012633386949893743
2014-01-31,JP1048,0.0007433805828044677
2014-01-31,JP1049,0.0014483564264507105
2014-01-31,JP1050,0.000972656871928557
2014-01-31,JP1051,0.000500358013244516
2014-01-31,JP1052,0.002456994772080916
2014-01-31,JP1053,0.009528358009152955
2014-01-31,JP1054,0.004554520231846495
2014-01-31,JP1055,0.007415053701494519
2014-01-31,JP1056,0.01742597934572251
2014-01-31,JP1057,0.019806894333696645
2014-01-31,JP1058,0.005467093810522657
2014-01-31,JP1059,0.019838288032342954
2014-01-31,JP1060,0.005727212787911003
2014-01-31,JP1061,0.001985909987215562
2014-01-31,JP1062,0.0029391528103003967
2014-01-31,JP1063,0.0011715465131323945
2014-01-31,JP1064,0.0018485906471170544
2014-01-31,JP1065,0.0035597353512196728
2014-01-31,JP1066,0.011341115531031084
2014-01-31,JP1067,0.03423842494036806
2014-01-31,JP1068,0.0014050352891260345
2014-01-31,JP1069,0.007589719346519534
2014-01-31,JP1070,0.0018536513445009987
2014-01-31,JP1071,0.008264266074241659
2014-01-31,JP1072,0.004399296107877508
2014-01-31,JP1073,0.0007361466379340909
2014-01-31,JP1074,0.012756161446974047
2014-01-31,JP1075,0.002594028475644567
2014-01-31,JP1076,0.002648228191886987
2014-01-31,JP1077,0.0018481633681240437
2014-01-31,JP1078,0.0027667290971573285
2014-01-31,JP1079,0.006566902705105675
2014-01-31,JP1080,0.004184176026102057
2014-01-31,JP1081,0.007854249655361295
2014-01-31,JP1082,0.008171617172625524
2014-01-31,JP1083,0.02124386062002225
2014-01-31,JP1084,0.0036470833706832412
2014-01-31,JP1085,0.001074075457683093
2014-01-31,JP1086,0.013352119491432252
2014-01-31,JP1087,0.0038030178408402253
2014-01-31,JP1088,0.016205376174791508
2014-01-31,JP1089,0.00854146745480882
2014-01-31,JP1090,0.005011238231934864
2014-01-31,JP1091,0.0071590381131197926
2014-01-31,JP1092,0.031798355482175064
2014-01-31,JP1093,0.03956292614026636
2014-01-31,JP1094,0.005606501219451472
2014-01-31,JP1095,0.005887343460799401
2014-01-31,JP1096,0.014172073148500046
2014-01-31,JP1097,0.002253422227181639
2014-01-31,JP1098,0.006790314103961957
2014-01-31,JP1099,0.004684003277629238
2014-01-31,JP1100,0.0072273764237524105
2014-01-31,JP1101,0.0021366828104940074
2014-01-31,JP1102,0.0010700073818770558
2014-01-31,JP1103,0.0006617678714489258
2014-01-31,JP1104,0.0014940575230987757
2014-01-31,JP1105,0.0030833701535776976
2014-01-31,JP1106,0.004407945505572618
2014-01-31,JP1107,0.03162177017466276
2014-01-31,JP1108,0.012517786173348604
2014-01-31,JP1109,0.0016234393757212273
2014-01-31,JP1110,0.00726771581502821
2014-01-31,JP1111,0.0034172498606240076
2014-01-31,JP1112,0.003806452595913937
2014-01-31,JP1113,0.006955740112194485
2014-01-31,JP1114,0.007276938772393309
2014-01-31,JP1115,0.0037930009204245677
2014-01-31,JP1116,0.017336566731638314
2014-01-31,JP1117,0.0014595180802054253
2014-01-31,JP1118,0.004958885475637208
2014-01-31,JP1119,0.06376517128614152
2014-02-28,JP1000,0.0042770131097887715
2014-02-28,JP1001,0.008452899289477117
2014-02-28,JP1002,0.013849732449631733
2014-02-28,JP1003,0.0017637776591577124
2014-02-28,JP1004,0.004429924448178994
2014-02-28,JP1005,0.022289291854352525
2014-02-28,JP1006,0.0028592589301051534
2014-02-28,JP1007,0.0017648401407138418
2014-02-28,JP1008,0.005075488730170739
2014-02-28,JP1009,0.011160037440097848
2014-02-28,JP1010,0.005130227720557642
2014-02-28,JP1011,0.020496256041204086
2014-02-28,JP1012,0.012508068383786763
2014-02-28,JP1013,0.011309766902049883
2014-02-28,JP1014,0.009759996824473002
2014-02-28,JP1015,0.057566675220621505
2014-02-28,JP1016,0.004201809637969757
2014-02-28,JP1017,0.0007520252861467073
2014-02-28,JP1018,0.025888273156073453
2014-02-28,JP1019,0.0030295784086471476
2014-02-28,JP1020,0.006049244163942143
2014-02-28,JP1021,0.01897046320727635
2014-02-28,JP1022,0.001020349941165472
2014-02-28,JP1023,0.0016785315730332999
2014-02-28,JP1024,0.0007992400457905778
2014-02-28,JP1025,0.0019864845075483624
2014-02-28,JP1026,0.006981060000602715
2014-02-28,JP1027,0.008249338229071309
2014-02-28,JP1028,0.006508340881114467
2014-02-28,JP1029,0.0010605342130486461
2014-02-28,JP1030,0.0004555052505030131
2014-02-28,JP1031,0.004906400719394544
2014-02-28,JP1032,0.004039971267668642
2014-02-28,JP1033,0.009600653517598307
2014-02-28,JP1034,0.00980654371500992
2014-02-28,JP1035,0.00560777656889443
2014-02-28,JP1036,0.009655076991129335
2014-02-28,JP1037,0.005262833327830149
2014-02-28,JP1038,0.008504946125487108
2014-02-28,JP1039,0.0022655390985537953
2014-02-28,JP1040,0.004196180628611291
2014-02-28,JP1041,0.005254194532449858
2014-02-28,JP1042,0.0106611067281609
2014-02-28,JP1043,0.0034673573795059942
2014-02-28,JP1044,0.00884683192119976
2014-02-28,JP1045,0.004047824629821397
2014-02-28,JP1046,0.003945912127784768
2014-02-28,JP1047,0.01264496129789984
2014-02-28,JP1048,0.0006371116676763349
2014-02-28,JP1049,0.0014756294843480192
2014-02-28,JP1050,0.0011491493112707899
2014-02-28,JP1051,0.0004278495493788969
2014-02-28,JP1052,0.0024902596790200996
2014-02-28,JP1053,0.0111143990385701
2014-02-28,JP1054,0.004049865521827758
2014-02-28,JP1055,0.006085826217590679
2014-02-28,JP1056,0.017543203153311798
2014-02-28,JP1057,0.021130308123153967
2014-02-28,JP1058,0.004606497735824468
2014-02-28,JP1059,0.021133707447857725
2014-02-28,JP1060,0.0067380947799611365
2014-02-28,JP1061,0.002666912511743554
2014-02-28,JP1062,0.0024721071005801287
2014-02-28,JP1063,0.0010503058219214437
2014-02-28,JP1064,0.0024172468550957868
2014-02-28,JP1065,0.00318491758037849
2014-02-28,JP1066,0.009910572439169882
2014-02-28,JP1067,0.026961815452280283
2014-02-28,JP1068,0.0013259276928339798
2014-02-28,JP1069,0.007425046906288919
2014-02-28,JP1070,0.0016764373273868035
2014-02-28,JP1071,0.0076106383142439255
2014-02-28,JP1072,0.004136917094552424
2014-02-28,JP1073,0.0007433520052819956
2014-02-28,JP1074,0.016098586670745554
2014-02-28,JP1075,0.0028491525486874034
2014-02-28,JP1076,0.0032447777943116936
2014-02-28,JP1077,0.0016546856418962474
2014-02-28,JP1078,0.00258413869756764
2014-02-28,JP1079,0.007234102097369174
2014-02-28,JP1080,0.0032150921827576785
2014-02-28,JP1081,0.0061296170651290015
2014-02-28,JP1082,0.006068619749568047
2014-02-28,JP1083,0.015149302361486141
2014-02-28,JP1084,0.0031897710916581243
2014-02-28,JP1085,0.001320365979686385
2014-02-28,JP1086,0.014658934370469374
2014-02-28,JP1087,0.00413645610742628
2014-02-28,JP1088,0.016086202334212065
2014-02-28,JP1089,0.008035781047831517
2014-02-28,JP1090,0.004059435703554742
2014-02-28,JP1091,0.007564318020577589
2014-02-28,JP1092,0.03832702220264987
2014-02-28,JP1093,0.03815233662611019
2014-02-28,JP1094,0.005740844796598293
2014-02-28,JP1095,0.006290751718014919
2014-02-28,JP1096,0.014063124667368108
2014-02-28,JP1097,0.0019431946167897149
2014-02-28,JP1098,0.006277229645159557
2014-02-28,JP1099,0.00497815286034031
2014-02-28,JP1100,0.007162652711220029
2014-02-28,JP1101,0.002033279110971188
2014-02-28,JP1102,0.001035994925064546
2014-02-28,JP1103,0.0006745843686146516
2014-02-28,JP1104,0.001762452249565598
2014-02-28,JP1105,0.003738871887204125
2014-02-28,JP1106,0.004292106770055222
2014-02-28,JP1107,0.03179704063201132
2014-02-28,JP1108,0.01811287833114248
2014-02-28,JP1109,0.0018350696507865654
2014-02-28,JP1110,0.007960301994241628
2014-02-28,JP1111,0.003393940482856092
2014-02-28,JP1112,0.0036571802556401257
2014-02-28,JP1113,0.00508770664361391
2014-02-28,JP1114,0.009246876976636524
2014-02-28,JP1115,0.003086613073371791
2014-02-28,JP1116,0.01616506869422752
2014-02-28,JP1117,0.0018813925937538755
2014-02-28,JP1118,0.004706380625107921
2014-02-28,JP1119,0.0701153683910992
2014-03-31,JP1000,0.004106333775436929
2014-03-31,JP1001,0.008153614911056045
2014-03-31,JP1002,0.015159851186364644
2014-03-31,JP1003,0.0017590907533922965
2014-03-31,JP1004,0.0043653622522192796
2014-03-31,JP1005,0.02295101506216618
2014-03-31,JP1006,0.0022539144189987143
2014-03-31,JP1007,0.002015729088443448
2014-03-31,JP1008,0.005732766688653059
2014-03-31,JP1009,0.011232575236434042
2014-03-31,JP1010,0.0046320190897369915
2014-03-31,JP1011,0.019748563061038567
2014-03-31,JP1012,0.013035543421097995
2014-03-31,JP1013,0.010186103839686335
2014-03-31,JP1014,0.008975903146064699
2014-03-31,JP1015,0.05160268503900378
2014-03-31,JP1016,0.004335787981305771
2014-03-31,JP1017,0.0006928775555488542
2014-03-31,JP1018,0.0221272220939968
2014-03-31,JP1019,0.0028690352548102183
2014-03-31,JP1020,0.0057473391308769965
2014-03-31,JP1021,0.02112258744192537
2014-03-31,JP1022,0.0008304694860965669
2014-03-31,JP1023,0.001523239976562703
2014-03-31,JP1024,0.0011683569544042446
2014-03-31,JP1025,0.0022898248005007132
2014-03-31,JP1026,0.008436529619905382
2014-03-31,JP1027,0.008099441597136233
2014-03-31,JP1028,0.0067009663366977106
2014-03-31,JP1029,0.0010650874944826373
2014-03-31,JP1030,0.00040388561127522335
2014-03-31,JP1031,0.0059687907441389335
2014-03-31,JP1032,0.0029085034179967806
2014-03-31,JP1033,0.007781484837818124
2014-03-31,JP1034,0.009036063145978643
2014-03-31,JP1035,0.005130271838317305
2014-03-31,JP1036,0.010812074310115698
2014-03-31,JP1037,0.0060144676433002715
2014-03-31,JP1038,0.009077292736248561
2014-03-31,JP1039,0.002660448626048556
2014-03-31,JP1040,0.004438816277600371
2014-03-31,JP1041,0.006414431422924071
2014-03-31,JP1042,0.01368389346704162
2014-03-31,JP1043,0.0031186918555248327
2014-03-31,JP1044,0.008615715807750203
2014-03-31,JP1045,0.004416486083133127
2014-03-31,JP1046,0.005190479071470625
2014-03-31,JP1047,0.010229307279362615
2014-03-31,JP1048,0.0006795110868974284
2014-03-31,JP1049,0.0016116426968951492
2014-03-31,JP1050,0.0012294128516494747
2014-03-31,JP1051,0.0005085581923813754
2014-03-31,JP1052,0.0025545632672330618
2014-03-31,JP1053,0.010474754126380758
2014-03-31,JP1054,0.003982270069346981
2014-03-31,JP1055,0.006113300793595857
2014-03-31,JP1056,0.015224010513186005
2014-03-31,JP1057,0.019559482140723602
2014-03-31,JP1058,0.004486034373121395
2014-03-31,JP1059,0.021004002460320453
2014-03-31,JP1060,0.007549379007602731
2014-03-31,JP1061,0.0018641725807070665
2014-03-31,JP1062,0.002932675323664256
2014-03-31,JP1063,0.001084759891696635
2014-03-31,JP1064,0.0022423414048437116
2014-03-31,JP1065,0.0036130534476731357
2014-03-31,JP1066,0.012399853806420802
2014-03-31,JP1067,0.032337730478545795
2014-03-31,JP1068,0.0013164974754812544
2014-03-31,JP1069,0.008533050204059664
2014-03-31,JP1070,0.0014375502612377971
2014-03-31,JP1071,0.009695448069762597
2014-03-31,JP1072,0.004684849308297506
2014-03-31,JP1073,0.0009183218925729207
2014-03-31,JP1074,0.011521600789526137
2014-03-31,JP1075,0.0025852868915264755
2014-03-31,JP1076,0.003060590211665922
2014-03-31,JP1077,0.0017620149034404007
2014-03-31,JP1078,0.002750926511111125
2014-03-31,JP1079,0.008795639987521052
2014-03-31,JP1080,0.0035685088286875857
2014-03-31,JP1081,0.007877086448083033
2014-03-31,JP1082,0.007393965768551143
2014-03-31,JP1083,0.018881784143328695
2014-03-31,JP1084,0.0031519348792664243
2014-03-31,JP1085,0.0012353585303764114
2014-03-31,JP1086,0.011748502873169165
2014-03-31,JP1087,0.003940333699312905
2014-03-31,JP1088,0.013508188363087415
2014-03-31,JP1089,0.00758852388089623
2014-03-31,JP1090,0.004458711272922668
2014-03-31,JP1091,0.00819598085705871
2014-03-31,JP1092,0.03555430440321293
2014-03-31,JP1093,0.03830118589001629
2014-03-31,JP1094,0.005241643276154214
2014-03-31,JP1095,0.006857843653822955
2014-03-31,JP1096,0.015923309473901536
2014-03-31,JP1097,0.0021248265064806203
2014-03-31,JP1098,0.007010015530876716
2014-03-31,JP1099,0.004285913131761223
2014-03-31,JP1100,0.007320435476263989
2014-03-31,JP1101,0.0018749159077843078
2014-03-31,JP1102,0.0011314798064547002
2014-03-31,JP1103,0.0006555982569744414
2014-03-31,JP1104,0.0021366202388086075
2014-03-31,JP1105,0.0029131219630607235
2014-03-31,JP1106,0.003797930792756536
2014-03-31,JP1107,0.04273311379811624
2014-03-31,JP1108,0.017514804940749817
2014-03-31,JP1109,0.0018334544489543385
2014-03-31,JP1110,0.0074485499900653505
2014-03-31,JP1111,0.003424775373709507
2014-03-31,JP1112,0.003981847607838649
2014-03-31,JP1113,0.00577403874673037
2014-03-31,JP1114,0.00947023064902636
2014-03-31,JP1115,0.0031231760991961293
2014-03-31,JP1116,0.015108810702297595
2014-03-31,JP1117,0.0017176859844716715
2014-03-31,JP1118,0.0050607328612535946
2014-03-31,JP1119,0.05879652905534291
2014-04-30,JP1000,0.003658709131979062
2014-04-30,JP1001,0.006206551857410904
2014-04-30,JP1002,0.012277327980963612
2014-04-30,JP1003,0.0015589593477375783
2014-04-30,JP1004,0.0044522129357101635
2014-04-30,JP1005,0.02001413752281359
2014-04-30,JP1006,0.0022705171907599414
2014-04-30,JP1007,0.002083840867660712
2014-04-30,JP1008,0.006002204229953858
2014-04-30,JP1009,0.013605947200535753
2014-04-30,JP1010,0.005537217853891065
2014-04-30,JP1011,0.019383940222289318
2014-04-30,JP1012,0.011525508647528696
2014-04-30,JP1013,0.01138581370806246
2014-04-30,JP1014,0.00921435428033577
2014-04-30,JP1015,0.055697840465096085
2014-04-30,JP1016,0.003811214589382479
2014-04-30,JP1017,0.0006935008255417479
2014-04-30,JP1018,0.0208002243421008
2014-04-30,JP1019,0.003311308124643915
2014-04-30,JP1020,0.006159322182699763
2014-04-30,JP1021,0.01845647375272311
2014-04-30,JP1022,0.0012377120152383075
2014-04-30,JP1023,0.00134191850318634
2014-04-30,JP1024,0.0010558408588572296
2014-04-30,JP1025,0.002307472115390797
2014-04-30,JP1026,0.007873307232077778
2014-04-30,JP1027,0.008555950396462812
2014-04-30,JP1028,0.0068268000508134126
2014-04-30,JP1029,0.0013578483592405276
2014-04-30,JP1030,0.0005836472834391974
2014-04-30,JP1031,0.00540865218936959
2014-04-30,JP1032,0.0034681695280871887
2014-04-30,JP1033,0.007561582130112808
2014-04-30,JP1034,0.011160943977462128
2014-04-30,JP1035,0.005451624552867527
2014-04-30,JP1036,0.012219957143525901
2014-04-30,JP1037,0.008037731000802972
2014-04-30,JP1038,0.008599703143624687
2014-04-30,JP1039,0.002033876861501329
2014-04-30,JP1040,0.004052981003123157
2014-04-30,JP1041,0.0070556941929373765
2014-04-30,JP1042,0.0123013316629197
2014-04-30,JP1043,0.003543169109426706
2014-04-30,JP1044,0.009543931037291955
2014-04-30,JP1045,0.0041225748002834154
2014-04-30,JP1046,0.005145392834754073
2014-04-30,JP1047,0.01287558364747374
2014-04-30,JP1048,0.0008130042368223759
2014-04-30,JP1049,0.0014524890165969315
2014-04-30,JP1050,0.0012740641516336886
2014-04-30,JP1051,0.00048168858667051526
2014-04-30,JP1052,0.0024484638951868466
2014-04-30,JP1053,0.01285820374596345
2014-04-30,JP1054,0.003937743206308867
2014-04-30,JP1055,0.006767620216893709
2014-04-30,JP1056,0.01541687773056915
2014-04-30,JP1057,0.018227035061656568
2014-04-30,JP1058,0.004786654447549194
2014-04-30,JP1059,0.022898162313523183
2014-04-30,JP1060,0.005938888730934675
2014-04-30,JP1061,0.0018688547832246035
2014-04-30,JP1062,0.0027675060448331935
2014-04-30,JP1063,0.0013931456312524615
2014-04-30,JP1064,0.0020634056126070956
2014-04-30,JP1065,0.002991595360310122
2014-04-30,JP1066,0.013828909269812409
2014-04-30,JP1067,0.030657595626085346
2014-04-30,JP1068,0.001277223480975082
2014-04-30,JP1069,0.0073122941543399215
2014-04-30,JP1070,0.002016901900600123
2014-04-30,JP1071,0.007801922019651779
2014-04-30,JP1072,0.005041029663043037
2014-04-30,JP1073,0.000866914494263198
2014-04-30,JP1074,0.013285012920753273
2014-04-30,JP1075,0.0028389155634626797
2014-04-30,JP1076,0.0029519746686807982
2014-04-30,JP1077,0.0019516652224843276
2014-04-30,JP1078,0.002442577435423076
2014-04-30,JP1079,0.006683015418762408
2014-04-30,JP1080,0.004508980338954563
2014-04-30,JP1081,0.007581091622178798
2014-04-30,JP1082,0.007720022950200862
2014-04-30,JP1083,0.01999147355026875
2014-04-30,JP1084,0.003522007638888315
2014-04-30,JP1085,0.0012658727702880908
2014-04-30,JP1086,0.014828306739395261
2014-04-30,JP1087,0.0035031824945265925
2014-04-30,JP1088,0.015139007348446415
2014-04-30,JP1089,0.009201002548088661
2014-04-30,JP1090,0.0037781566398411267
2014-04-30,JP1091,0.007634107776267576
2014-04-30,JP1092,0.03047701780657654
2014-04-30,JP1093,0.04044845966878129
2014-04-30,JP1094,0.005258731059967383
2014-04-30,JP1095,0.004882020306010948
2014-04-30,JP1096,0.015627235918767902
2014-04-30,JP1097,0.0021174372830045154
2014-04-30,JP1098,0.00579514852338735
2014-04-30,JP1099,0.005430142239919729
2014-04-30,JP1100,0.0080952720759278
2014-04-30,JP1101,0.0025844558837433015
2014-04-30,JP1102,0.0010835032249754718
2014-04-30,JP1103,0.00064758433003188
2014-04-30,JP1104,0.0019142060029338993
2014-04-30,JP1105,0.003832182335351588
2014-04-30,JP1106,0.00428035800153882
2014-04-30,JP1107,0.03236083094079548
2014-04-30,JP1108,0.01579983067028593
2014-04-30,JP1109,0.0020456833001008005
2014-04-30,JP1110,0.0060533880480285445
2014-04-30,JP1111,0.0035741564751134796
2014-04-30,JP1112,0.004839477267116888
2014-04-30,JP1113,0.006574448088786693
2014-04-30,JP1114,0.011027407808266672
2014-04-30,JP1115,0.003716953409518063
2014-04-30,JP1116,0.014737585509414194
2014-04-30,JP1117,0.001699034724265543
2014-04-30,JP1118,0.004752295503657387
2014-04-30,JP1119,0.06250006367542174
2014-05-31,JP1000,0.004506991638164244
2014-05-31,JP1001,0.007632866434096425
2014-05-31,JP1002,0.014994983204733804
2014-05-31,JP1003,0.0018874257468152508
2014-05-31,JP1004,0.004990738122950795
2014-05-31,JP1005,0.022192963480476884
2014-05-31,JP1006,0.002472599513682046
2014-05-31,JP1007,0.0023336018294706964
2014-05-31,JP1008,0.0062650303468627
2014-05-31,JP1009,0.011281647948590897
2014-05-31,JP1010,0.004936681640358754
2014-05-31,JP1011,0.017561628467613184
2014-05-31,JP1012,0.012397157794238172
2014-05-31,JP1013,0.011599130287897464
2014-05-31,JP1014,0.008217867086741817
2014-05-31,JP1015,0.048421318859766686
2014-05-31,JP1016,0.003641188025370631
2014-05-31,JP1017,0.0007504167295936301
2014-05-31,JP1018,0.02529552997033356
2014-05-31,JP1019,0.002928622388018868
2014-05-31,JP1020,0.006093647224763602
2014-05-31,JP1021,0.017672634584673757
2014-05-31,JP1022,0.0008830282964151086
2014-05-31,JP1023,0.0015983735571560409
2014-05-31,JP1024,0.0009641811708753961
2014-05-31,JP1025,0.0021890887724301806
2014-05-31,JP1026,0.007863770341884761
2014-05-31,JP1027,0.009553984911979264
2014-05-31,JP1028,0.006664463658527193
2014-05-31,JP1029,0.0010896254072825587
2014-05-31,JP1030,0.0005287687091128425
2014-05-31,JP1031,0.005075201271767179
2014-05-31,JP1032,0.0038020026237121154
2014-05-31,JP1033,0.007986761593367836
2014-05-31,JP1034,0.00814139586150208
2014-05-31,JP1035,0.006004381783333144
2014-05-31,JP1036,0.013106449473040356
2014-05-31,JP1037,0.007428433288752435
2014-05-31,JP1038,0.010295137589848196
2014-05-31,JP1039,0.0022520981419412054
2014-05-31,JP1040,0.004618709774052305
2014-05-31,JP1041,0.005714965230475839
2014-05-31,JP1042,0.011722018379449453
2014-05-31,JP1043,0.002996590539488892
2014-05-31,JP1044,0.0079664044052356
2014-05-31,JP1045,0.003614841859414309
2014-05-31,JP1046,0.004907795853415035
2014-05-31,JP1047,0.012529708755085068
2014-05-31,JP1048,0.0007068994615706595
2014-05-31,JP1049,0.0012056237896502634
2014-05-31,JP1050,0.0011108908153338488
2014-05-31,JP1051,0.00045397361584706186
2014-05-31,JP1052,0.002793274898325013
2014-05-31,JP1053,0.012010292081422885
2014-05-31,JP1054,0.004217599228066485
2014-05-31,JP1055,0.005701787434248478
2014-05-31,JP1056,0.011401851507147578
2014-05-31,JP1057,0.015950680822137967
2014-05-31,JP1058,0.005427813235222367
2014-05-31,JP1059,0.018764597189000767
2014-05-31,JP1060,0.005132360897458897
2014-05-31,JP1061,0.002573789627806299
2014-05-31,JP1062,0.0031601743906443146
2014-05-31,JP1063,0.0011507569350738716
2014-05-31,JP1064,0.00201584287422403
2014-05-31,JP1065,0.003480878697804874
2014-05-31,JP1066,0.011528392087307063
2014-05-31,JP1067,0.03309182026488884
2014-05-31,JP1068,0.0013212480702934697
2014-05-31,JP1069,0.008036084340270675
2014-05-31,JP1070,0.0020034979790588725
2014-05-31,JP1071,0.007215569046211128
2014-05-31,JP1072,0.004772694877469807
2014-05-31,JP1073,0.0007851730570347761
2014-05-31,JP1074,0.009926411594736022
2014-05-31,JP1075,0.0022270857753500743
2014-05-31,JP1076,0.002671926027876736
2014-05-31,JP1077,0.0018255503116462646
2014-05-31,JP1078,0.0026527802752489044
2014-05-31,JP1079,0.007884025960168491
2014-05-31,JP1080,0.005075177897311907
2014-05-31,JP1081,0.00617349181029947
2014-05-31,JP1082,0.007226032202189872
2014-05-31,JP1083,0.01948445130345442
2014-05-31,JP1084,0.003327090199799789
2014-05-31,JP1085,0.0011554460134921831
2014-05-31,JP1086,0.012500130119352658
2014-05-31,JP1087,0.004170408615209659
2014-05-31,JP1088,0.014367124274146308
2014-05-31,JP1089,0.009070511890524605
2014-05-31,JP1090,0.004411111100907004
2014-05-31,JP1091,0.007925558743779147
2014-05-31,JP1092,0.03531097576739611
2014-05-31,JP1093,0.040141781175681526
2014-05-31,JP1094,0.005101271245278477
2014-05-31,JP1095,0.005993134456958751
2014-05-31,JP1096,0.015280104115343359
2014-05-31,JP1097,0.0020025566455577105
2014-05-31,JP1098,0.006952334494544257
2014-05-31,JP1099,0.004625751462197419
2014-05-31,JP1100,0.008691853338197318
2014-05-31,JP1101,0.0021731325275402423
2014-05-31,JP1102,0.0012013756707736406
2014-05-31,JP1103,0.0006224860264075362
2014-05-31,JP1104,0.0016939383828409068
2014-05-31,JP1105,0.002794630446971435
2014-05-31,JP1106,0.0035988441512214467
2014-05-31,JP1107,0.03575879311471158
2014-05-31,JP1108,0.017869678244087923
2014-05-31,JP1109,0.0019711531603258804
2014-05-31,JP1110,0.008203755680304722
2014-05-31,JP1111,0.0035805135695616136
2014-05-31,JP1112,0.004467763136769556
2014-05-31,JP1113,0.006037155747609834
2014-05-31,JP1114,0.011901982211958399
2014-05-31,JP1115,0.0034236713397959827
2014-05-31,JP1116,0.013540929586341831
2014-05-31,JP1117,0.001426991039941841
2014-05-31,JP1118,0.006410601473544819
2014-05-31,JP1119,0.07356210787436361
2014-06-30,JP1000,0.004602289706141946
2014-06-30,JP1001,0.009148819729290419
2014-06-30,JP1002,0.015147225639746508
2014-06-30,JP1003,0.0019408266935621464
2014-06-30,JP1004,0.006097588036735712
2014-06-30,JP1005,0.023502398865939734
2014-06-30,JP1006,0.002531791670655804
2014-06-30,JP1007,0.0023921740340417073
2014-06-30,JP1008,0.005615107280587423
2014-06-30,JP1009,0.011291453666266243
2014-06-30,JP1010,0.004878609442237026
2014-06-30,JP1011,0.020445710156091205
2014-06-30,JP1012,0.011745000096776767
2014-06-30,JP1013,0.011937605093878582
2014-06-30,JP1014,0.009844501375724532
2014-06-30,JP1015,0.056713896802561205
2014-06-30,JP1016,0.00406623419057558
2014-06-30,JP1017,0.0006398825073495476
2014-06-30,JP1018,0.028270897953797527
2014-06-30,JP1019,0.003468564387394094
2014-06-30,JP1020,0.004812929115614899
2014-06-30,JP1021,0.018215746111069683
2014-06-30,JP1022,0.0010390876880602843
2014-06-30,JP1023,0.0015687621323112288
2014-06-30,JP1024,0.0011205092980849233
2014-06-30,JP1025,0.002359159496610026
2014-06-30,JP1026,0.008349590194531688
2014-06-30,JP1027,0.008624893569359525
2014-06-30,JP1028,0.006252241944312034
2014-06-30,JP1029,0.0012034094987212172
2014-06-30,JP1030,0.0005045172649039976
2014-06-30,JP1031,0.005338457536451163
2014-06-30,JP1032,0.0026214242473289536
2014-06-30,JP1033,0.007719028685881604
2014-06-30,JP1034,0.010294659766751257
2014-06-30,JP1035,0.005664142601394747
2014-06-30,JP1036,0.010585676416281185
2014-06-30,JP1037,0.006699692375255229
2014-06-30,JP1038,0.0077385945382120866
2014-06-30,JP1039,0.002130962201988699
2014-06-30,JP1040,0.00409441032063518
2014-06-30,JP1041,0.006667457729113458
2014-06-30,JP1042,0.013644477750513364
2014-06-30,JP1043,0.003700702815293233
2014-06-30,JP1044,0.007377183895036775
2014-06-30,JP1045,0.0037999031674332048
2014-06-30,JP1046,0.004628220119647785
2014-06-30,JP1047,0.011838172332397149
2014-06-30,JP1048,0.0007297313576756199
2014-06-30,JP1049,0.001266014626895858
2014-06-30,JP1050,0.0011599304092798505
2014-06-30,JP1051,0.000512972656262556
2014-06-30,JP1052,0.0027964583881154898
2014-06-30,JP1053,0.009903747125688976
2014-06-30,JP1054,0.0036864035935783956
2014-06-30,JP1055,0.004718351187753073
2014-06-30,JP1056,0.014169934056611195
2014-06-30,JP1057,0.018161350605857367
2014-06-30,JP1058,0.004275729428842213
2014-06-30,JP1059,0.01996934214254551
2014-06-30,JP1060,0.005532186992689675
2014-06-30,JP1061,0.001751953565444197
2014-06-30,JP1062,0.0028610867773621947
2014-06-30,JP1063,0.001051988491232249
2014-06-30,JP1064,0.0021912806447105266
2014-06-30,JP1065,0.00312005081066708
2014-06-30,JP1066,0.011366117415513051
2014-06-30,JP1067,0.027563835299766956
2014-06-30,JP1068,0.001312822990388846
2014-06-30,JP1069,0.0076091258450511415
2014-06-30,JP1070,0.0017471584813921273
2014-06-30,JP1071,0.006994477835378987
2014-06-30,JP1072,0.003839121840099068
2014-06-30,JP1073,0.000767019219622815
2014-06-30,JP1074,0.012826586706148356
2014-06-30,JP1075,0.0026070663686158235
2014-06-30,JP1076,0.003166643058470298
2014-06-30,JP1077,0.0016927875310734147
2014-06-30,JP1078,0.0023947205676495063
2014-06-30,JP1079,0.0075695370628805535
2014-06-30,JP1080,0.004294747406732511
2014-06-30,JP1081,0.007280514801289128
2014-06-30,JP1082,0.008791724375411753
2014-06-30,JP1083,0.017775512742286833
2014-06-30,JP1084,0.003574828071076273
2014-06-30,JP1085,0.0012090146364963064
2014-06-30,JP1086,0.014715939420469707
2014-06-30,JP1087,0.003464267163023019
2014-06-30,JP1088,0.01324629415568419
2014-06-30,JP1089,0.007073424670219354
2014-06-30,JP1090,0.0039969969974626715
2014-06-30,JP1091,0.006050653761399755
2014-06-30,JP1092,0.03296662796398699
2014-06-30,JP1093,0.03646389004224729
2014-06-30,JP1094,0.005765033067831307
2014-06-30,JP1095,0.00632399340860939
2014-06-30,JP1096,0.01359773627492708
2014-06-30,JP1097,0.002122017324059296
2014-06-30,JP1098,0.005878474011724141
2014-06-30,JP1099,0.004705604556042134
2014-06-30,JP1100,0.0072272420307413375
2014-06-30,JP1101,0.0023945039322936924
2014-06-30,JP1102,0.0009638485510133199
2014-06-30,JP1103,0.00070910841617344
2014-06-30,JP1104,0.00142632013424662
2014-06-30,JP1105,0.002830951955571295
2014-06-30,JP1106,0.004062610307575998
2014-06-30,JP1107,0.041612241270549605
2014-06-30,JP1108,0.016109153788784348
2014-06-30,JP1109,0.0019307832411285357
2014-06-30,JP1110,0.0057675142269362325
2014-06-30,JP1111,0.002758613388600601
2014-06-30,JP1112,0.0038675770111642727
2014-06-30,JP1113,0.005891852606771353
2014-06-30,JP1114,0.008437100431127432
2014-06-30,JP1115,0.0036376791211217463
2014-06-30,JP1116,0.014871041070559806
2014-06-30,JP1117,0.001779895154704702
2014-06-30,JP1118,0.005176092306870195
2014-06-30,JP1119,0.07705845297727502
2014-07-31,JP1000,0.003494701689020577
2014-07-31,JP1001,0.007691702286167104
2014-07-31,JP1002,0.016685158838533696
2014-07-31,JP1003,0.001980020606276109
2014-07-31,JP1004,0.004271420702590355
2014-07-31,JP1005,0.0218680657195348
2014-07-31,JP1006,0.002580207197580576
2014-07-31,JP1007,0.0024415915290495727
2014-07-31,JP1008,0.005874611486766591
2014-07-31,JP1009,0.011594029531382652
2014-07-31,JP1010,0.005176736530020657
2014-07-31,JP1011,0.019826819283494106
2014-07-31,JP1012,0.011544090330729787
2014-07-31,JP1013,0.011387301720070544
2014-07-31,JP1014,0.00992232275206903
2014-07-31,JP1015,0.05747168999074657
2014-07-31,JP1016,0.004242983495781373
2014-07-31,JP1017,0.0007953889194609364
2014-07-31,JP1018,0.023766976931240982
2014-07-31,JP1019,0.0036961259178776803
2014-07-31,JP1020,0.005840516861932274
2014-07-31,JP1021,0.025516890490388022
2014-07-31,JP1022,0.0008879672424934643
2014-07-31,JP1023,0.0013259186880510468
2014-07-31,JP1024,0.0010442397969847804
2014-07-31,JP1025,0.0023356130930087594
2014-07-31,JP1026,0.009368357734420425
2014-07-31,JP1027,0.007846265471377041
2014-07-31,JP1028,0.007166757631703489
2014-07-31,JP1029,0.0013582100926330838
2014-07-31,JP1030,0.0005289024094001676
2014-07-31,JP1031,0.004763302638069871
2014-07-31,JP1032,0.003566865342916941
2014-07-31,JP1033,0.008890698099591315
2014-07-31,JP1034,0.010639775522517178
2014-07-31,JP1035,0.005820368109291827
2014-07-31,JP1036,0.01086374604118079
2014-07-31,JP1037,0.0061967508787536775
2014-07-31,JP1038,0.00899645424570896
2014-07-31,JP1039,0.002462377952520104
2014-07-31,JP1040,0.0038122646032447954
2014-07-31,JP1041,0.0054444908279475115
2014-07-31,JP1042,0.010464746772428292
2014-07-31,JP1043,0.0034251982731629805
2014-07-31,JP1044,0.008340798707507539
2014-07-31,JP1045,0.003889897841251169
2014-07-31,JP1046,0.004642376695744678
2014-07-31,JP1047,0.010691769687590091
2014-07-31,JP1048,0.0007836388257363489
2014-07-31,JP1049,0.0013223942206996946
2014-07-31,JP1050,0.001080214045807938
2014-07-31,JP1051,0.0005052559289243574
2014-07-31,JP1052,0.002097553881756463
2014-07-31,JP1053,0.009709140513065742
2014-07-31,JP1054,0.004120236322182488
2014-07-31,JP1055,0.00508723874450403
2014-07-31,JP1056,0.016504981169155847
2014-07-31,JP1057,0.021790783319472318
2014-07-31,JP1058,0.004466494351286135
2014-07-31,JP1059,0.019795496736752117
2014-07-31,JP1060,0.006090454289410981
2014-07-31,JP1061,0.002051579871477869
2014-07-31,JP1062,0.002989375515321382
2014-07-31,JP1063,0.001056578561969043
2014-07-31,JP1064,0.0019479805584639192
2014-07-31,JP1065,0.00320507975133827
2014-07-31,JP1066,0.011479203962951948
2014-07-31,JP1067,0.031163702757215285
2014-07-31,JP1068,0.0012239636664713208
2014-07-31,JP1069,0.006477857741458533
2014-07-31,JP1070,0.0015743975428055808
2014-07-31,JP1071,0.008304888676521837
2014-07-31,JP1072,0.005238380044038226
2014-07-31,JP1073,0.0008279139807859794
2014-07-31,JP1074,0.012088984239174214
2014-07-31,JP1075,0.0029279572390977634
2014-07-31,JP1076,0.0028429356732520865
2014-07-31,JP1077,0.0016406727562682168
2014-07-31,JP1078,0.002345639612863819
2014-07-31,JP1079,0.008770752732621399
2014-07-31,JP1080,0.0031884094112946664
2014-07-31,JP1081,0.007471794742247395
2014-07-31,JP1082,0.006808927836088642
2014-07-31,JP1083,0.01785555903665013
2014-07-31,JP1084,0.004175076463434713
2014-07-31,JP1085,0.0010559241783666485
2014-07-31,JP1086,0.013489381348383211
2014-07-31,JP1087,0.0035189396625263875
2014-07-31,JP1088,0.015778756201941697
2014-07-31,JP1089,0.006971837660810024
2014-07-31,JP1090,0.0037216379656632628
2014-07-31,JP1091,0.006455247616240648
2014-07-31,JP1092,0.03971914263631652
2014-07-31,JP1093,0.03993070256954046
2014-07-31,JP1094,0.005568786526937823
2014-07-31,JP1095,0.005678776363607785
2014-07-31,JP1096,0.013639605037920733
2014-07-31,JP1097,0.002521321629520121
2014-07-31,JP1098,0.006800108003312453
2014-07-31,JP1099,0.0046296787075671125
2014-07-31,JP1100,0.007585281736976517
2014-07-31,JP1101,0.002007886077980736
2014-07-31,JP1102,0.0009547049685339177
2014-07-31,JP1103,0.0006254577735878766
2014-07-31,JP1104,0.0016247114087622402
2014-07-31,JP1105,0.0032219061544274414
2014-07-31,JP1106,0.004566114526606379
2014-07-31,JP1107,0.035642662138159135
2014-07-31,JP1108,0.011832799352036422
2014-07-31,JP1109,0.0019605520387011408
2014-07-31,JP1110,0.007058155522129757
2014-07-31,JP1111,0.003319964446772749
2014-07-31,JP1112,0.003830204518612353
2014-07-31,JP1113,0.005960444916024561
2014-07-31,JP1114,0.00917605354969228
2014-07-31,JP1115,0.0037611819073743776
2014-07-31,JP1116,0.013630783955937881
2014-07-31,JP1117,0.0014419270502199584
2014-07-31,JP1118,0.0067625802810540704
2014-07-31,JP1119,0.06210181963497457
2014-08-31,JP1000,0.004429499591721962
2014-08-31,JP1001,0.008183092075158084
2014-08-31,JP1002,0.016740620675033163
2014-08-31,JP1003,0.001848515308042723
2014-08-31,JP1004,0.004284808387107604
2014-08-31,JP1005,0.02439132866153621
2014-08-31,JP1006,0.002271976587581578
2014-08-31,JP1007,0.002030901793482248
2014-08-31,JP1008,0.005261304496709262
2014-08-31,JP1009,0.010195393958233052
2014-08-31,JP1010,0.004739090475509688
2014-08-31,JP1011,0.017205778870094376
2014-08-31,JP1012,0.01245573712282173
2014-08-31,JP1013,0.010548077109955416
2014-08-31,JP1014,0.006513087184255322
2014-08-31,JP1015,0.047338580453004354
2014-08-31,JP1016,0.003981728577267455
2014-08-31,JP1017,0.0006505067878200569
2014-08-31,JP1018,0.02967397870779954
2014-08-31,JP1019,0.003049598698368613
2014-08-31,JP1020,0.0062341141073127505
2014-08-31,JP1021,0.018948336033897534
2014-08-31,JP1022,0.0010279573531572531
2014-08-31,JP1023,0.0013483457241822358
2014-08-31,JP1024,0.001027272767691979
2014-08-31,JP1025,0.002145596906653349
2014-08-31,JP1026,0.00809059868955451
2014-08-31,JP1027,0.008453889016183951
2014-08-31,JP1028,0.006146452465778368
2014-08-31,JP1029,0.0013777989259278385
2014-08-31,JP1030,0.0005308075811714927
2014-08-31,JP1031,0.0051738185135192126
2014-08-31,JP1032,0.0032440967678710668
2014-08-31,JP1033,0.008045132209922064
2014-08-31,JP1034,0.009480700700003815
2014-08-31,JP1035,0.005926031409971884
2014-08-31,JP1036,0.010299502616795958
2014-08-31,JP1037,0.005863705168492875
2014-08-31,JP1038,0.007402750846284739
2014-08-31,JP1039,0.0024437401066637054
2014-08-31,JP1040,0.00453193656832487
2014-08-31,JP1041,0.005820428333532377
2014-08-31,JP1042,0.014979206996076406
2014-08-31,JP1043,0.003776852865877932
2014-08-31,JP1044,0.00983221228773173
2014-08-31,JP1045,0.004253529903916731
2014-08-31,JP1046,0.005483853376299787
2014-08-31,JP1047,0.01085778721499891
2014-08-31,JP1048,0.0005406028273793441
2014-08-31,JP1049,0.0013404143808962762
2014-08-31,JP1050,0.0012308440513531837
2014-08-31,JP1051,0.0005043924072033441
2014-08-31,JP1052,0.0026733878225019864
2014-08-31,JP1053,0.012373889840076317
2014-08-31,JP1054,0.004004366479482148
2014-08-31,JP1055,0.006764883694557436
2014-08-31,JP1056,0.013864407117557657
2014-08-31,JP1057,0.01732603802058287
2014-08-31,JP1058,0.005620030843845853
2014-08-31,JP1059,0.020040189607562816
2014-08-31,JP1060,0.005279690267992795
2014-08-31,JP1061,0.0020844937528090124
2014-08-31,JP1062,0.002650507232521307
2014-08-31,JP1063,0.0010861412525661296
2014-08-31,JP1064,0.0018544998935544905
2014-08-31,JP1065,0.0030833139188479615
2014-08-31,JP1066,0.011225054357506977
2014-08-31,JP1067,0.02699201114428009
2014-08-31,JP1068,0.00143705820056007
2014-08-31,JP1069,0.007816202541673936
2014-08-31,JP1070,0.001859023822594402
2014-08-31,JP1071,0.007648034924684641
2014-08-31,JP1072,0.004440976133985083
2014-08-31,JP1073,0.0008515117149648258
2014-08-31,JP1074,0.013929101158014979
2014-08-31,JP1075,0.00277229029281546
2014-08-31,JP1076,0.0033470381957558903
2014-08-31,JP1077,0.0017596417094398716
2014-08-31,JP1078,0.0028836738677020684
2014-08-31,JP1079,0.007485508222611263
2014-08-31,JP1080,0.003537996183250706
2014-08-31,JP1081,0.007312327303234196
2014-08-31,JP1082,0.00791308687065281
2014-08-31,JP1083,0.020333302990873256
2014-08-31,JP1084,0.0037942858443138897
2014-08-31,JP1085,0.0011301463991493118
2014-08-31,JP1086,0.013744125355864919
2014-08-31,JP1087,0.0038874303049214127
2014-08-31,JP1088,0.01630221324896476
2014-08-31,JP1089,0.007108924017237077
2014-08-31,JP1090,0.005022202503795718
2014-08-31,JP1091,0.006649575626945596
2014-08-31,JP1092,0.03401235757910601
2014-08-31,JP1093,0.04816760717560868
2014-08-31,JP1094,0.005991267685941457
2014-08-31,JP1095,0.005803454578762686
2014-08-31,JP1096,0.015472154477285725
2014-08-31,JP1097,0.002234197015274911
2014-08-31,JP1098,0.005433441248657921
2014-08-31,JP1099,0.004561052697698304
2014-08-31,JP1100,0.0069788716172739995
2014-08-31,JP1101,0.0021490668849637965
2014-08-31,JP1102,0.0010716574382585505
2014-08-31,JP1103,0.0007218257518436688
2014-08-31,JP1104,0.0016234053373309072
2014-08-31,JP1105,0.002914280405034793
2014-08-31,JP1106,0.003948584948113085
2014-08-31,JP1107,0.034419818704567694
2014-08-31,JP1108,0.015248036099016279
2014-08-31,JP1109,0.001901789350259596
2014-08-31,JP1110,0.009078926211684862
2014-08-31,JP1111,0.0027262172676372886
2014-08-31,JP1112,0.0037093863780570378
2014-08-31,JP1113,0.00616581571291201
2014-08-31,JP1114,0.008803246397757852
2014-08-31,JP1115,0.003993978268218726
2014-08-31,JP1116,0.016106791174756024
2014-08-31,JP1117,0.0016279963190496385
2014-08-31,JP1118,0.0050195253697288555
2014-08-31,JP1119,0.06807035057881768
2014-09-30,JP1000,0.0035062091468710485
2014-09-30,JP1001,0.00850284091786504
2014-09-30,JP1002,0.015028854481166637
2014-09-30,JP1003,0.0015782268341166356
2014-09-30,JP1004,0.004456923504664508
2014-09-30,JP1005,0.024610519640586033
2014-09-30,JP1006,0.0025045261564323735
2014-09-30,JP1007,0.0022531742907026535
2014-09-30,JP1008,0.006900468621670267
2014-09-30,JP1009,0.010925305112222021
2014-09-30,JP1010,0.005125928226270473
2014-09-30,JP1011,0.019047644623671395
2014-09-30,JP1012,0.011580069841196599
2014-09-30,JP1013,0.011275218239635435
2014-09-30,JP1014,0.008856671799301202
2014-09-30,JP1015,0.051980132354240816
2014-09-30,JP1016,0.0037052964624377186
2014-09-30,JP1017,0.0007381745420089341
2014-09-30,JP1018,0.02279140671061877
2014-09-30,JP1019,0.0031275343612437046
2014-09-30,JP1020,0.005463666707920462
2014-09-30,JP1021,0.019397200890123756
2014-09-30,JP1022,0.0008233266877973435
2014-09-30,JP1023,0.0015796629364274398
2014-09-30,JP1024,0.0009519819101054215
2014-09-30,JP1025,0.0025795830180766503
2014-09-30,JP1026,0.007475177307662291
2014-09-30,JP1027,0.008491547099044951
2014-09-30,JP1028,0.008064087071711992
2014-09-30,JP1029,0.0011963413455030574
2014-09-30,JP1030,0.0005675362116163789
2014-09-30,JP1031,0.005354973843918635
2014-09-30,JP1032,0.0032855483877346045
2014-09-30,JP1033,0.00805384289817173
2014-09-30,JP1034,0.011095132674641088
2014-09-30,JP1035,0.005416533289307613
2014-09-30,JP1036,0.00979131686362965
2014-09-30,JP1037,0.005960303964882793
2014-09-30,JP1038,0.008669433676410829
2014-09-30,JP1039,0.0024424767454564143
2014-09-30,JP1040,0.004532092708304116
2014-09-30,JP1041,0.007007752191155391
2014-09-30,JP1042,0.01040943251000572
2014-09-30,JP1043,0.003166515190238327
2014-09-30,JP1044,0.00736921390774413
2014-09-30,JP1045,0.00474440596611619
2014-09-30,JP1046,0.004630628055814917
2014-09-30,JP1047,0.012149244655080405
2014-09-30,JP1048,0.0006021109887101461
2014-09-30,JP1049,0.0013815117886134271
2014-09-30,JP1050,0.0012074456878383506
2014-09-30,JP1051,0.00047753197240672486
2014-09-30,JP1052,0.002855005723533148
2014-09-30,JP1053,0.013468919040697337
2014-09-30,JP1054,0.0034562264634952224
2014-09-30,JP1055,0.005558615591161579
2014-09-30,JP1056,0.013752348584558642
2014-09-30,JP1057,0.022377897965559
2014-09-30,JP1058,0.005232375191489973
2014-09-30,JP1059,0.019294128625043715
2014-09-30,JP1060,0.005559734472585367
2014-09-30,JP1061,0.002015193335775366
2014-09-30,JP1062,0.0030476478278173846
2014-09-30,JP1063,0.0011065433203604094
2014-09-30,JP1064,0.0020251144507282197
2014-09-30,JP1065,0.003753279588063093
2014-09-30,JP1066,0.011073482110898926
2014-09-30,JP1067,0.027578623377821705
2014-09-30,JP1068,0.0012695261628008678
2014-09-30,JP1069,0.0081021603432242
2014-09-30,JP1070,0.002104069010299355
2014-09-30,JP1071,0.008610767346774373
2014-09-30,JP1072,0.004801903958051852
2014-09-30,JP1073,0.0007936414400744841
2014-09-30,JP1074,0.011908887031576146
2014-09-30,JP1075,0.002945167336207894
2014-09-30,JP1076,0.003013166652002598
2014-09-30,JP1077,0.0015034349388097336
2014-09-30,JP1078,0.0025413043846740212
2014-09-30,JP1079,0.007685753834603324
2014-09-30,JP1080,0.003972825672744176
2014-09-30,JP1081,0.00813847883509272
2014-09-30,JP1082,0.007611600637030115
2014-09-30,JP1083,0.021709433136407257
2014-09-30,JP1084,0.0036815140743751058
2014-09-30,JP1085,0.0011630532884606619
2014-09-30,JP1086,0.013374238550124219
2014-09-30,JP1087,0.0036308707906544803
2014-09-30,JP1088,0.015420002999628108
2014-09-30,JP1089,0.006465196785142508
2014-09-30,JP1090,0.004198290624752831
2014-09-30,JP1091,0.006932464375398793
2014-09-30,JP1092,0.03704480922548007
2014-09-30,JP1093,0.04221954501232262
2014-09-30,JP1094,0.005109068063094226
2014-09-30,JP1095,0.006214251473980173
2014-09-30,JP1096,0.014553041215886207
2014-09-30,JP1097,0.0016276620992034224
2014-09-30,JP1098,0.0067151615981948486
2014-09-30,JP1099,0.005483829888294726
2014-09-30,JP1100,0.00584446676387101
2014-09-30,JP1101,0.002220357101791112
2014-09-30,JP1102,0.0012077104216856275
2014-09-30,JP1103,0.0005890306815480829
2014-09-30,JP1104,0.0016530110780016536
2014-09-30,JP1105,0.002803001521115301
2014-09-30,JP1106,0.004433987326946117
2014-09-30,JP1107,0.034766894455480195
2014-09-30,JP1108,0.015339386163256032
2014-09-30,JP1109,0.002210252264233893
2014-09-30,JP1110,0.007641730000754813
2014-09-30,JP1111,0.0030806068780954475
2014-09-30,JP1112,0.003563260851241698
2014-09-30,JP1113,0.006389055864166244
2014-09-30,JP1114,0.008815634007629795
2014-09-30,JP1115,0.002911839204056296
2014-09-30,JP1116,0.014560249496773084
2014-09-30,JP1117,0.0013907014126200174
2014-09-30,JP1118,0.005975901488882888
2014-09-30,JP1119,0.06906998154380244
2014-10-31,JP1000,0.0036432169564353852
2014-10-31,JP1001,0.008129095566487228
2014-10-31,JP1002,0.012663034777166128
2014-10-31,JP1003,0.0019622182763739063
2014-10-31,JP1004,0.006193673565674488
2014-10-31,JP1005,0.017847422535650703
2014-10-31,JP1006,0.0025952187333251964
2014-10-31,JP1007,0.0018676015774251385
2014-10-31,JP1008,0.006505867105849771
2014-10-31,JP1009,0.011604921687340316
2014-10-31,JP1010,0.0052180595819852705
2014-10-31,JP1011,0.0175580630981399
2014-10-31,JP1012,0.012969097482547673
2014-10-31,JP1013,0.010223669799257344
2014-10-31,JP1014,0.010034222947348409
2014-10-31,JP1015,0.05012146638469903
2014-10-31,JP1016,0.00360488748987726
2014-10-31,JP1017,0.0008054877436241868
2014-10-31,JP1018,0.025159647304430176
2014-10-31,JP1019,0.003899254899521552
2014-10-31,JP1020,0.006409218692546395
2014-10-31,JP1021,0.017417186206544404
2014-10-31,JP1022,0.001017107481396921
2014-10-31,JP1023,0.0014742920334607694
2014-10-31,JP1024,0.0011961088944687278
2014-10-31,JP1025,0.002404487537428381
2014-10-31,JP1026,0.008044488395081335
2014-10-31,JP1027,0.008431049005778889
2014-10-31,JP1028,0.006678809767359916
2014-10-31,JP1029,0.001412575511482677
2014-10-31,JP1030,0.0005055989139660168
2014-10-31,JP1031,0.005168462087253415
2014-10-31,JP1032,0.00300264800353566
2014-10-31,JP1033,0.007627274504801632
2014-10-31,JP1034,0.008930437126334956
2014-10-31,JP1035,0.005424497229906626
2014-10-31,JP1036,0.012650496081478217
2014-10-31,JP1037,0.006273113268409299
2014-10-31,JP1038,0.009283393787921982
2014-10-31,JP1039,0.00196437160980831
2014-10-31,JP1040,0.004503888048249486
2014-10-31,JP1041,0.006100447588253062
2014-10-31,JP1042,0.01102434258988018
2014-10-31,JP1043,0.003497596928787843
2014-10-31,JP1044,0.008160504946351035
2014-10-31,JP1045,0.0031565985306155286
2014-10-31,JP1046,0.004964953560997156
2014-10-31,JP1047,0.011959693433575115
2014-10-31,JP1048,0.0006725133616102503
2014-10-31,JP1049,0.0012644414107258054
2014-10-31,JP1050,0.000998551218835498
2014-10-31,JP1051,0.0005048441396247314
2014-10-31,JP1052,0.0030367898079840683
2014-10-31,JP1053,0.010995343497807274
2014-10-31,JP1054,0.003335294863824152
2014-10-31,JP1055,0.006347259037223236
2014-10-31,JP1056,0.015053409612734896
2014-10-31,JP1057,0.020943153944382394
2014-10-31,JP1058,0.005049335752138495
2014-10-31,JP1059,0.014624891196712998
2014-10-31,JP1060,0.005896578080318434
2014-10-31,JP1061,0.0019936659952370615
2014-10-31,JP1062,0.002437927007343847
2014-10-31,JP1063,0.00113693661290279
2014-10-31,JP1064,0.0021829661571967224
2014-10-31,JP1065,0.0030211307090607566
2014-10-31,JP1066,0.012204002582620308
2014-10-31,JP1067,0.030717269882259004
2014-10-31,JP1068,0.0012843303083052997
2014-10-31,JP1069,0.0069156462888907404
2014-10-31,JP1070,0.0016310754423050032
2014-10-31,JP1071,0.00907035695583114
2014-10-31,JP1072,0.0038401537238598325
2014-10-31,JP1073,0.0009077943050117339
2014-10-31,JP1074,0.012673312354600525
2014-10-31,JP1075,0.0027542279148038457
2014-10-31,JP1076,0.0025168605427399815
2014-10-31,JP1077,0.0017216742922633965
2014-10-31,JP1078,0.002814533679585024
2014-10-31,JP1079,0.006834414122928322
2014-10-31,JP1080,0.004429738545228769
2014-10-31,JP1081,0.007136943083025236
2014-10-31,JP1082,0.006856983417286004
2014-10-31,JP1083,0.02077707637442888
2014-10-31,JP1084,0.00289999638264719
2014-10-31,JP1085,0.001203858211503044
2014-10-31,JP1086,0.017407258071125076
2014-10-31,JP1087,0.004221655962298778
2014-10-31,JP1088,0.016139899467162724
2014-10-31,JP1089,0.007249484428011864
2014-10-31,JP1090,0.004191268914040905
2014-10-31,JP1091,0.007002061684489471
2014-10-31,JP1092,0.0378304601542078
2014-10-31,JP1093,0.03748637246131692
2014-10-31,JP1094,0.005887578745757454
2014-10-31,JP1095,0.00739813515602155
2014-10-31,JP1096,0.014846633680132629
2014-10-31,JP1097,0.001910988799732599
2014-10-31,JP1098,0.006210970819550194
2014-10-31,JP1099,0.00536295443940281
2014-10-31,JP1100,0.00692858017287915
2014-10-31,JP1101,0.002415812334765199
2014-10-31,JP1102,0.0009849054809565922
2014-10-31,JP1103,0.0006961432896896059
2014-10-31,JP1104,0.0016396901434364256
2014-10-31,JP1105,0.002991561903962902
2014-10-31,JP1106,0.0036489150720004364
2014-10-31,JP1107,0.031351027582032676
2014-10-31,JP1108,0.01877733660976451
2014-10-31,JP1109,0.001927053244248794
2014-10-31,JP1110,0.007689695445061065
2014-10-31,JP1111,0.003212200344048427
2014-10-31,JP1112,0.0034492771838076693
2014-10-31,JP1113,0.005987409906630029
2014-10-31,JP1114,0.010559349623567799
2014-10-31,JP1115,0.003443159999964127
2014-10-31,JP1116,0.013524727178070886
2014-10-31,JP1117,0.0016509147292860084
2014-10-31,JP1118,0.005386859918954765
2014-10-31,JP1119,0.08061460695900252
2014-11-30,JP1000,0.004807002985861861
2014-11-30,JP1001,0.00887351193341889
2014-11-30,JP1002,0.01331628538701801
2014-11-30,JP1003,0.0017506153017190884
2014-11-30,JP1004,0.004210911395754405
2014-11-30,JP1005,0.0213669369474527
2014-11-30,JP1006,0.0028365452586502724
2014-11-30,JP1007,0.001998424924384683
2014-11-30,JP1008,0.005602019243984333
2014-11-30,JP1009,0.013742704294210099
2014-11-30,JP1010,0.0054135967225990645
2014-11-30,JP1011,0.023477215971613927
2014-11-30,JP1012,0.011322398377854181
2014-11-30,JP1013,0.011816312392814544
2014-11-30,JP1014,0.008191373672099742
2014-11-30,JP1015,0.052301027627942254
2014-11-30,JP1016,0.0034296610731070574
2014-11-30,JP1017,0.0007261533692800079
2014-11-30,JP1018,0.025832530563606633
2014-11-30,JP1019,0.0031631801723248326
2014-11-30,JP1020,0.005386397608540988
2014-11-30,JP1021,0.017032241190452095
2014-11-30,JP1022,0.0010893100917826182
2014-11-30,JP1023,0.0012792533529253883
2014-11-30,JP1024,0.0010670997522519588
2014-11-30,JP1025,0.002796424541830432
2014-11-30,JP1026,0.009054134980324043
2014-11-30,JP1027,0.007306087106723866
2014-11-30,JP1028,0.006281653083381551
2014-11-30,JP1029,0.0012768702831791332
2014-11-30,JP1030,0.0004955441504038268
2014-11-30,JP1031,0.004615618211386884
2014-11-30,JP1032,0.0032601994154585093
2014-11-30,JP1033,0.00795194763812529
2014-11-30,JP1034,0.01228549096132568
2014-11-30,JP1035,0.005629110091369093
2014-11-30,JP1036,0.012085014648695212
2014-11-30,JP1037,0.005570781426928532
2014-11-30,JP1038,0.007708291580998788
2014-11-30,JP1039,0.0026711944595324607
2014-11-30,JP1040,0.004682323525884741
2014-11-30,JP1041,0.005562622259208302
2014-11-30,JP1042,0.011449762855212646
2014-11-30,JP1043,0.002953921804809297
2014-11-30,JP1044,0.008315141047223267
2014-11-30,JP1045,0.004190777547996566
2014-11-30,JP1046,0.004280178803086051
2014-11-30,JP1047,0.011241905671411423
2014-11-30,JP1048,0.0006120097235154132
2014-11-30,JP1049,0.0012888168577005169
2014-11-30,JP1050,0.0013615973009390204
2014-11-30,JP1051,0.0004910099786432552
2014-11-30,JP1052,0.0023083606229790028
2014-11-30,JP1053,0.010308713486011674
2014-11-30,JP1054,0.0032233009489512562
2014-11-30,JP1055,0.005536745731692451
2014-11-30,JP1056,0.017120631778804532
2014-11-30,JP1057,0.0186990120743039
2014-11-30,JP1058,0.005668745750635662
2014-11-30,JP1059,0.019280301135171894
2014-11-30,JP1060,0.005493478114164696
2014-11-30,JP1061,0.00232036382478607
2014-11-30,JP1062,0.002124154183749289
2014-11-30,JP1063,0.0011676465440175982
2014-11-30,JP1064,0.0020585468059172267
2014-11-30,JP1065,0.004078054366258698
2014-11-30,JP1066,0.01236766939955034
2014-11-30,JP1067,0.025089099401024117
2014-11-30,JP1068,0.0014291289729594966
2014-11-30,JP1069,0.00725454970882431
2014-11-30,JP1070,0.0016226222940587027
2014-11-30,JP1071,0.008243625342678303
2014-11-30,JP1072,0.0043217880458722305
2014-11-30,JP1073,0.0009398579876872047
2014-11-30,JP1074,0.013162764823507407
2014-11-30,JP1075,0.0028027413216151057
2014-11-30,JP1076,0.003225852551277336
2014-11-30,JP1077,0.0019243101750710768
2014-11-30,JP1078,0.002826700230681315
2014-11-30,JP1079,0.008889489202701972
2014-11-30,JP1080,0.004422285760219513
2014-11-30,JP1081,0.007102593159797653
2014-11-30,JP1082,0.00817329279470228
2014-11-30,JP1083,0.018664155083285085
2014-11-30,JP1084,0.0035807465176401904
2014-11-30,JP1085,0.0013638787701316614
2014-11-30,JP1086,0.017192059697812696
2014-11-30,JP1087,0.0036064613263865706
2014-11-30,JP1088,0.014647506105003451
2014-11-30,JP1089,0.008539711846368085
2014-11-30,JP1090,0.004777594169469536
2014-11-30,JP1091,0.00735490047132364
2014-11-30,JP1092,0.03425587529621911
2014-11-30,JP1093,0.041478822231473034
2014-11-30,JP1094,0.005377604912655601
2014-11-30,JP1095,0.005522273148270147
2014-11-30,JP1096,0.014942017230471623
2014-11-30,JP1097,0.0022164663071918395
2014-11-30,JP1098,0.006756896373692633
2014-11-30,JP1099,0.005363155546905969
2014-11-30,JP1100,0.007828917523075732
2014-11-30,JP1101,0.0024076562544947627
2014-11-30,JP1102,0.0009978428006605475
2014-11-30,JP1103,0.0006822436115814892
2014-11-30,JP1104,0.0016577227598675473
2014-11-30,JP1105,0.002808871832374264
2014-11-30,JP1106,0.0040112950872806035
2014-11-30,JP1107,0.03540585241418291
2014-11-30,JP1108,0.019695318590397068
2014-11-30,JP1109,0.0022225801980594044
2014-11-30,JP1110,0.0076435050223182775
2014-11-30,JP1111,0.0034310681138727864
2014-11-30,JP1112,0.0038460290092718107
2014-11-30,JP1113,0.005473889978185602
2014-11-30,JP1114,0.007848364739387385
2014-11-30,JP1115,0.003282214698805186
2014-11-30,JP1116,0.014499477775600539
2014-11-30,JP1117,0.0013002293193637628
2014-11-30,JP1118,0.0047919608241544604
2014-11-30,JP1119,0.06588726830614926
2014-12-31,JP1000,0.005018387777332907
2014-12-31,JP1001,0.0076169658884709624
2014-12-31,JP1002,0.012610780923416259
2014-12-31,JP1003,0.0021068571749571566
2014-12-31,JP1004,0.004430624392806209
2014-12-31,JP1005,0.02051338884162972
2014-12-31,JP1006,0.002075791846269117
2014-12-31,JP1007,0.002145336020718951
2014-12-31,JP1008,0.005512317332072414
2014-12-31,JP1009,0.01138442087030017
2014-12-31,JP1010,0.0056746543415651315
2014-12-31,JP1011,0.01894544053653372
2014-12-31,JP1012,0.01271148663815523
2014-12-31,JP1013,0.011241691523343762
2014-12-31,JP1014,0.009122794134564764
2014-12-31,JP1015,0.06470806889425214
2014-12-31,JP1016,0.00409649785482014
2014-12-31,JP1017,0.0007298351263250762
2014-12-31,JP1018,0.0221501520798938
2014-12-31,JP1019,0.0038360910979124327
2014-12-31,JP1020,0.005530634269422483
2014-12-31,JP1021,0.02142903489966067
2014-12-31,JP1022,0.0010362051577743284
2014-12-31,JP1023,0.0015835251129352698
2014-12-31,JP1024,0.0011229577237230988
2014-12-31,JP1025,0.00224962244436171
2014-12-31,JP1026,0.009015722279582455
2014-12-31,JP1027,0.008153376044105
2014-12-31,JP1028,0.007420232010396906
2014-12-31,JP1029,0.0012193968000621625
2014-12-31,JP1030,0.0005352587960226519
2014-12-31,JP1031,0.0052503619063035
2014-12-31,JP1032,0.0032653412910165765
2014-12-31,JP1033,0.007404286765752375
2014-12-31,JP1034,0.010770943031558516
2014-12-31,JP1035,0.006006264087224684
2014-12-31,JP1036,0.01055142005860492
2014-12-31,JP1037,0.006513332962960543
2014-12-31,JP1038,0.008967508486851941
2014-12-31,JP1039,0.0024201602461902593
2014-12-31,JP1040,0.004295875825896215
2014-12-31,JP1041,0.005733714790553685
2014-12-31,JP1042,0.014957973511660307
2014-12-31,JP1043,0.0039052172572480223
2014-12-31,JP1044,0.009012562071923013
2014-12-31,JP1045,0.004488484982511285
2014-12-31,JP1046,0.003798762320738819
2014-12-31,JP1047,0.009243252185429091
2014-12-31,JP1048,0.0006819173926493868
2014-12-31,JP1049,0.0012408715320619728
2014-12-31,JP1050,0.0011552268986399048
2014-12-31,JP1051,0.0005153506520816432
2014-12-31,JP1052,0.002897706996256953
2014-12-31,JP1053,0.00983306046437374
2014-12-31,JP1054,0.004076430491046864
2014-12-31,JP1055,0.006355825378858016
2014-12-31,JP1056,0.01602437741687191
2014-12-31,JP1057,0.01865010284961031
2014-12-31,JP1058,0.005580722804532588
2014-12-31,JP1059,0.019952964889988527
2014-12-31,JP1060,0.006818827964614525
2014-12-31,JP1061,0.0020827843626137657
2014-12-31,JP1062,0.003095734218805886
2014-12-31,JP1063,0.0011777894840093528
2014-12-31,JP1064,0.002073493007137343
2014-12-31,JP1065,0.0038781474162795588
2014-12-31,JP1066,0.011288792225461785
2014-12-31,JP1067,0.022302884526318678
2014-12-31,JP1068,0.0009623995286492184
2014-12-31,JP1069,0.008760144567006217
2014-12-31,JP1070,0.002080534080525791
2014-12-31,JP1071,0.010110494124808876
2014-12-31,JP1072,0.004559911648869871
2014-12-31,JP1073,0.0007334274596732636
2014-12-31,JP1074,0.012635133806242052
2014-12-31,JP1075,0.0028470531085421024
2014-12-31,JP1076,0.0027608501641999674
2014-12-31,JP1077,0.002106963443429605
2014-12-31,JP1078,0.0033865433312582527
2014-12-31,JP1079,0.008380111621343193
2014-12-31,JP1080,0.004305150118487283
2014-12-31,JP1081,0.006355420228102354
2014-12-31,JP1082,0.00872949888880857
2014-12-31,JP1083,0.01965703049282915
2014-12-31,JP1084,0.0035910338189666627
2014-12-31,JP1085,0.001247825349231971
2014-12-31,JP1086,0.014279057984732274
2014-12-31,JP1087,0.003793701034369412
2014-12-31,JP1088,0.013742434892955587
2014-12-31,JP1089,0.00851840022093164
2014-12-31,JP1090,0.0045202354775479466
2014-12-31,JP1091,0.008287917271248448
2014-12-31,JP1092,0.03591092856240182
2014-12-31,JP1093,0.04099717991517849
2014-12-31,JP1094,0.00494458043868206
2014-12-31,JP1095,0.006594981719056728
2014-12-31,JP1096,0.013996382252289928
2014-12-31,JP1097,0.0021293983041913702
2014-12-31,JP1098,0.007266812973071791
2014-12-31,JP1099,0.005136656051025877
2014-12-31,JP1100,0.006010099120714516
2014-12-31,JP1101,0.002211549345268461
2014-12-31,JP1102,0.0011503868212972353
2014-12-31,JP1103,0.0006308579782661927
2014-12-31,JP1104,0.0016657665955089147
2014-12-31,JP1105,0.0033458074137543083
2014-12-31,JP1106,0.0038357120679190365
2014-12-31,JP1107,0.03260032754769383
2014-12-31,JP1108,0.015681810614939194
2014-12-31,JP1109,0.0021978045367803136
2014-12-31,JP1110,0.006637488017749508
2014-12-31,JP1111,0.0033388161508608755
2014-12-31,JP1112,0.0034130821971170076
2014-12-31,JP1113,0.006886800221417091
2014-12-31,JP1114,0.009583836867574044
2014-12-31,JP1115,0.003407109494846346
2014-12-31,JP1116,0.01522929409745733
2014-12-31,JP1117,0.0014738005550685425
2014-12-31,JP1118,0.004726250740130452
2014-12-31,JP1119,0.0604491851489558
2015-01-31,JP1000,0.004668091697887411
2015-01-31,JP1001,0.007474478084006202
2015-01-31,JP1002,0.01162823914890856
2015-01-31,JP1003,0.0016601392485578424
2015-01-31,JP1004,0.003908292807067216
2015-01-31,JP1005,0.023240842703846788
2015-01-31,JP1006,0.0025774309050481726
2015-01-31,JP1007,0.0023243825337529536
2015-01-31,JP1008,0.005833489565111433
2015-01-31,JP1009,0.01229410901022086
2015-01-31,JP1010,0.004975193438552433
2015-01-31,JP1011,0.017377698130025775
2015-01-31,JP1012,0.013079375451455677
2015-01-31,JP1013,0.012983410981763881
2015-01-31,JP1014,0.009865616896972967
2015-01-31,JP1015,0.04974290609264071
2015-01-31,JP1016,0.0047247949557482315
2015-01-31,JP1017,0.0006617741825521247
2015-01-31,JP1018,0.027375655023869423
2015-01-31,JP1019,0.003099556153216141
2015-01-31,JP1020,0.005615506842712663
2015-01-31,JP1021,0.014991487216667737
2015-01-31,JP1022,0.0010076277033302518
2015-01-31,JP1023,0.001488116765193449
2015-01-31,JP1024,0.0009977692150441374
2015-01-31,JP1025,0.0027774469398229498
2015-01-31,JP1026,0.0071237880929970465
2015-01-31,JP1027,0.00823076811215836
2015-01-31,JP1028,0.006207986078209568
2015-01-31,JP1029,0.0011863792718255896
2015-01-31,JP1030,0.000567274192012763
2015-01-31,JP1031,0.0063104461975280425
2015-01-31,JP1032,0.002998746377782048
2015-01-31,JP1033,0.007592300483098965
2015-01-31,JP1034,0.00926543105133424
2015-01-31,JP1035,0.006745796652066812
2015-01-31,JP1036,0.012333056133476588
2015-01-31,JP1037,0.006415152794549921
2015-01-31,JP1038,0.007617927933347492
2015-01-31,JP1039,0.0022360481802452654
2015-01-31,JP1040,0.004381982086533287
2015-01-31,JP1041,0.006631025782086739
2015-01-31,JP1042,0.009525416212488686
2015-01-31,JP1043,0.0033675229981208967
2015-01-31,JP1044,0.010206721426788806
2015-01-31,JP1045,0.003866926128586414
2015-01-31,JP1046,0.005319989149282485
2015-01-31,JP1047,0.012609787232442875
2015-01-31,JP1048,0.0006303760649813514
2015-01-31,JP1049,0.0013693143835121929
2015-01-31,JP1050,0.0011560335596809796
2015-01-31,JP1051,0.00045438171390763604
2015-01-31,JP1052,0.0023745272844645938
2015-01-31,JP1053,0.0126817047113586
2015-01-31,JP1054,0.0035163710061540247
2015-01-31,JP1055,0.006998412317715501
2015-01-31,JP1056,0.014667272788227258
2015-01-31,JP1057,0.019398035950346885
2015-01-31,JP1058,0.005089075223522989
2015-01-31,JP1059,0.018798548215436427
2015-01-31,JP1060,0.005983266832000628
2015-01-31,JP1061,0.001818493531179256
2015-01-31,JP1062,0.002973144088803132
2015-01-31,JP1063,0.0009163655672583562
2015-01-31,JP1064,0.0020734856822918002
2015-01-31,JP1065,0.00392535672497857
2015-01-31,JP1066,0.012254144079371514
2015-01-31,JP1067,0.02530440282412164
2015-01-31,JP1068,0.0011513114305178724
2015-01-31,JP1069,0.007127851710994999
2015-01-31,JP1070,0.0018554500275152195
2015-01-31,JP1071,0.00676358714084408
2015-01-31,JP1072,0.004516063077363372
2015-01-31,JP1073,0.000852388162191495
2015-01-31,JP1074,0.012680214882987978
2015-01-31,JP1075,0.002967088016410675
2015-01-31,JP1076,0.003091083879444702
2015-01-31,JP1077,0.0016755337726686765
2015-01-31,JP1078,0.0022081331041586823
2015-01-31,JP1079,0.008014732181506128
2015-01-31,JP1080,0.003878691073516195
2015-01-31,JP1081,0.006759016300497841
2015-01-31,JP1082,0.007766999287607919
2015-01-31,JP1083,0.02225228312847307
2015-01-31,JP1084,0.0036453685037878695
2015-01-31,JP1085,0.0012443313144371176
2015-01-31,JP1086,0.012972401048598205
2015-01-31,JP1087,0.003792835179856517
2015-01-31,JP1088,0.015621551586510487
2015-01-31,JP1089,0.00855357644576695
2015-01-31,JP1090,0.004283910429351932
2015-01-31,JP1091,0.007132499644919387
2015-01-31,JP1092,0.04032387111018022
2015-01-31,JP1093,0.04076511828762157
2015-01-31,JP1094,0.004945839009809787
2015-01-31,JP1095,0.007809988900330299
2015-01-31,JP1096,0.013577723924662636
2015-01-31,JP1097,0.002198815004806024
2015-01-31,JP1098,0.007446832768205278
2015-01-31,JP1099,0.005160061638878648
2015-01-31,JP1100,0.006923929553747092
2015-01-31,JP1101,0.0021994443911476764
2015-01-31,JP1102,0.0010273564422488446
2015-01-31,JP1103,0.0005801159974362154
2015-01-31,JP1104,0.002091094118024253
2015-01-31,JP1105,0.0031879409726649423
2015-01-31,JP1106,0.00408185333734582
2015-01-31,JP1107,0.03459867887922497
2015-01-31,JP1108,0.015037793886191976
2015-01-31,JP1109,0.0018821488687379752
2015-01-31,JP1110,0.006251200314593828
2015-01-31,JP1111,0.0033767350179703956
2015-01-31,JP1112,0.0037246951833866276
2015-01-31,JP1113,0.006976363010621599
2015-01-31,JP1114,0.008495619920480538
2015-01-31,JP1115,0.0034662607537267447
2015-01-31,JP1116,0.013654335743082679
2015-01-31,JP1117,0.0019009702909183923
2015-01-31,JP1118,0.0047561943390778665
2015-01-31,JP1119,0.0732555001946975
2015-02-28,JP1000,0.003907674283960879
2015-02-28,JP1001,0.008614299373322467
2015-02-28,JP1002,0.013890591371794863
2015-02-28,JP1003,0.0014994626148022196
2015-02-28,JP1004,0.004867239278977832
2015-02-28,JP1005,0.025036058551232344
2015-02-28,JP1006,0.0019157589111023195
2015-02-28,JP1007,0.002078377269123211
2015-02-28,JP1008,0.006218655354048208
2015-02-28,JP1009,0.012860096121988119
2015-02-28,JP1010,0.004933971830147851
2015-02-28,JP1011,0.017850639107003068
2015-02-28,JP1012,0.013011112749549605
2015-02-28,JP1013,0.011373439188422143
2015-02-28,JP1014,0.009436780545104995
2015-02-28,JP1015,0.047124566486840144
2015-02-28,JP1016,0.003654275751890286
2015-02-28,JP1017,0.0007469907590686907
2015-02-28,JP1018,0.026201044180956035
2015-02-28,JP1019,0.0035638415638246978
2015-02-28,JP1020,0.005424436678171369
2015-02-28,JP1021,0.017572462855352352
2015-02-28,JP1022,0.0011854296223100381
2015-02-28,JP1023,0.001261560972360111
2015-02-28,JP1024,0.0011736998748064248
2015-02-28,JP1025,0.0026490659134814007
2015-02-28,JP1026,0.008687962693034977
2015-02-28,JP1027,0.008098671231848943
2015-02-28,JP1028,0.006239591448961213
2015-02-28,JP1029,0.0012244863506440287
2015-02-28,JP1030,0.0004478421319734593
2015-02-28,JP1031,0.00492575270857251
2015-02-28,JP1032,0.0034177768887125124
2015-02-28,JP1033,0.008676459856093001
2015-02-28,JP1034,0.009330504210252647
2015-02-28,JP1035,0.006310068531354812
2015-02-28,JP1036,0.01149435824509533
2015-02-28,JP1037,0.007511933664268358
2015-02-28,JP1038,0.00923749977065959
2015-02-28,JP1039,0.0028220900253014213
2015-02-28,JP1040,0.004501403589499693
2015-02-28,JP1041,0.0068968302313068865
2015-02-28,JP1042,0.010258531198151571
2015-02-28,JP1043,0.0034225205882573648
2015-02-28,JP1044,0.008615491246375015
2015-02-28,JP1045,0.0038423306594518813
2015-02-28,JP1046,0.004773784599334231
2015-02-28,JP1047,0.012544093522449071
2015-02-28,JP1048,0.0007279362875710335
2015-02-28,JP1049,0.0013800589221421883
2015-02-28,JP1050,0.0010838662461367665
2015-02-28,JP1051,0.000555656711501727
2015-02-28,JP1052,0.0026993250307996383
2015-02-28,JP1053,0.009814544573153757
2015-02-28,JP1054,0.003788764934227067
2015-02-28,JP1055,0.005258012090902783
2015-02-28,JP1056,0.015318288935698716
2015-02-28,JP1057,0.018994340182662387
2015-02-28,JP1058,0.004525410457588009
2015-02-28,JP1059,0.02329733136238043
2015-02-28,JP1060,0.005016859589363556
2015-02-28,JP1061,0.00238579877163314
2015-02-28,JP1062,0.003527408183222337
2015-02-28,JP1063,0.0013014554165967566
2015-02-28,JP1064,0.0021064523457764665
2015-02-28,JP1065,0.0032055040876467662
2015-02-28,JP1066,0.010010872109709275
2015-02-28,JP1067,0.02754738391368649
2015-02-28,JP1068,0.0012037134532125898
2015-02-28,JP1069,0.007079233853184135
2015-02-28,JP1070,0.0017561389608359475
2015-02-28,JP1071,0.00817242179949831
2015-02-28,JP1072,0.004729064750261487
2015-02-28,JP1073,0.0007273172340772394
2015-02-28,JP1074,0.012138297338523568
2015-02-28,JP1075,0.0027602603101903544
2015-02-28,JP1076,0.002953066594389339
2015-02-28,JP1077,0.0021173871901572915
2015-02-28,JP1078,0.0027325474179628402
2015-02-28,JP1079,0.006704804581762894
2015-02-28,JP1080,0.004432069837507823
2015-02-28,JP1081,0.0075347170972363455
2015-02-28,JP1082,0.007284158799472016
2015-02-28,JP1083,0.01704087550949088
2015-02-28,JP1084,0.004346244897444746
2015-02-28,JP1085,0.0010538463942101417
2015-02-28,JP1086,0.01595213297089222
2015-02-28,JP1087,0.0037614698270606543
2015-02-28,JP1088,0.0166259779876968
2015-02-28,JP1089,0.008938392983423133
2015-02-28,JP1090,0.004765103552025658
2015-02-28,JP1091,0.006884017242043482
2015-02-28,JP1092,0.040362643820469
2015-02-28,JP1093,0.03848095700606888
2015-02-28,JP1094,0.0055958757205327005
2015-02-28,JP1095,0.0052971828641356486
2015-02-28,JP1096,0.01358824317429258
2015-02-28,JP1097,0.002216147982884178
2015-02-28,JP1098,0.007434802047419842
2015-02-28,JP1099,0.004221502052952315
2015-02-28,JP1100,0.0073885378480950115
2015-02-28,JP1101,0.0020564500263439483
2015-02-28,JP1102,0.0011908820129314878
2015-02-28,JP1103,0.0006238240214994427
2015-02-28,JP1104,0.0015016230728982743
2015-02-28,JP1105,0.0032713347515089257
2015-02-28,JP1106,0.003495504886476304
2015-02-28,JP1107,0.040464238669685446
2015-02-28,JP1108,0.015523256244549337
2015-02-28,JP1109,0.001932924484542396
2015-02-28,JP1110,0.007715115573015482
2015-02-28,JP1111,0.003091696382559179
2015-02-28,JP1112,0.0033974111261056194
2015-02-28,JP1113,0.006439518170156397
2015-02-28,JP1114,0.008546287326577367
2015-02-28,JP1115,0.0032773442429531287
2015-02-28,JP1116,0.01618071413438015
2015-02-28,JP1117,0.001727821033626307
2015-02-28,JP1118,0.00455966437925014
2015-02-28,JP1119,0.06484845160789111
2015-03-31,JP1000,0.004164467679464596
2015-03-31,JP1001,0.008686497514387465
2015-03-31,JP1002,0.013338709908516192
2015-03-31,JP1003,0.0017496472710786723
2015-03-31,JP1004,0.005730493135275996
2015-03-31,JP1005,0.021872897872568027
2015-03-31,JP1006,0.0025479682148754927
2015-03-31,JP1007,0.002376549703502218
2015-03-31,JP1008,0.006677309664495836
2015-03-31,JP1009,0.01214117686956375
2015-03-31,JP1010,0.005228262162676842
2015-03-31,JP1011,0.01934168912843595
2015-03-31,JP1012,0.011273596489000944
2015-03-31,JP1013,0.012153786320543924
2015-03-31,JP1014,0.010807603243384272
2015-03-31,JP1015,0.058673612639658264
2015-03-31,JP1016,0.004256720034389927
2015-03-31,JP1017,0.0007447769459289314
2015-03-31,JP1018,0.023117862243903484
2015-03-31,JP1019,0.003125262122933171
2015-03-31,JP1020,0.006208592589744458
2015-03-31,JP1021,0.021791853550087618
2015-03-31,JP1022,0.0009454659985415803
2015-03-31,JP1023,0.0013816283403431393
2015-03-31,JP1024,0.001271412449781304
2015-03-31,JP1025,0.0023134933162448994
2015-03-31,JP1026,0.009442696718299923
2015-03-31,JP1027,0.008742029578478801
2015-03-31,JP1028,0.0068493996969159554
2015-03-31,JP1029,0.0011971620921377257
2015-03-31,JP1030,0.0005528994518235474
2015-03-31,JP1031,0.00613125920592763
2015-03-31,JP1032,0.0028519202768243004
2015-03-31,JP1033,0.007747804569515462
2015-03-31,JP1034,0.01120914859876342
2015-03-31,JP1035,0.005746295427320119
2015-03-31,JP1036,0.01031978930753664
2015-03-31,JP1037,0.007052868368705905
2015-03-31,JP1038,0.009618408664068748
2015-03-31,JP1039,0.002395594279411857
2015-03-31,JP1040,0.004327084736949658
2015-03-31,JP1041,0.005469555886952443
2015-03-31,JP1042,0.010530219696102662
2015-03-31,JP1043,0.003462338252610689
2015-03-31,JP1044,0.008564080237765887
2015-03-31,JP1045,0.0035280397472120906
2015-03-31,JP1046,0.004195989741008055
2015-03-31,JP1047,0.010446671494645506
2015-03-31,JP1048,0.0007230437260823149
2015-03-31,JP1049,0.0011388654614951847
2015-03-31,JP1050,0.00104073342920043
2015-03-31,JP1051,0.00040793743201365844
2015-03-31,JP1052,0.0026829218028863633
2015-03-31,JP1053,0.008956946263672567
2015-03-31,JP1054,0.0038249969077893305
2015-03-31,JP1055,0.007279129558374902
2015-03-31,JP1056,0.01781123967119005
2015-03-31,JP1057,0.015964446895278046
2015-03-31,JP1058,0.0048742772196555375
2015-03-31,JP1059,0.0177779258214137
2015-03-31,JP1060,0.004933663720588894
2015-03-31,JP1061,0.0021695582732561684
2015-03-31,JP1062,0.0031635587128140672
2015-03-31,JP1063,0.00122470277296645
2015-03-31,JP1064,0.0019418106427441892
2015-03-31,JP1065,0.0038028679929603343
2015-03-31,JP1066,0.009047450375691308
2015-03-31,JP1067,0.026278314536117838
2015-03-31,JP1068,0.0011719841129258623
2015-03-31,JP1069,0.0075679962997812255
2015-03-31,JP1070,0.001754952989347659
2015-03-31,JP1071,0.008035094695426149
2015-03-31,JP1072,0.0043697692376687795
2015-03-31,JP1073,0.000814324538605244
2015-03-31,JP1074,0.013539060710872842
2015-03-31,JP1075,0.002810046960668291
2015-03-31,JP1076,0.0028890663433763803
2015-03-31,JP1077,0.0018106596421783242
2015-03-31,JP1078,0.0028622209604515928
2015-03-31,JP1079,0.007356296822550102
2015-03-31,JP1080,0.004170701267693454
2015-03-31,JP1081,0.00790995002630987
2015-03-31,JP1082,0.006520262211308179
2015-03-31,JP1083,0.022746258732163026
2015-03-31,JP1084,0.0031473699168638064
2015-03-31,JP1085,0.0011183725267547517
2015-03-31,JP1086,0.013402915022221983
2015-03-31,JP1087,0.004529326862485762
2015-03-31,JP1088,0.014695278431857571
2015-03-31,JP1089,0.007074960092771449
2015-03-31,JP1090,0.004284725122377629
2015-03-31,JP1091,0.00725437677791
2015-03-31,JP1092,0.03451649023339724
2015-03-31,JP1093,0.039923321583351476
2015-03-31,JP1094,0.003818008475637059
2015-03-31,JP1095,0.0059845154937234225
2015-03-31,JP1096,0.014898933377720235
2015-03-31,JP1097,0.002414433423563793
2015-03-31,JP1098,0.008062674076981873
2015-03-31,JP1099,0.004848334050954649
2015-03-31,JP1100,0.007529283804552008
2015-03-31,JP1101,0.0019733707503858406
2015-03-31,JP1102,0.0011167643671891037
2015-03-31,JP1103,0.0006023225315090728
2015-03-31,JP1104,0.0014731676488754313
2015-03-31,JP1105,0.003145694374623718
2015-03-31,JP1106,0.0043497764955929405
2015-03-31,JP1107,0.03582337171102524
2015-03-31,JP1108,0.017794883818587456
2015-03-31,JP1109,0.001797333931343971
2015-03-31,JP1110,0.007970620691821199
2015-03-31,JP1111,0.0031612722752261038
2015-03-31,JP1112,0.0039017994122871338
2015-03-31,JP1113,0.006235524750549193
2015-03-31,JP1114,0.010060220629107454
2015-03-31,JP1115,0.0037027818314502715
2015-03-31,JP1116,0.013642663223393857
2015-03-31,JP1117,0.001767137974717443
2015-03-31,JP1118,0.006066449615931576
2015-03-31,JP1119,0.06423589648743588
2015-04-30,JP1000,0.003936287123556425
2015-04-30,JP1001,0.009251609797593407
2015-04-30,JP1002,0.012981153264705211
2015-04-30,JP1003,0.0017863628527838155
2015-04-30,JP1004,0.0040494645975219625
2015-04-30,JP1005,0.01991020262399581
2015-04-30,JP1006,0.002244676872593428
2015-04-30,JP1007,0.0020550297186400046
2015-04-30,JP1008,0.006052510459402774
2015-04-30,JP1009,0.010870811312742173
2015-04-30,JP1010,0.0055877346032425805
2015-04-30,JP1011,0.017997895770627517
2015-04-30,JP1012,0.011100665725021566
2015-04-30,JP1013,0.011497341434150843
2015-04-30,JP1014,0.00990453801749391
2015-04-30,JP1015,0.05398646495865578
2015-04-30,JP1016,0.004155621544583896
2015-04-30,JP1017,0.0006021587762424105
2015-04-30,JP1018,0.02286428678195399
2015-04-30,JP1019,0.002869254453040008
2015-04-30,JP1020,0.006541445825268911
2015-04-30,JP1021,0.02012976661509254
2015-04-30,JP1022,0.0009523440204720711
2015-04-30,JP1023,0.0013930676669518106
2015-04-30,JP1024,0.0009567488982641821
2015-04-30,JP1025,0.002131594384140284
2015-04-30,JP1026,0.008375069344894815
2015-04-30,JP1027,0.008457273744495999
2015-04-30,JP1028,0.00836439161764978
2015-04-30,JP1029,0.001421713376021456
2015-04-30,JP1030,0.0005830031123954067
2015-04-30,JP1031,0.005818729456169184
2015-04-30,JP1032,0.0030819136156437234
2015-04-30,JP1033,0.00866037053573389
2015-04-30,JP1034,0.010040862382981205
2015-04-30,JP1035,0.006964749810726736
2015-04-30,JP1036,0.011474803965757074
2015-04-30,JP1037,0.006652814901087808
2015-04-30,JP1038,0.008867249165954523
2015-04-30,JP1039,0.0030311619516149822
2015-04-30,JP1040,0.0037307384924488707
2015-04-30,JP1041,0.007539814110601008
2015-04-30,JP1042,0.011490329208578483
2015-04-30,JP1043,0.0030199388375643016
2015-04-30,JP1044,0.008048928130654102
2015-04-30,JP1045,0.0033490379662403625
2015-04-30,JP1046,0.00489109476012473
2015-04-30,JP1047,0.0106470450707909
2015-04-30,JP1048,0.0007141937778551281
2015-04-30,JP1049,0.00157860575428428
2015-04-30,JP1050,0.0010943992233484795
2015-04-30,JP1051,0.0004863465513246212
2015-04-30,JP1052,0.0022955938021795253
2015-04-30,JP1053,0.01048757095410272
2015-04-30,JP1054,0.005013383039861604
2015-04-30,JP1055,0.0067881337215679105
2015-04-30,JP1056,0.014914547864301854
2015-04-30,JP1057,0.018285528911767428
2015-04-30,JP1058,0.00478837628713012
2015-04-30,JP1059,0.020210122915550816
2015-04-30,JP1060,0.005418463760457895
2015-04-30,JP1061,0.0023518455121638903
2015-04-30,JP1062,0.002585315490997689
2015-04-30,JP1063,0.0010652583676401654
2015-04-30,JP1064,0.0022000461567762983
2015-04-30,JP1065,0.0032049990215847314
2015-04-30,JP1066,0.012379964419115118
2015-04-30,JP1067,0.028758529987400597
2015-04-30,JP1068,0.0010774748603662176
2015-04-30,JP1069,0.00771657049813444
2015-04-30,JP1070,0.0015380787104340918
2015-04-30,JP1071,0.008878440639769973
2015-04-30,JP1072,0.00440894117788243
2015-04-30,JP1073,0.0009938144540741747
2015-04-30,JP1074,0.014512653506888221
2015-04-30,JP1075,0.002530767673799929
2015-04-30,JP1076,0.0024685191187329334
2015-04-30,JP1077,0.0016393996562507399
2015-04-30,JP1078,0.0023706958308148773
2015-04-30,JP1079,0.009488275684040136
2015-04-30,JP1080,0.004260203127521383
2015-04-30,JP1081,0.007858506150789308
2015-04-30,JP1082,0.007192302890482745
2015-04-30,JP1083,0.018959166885547593
2015-04-30,JP1084,0.003645683246195375
2015-04-30,JP1085,0.0013144111406364599
2015-04-30,JP1086,0.015455694950951681
2015-04-30,JP1087,0.003327998566037646
2015-04-30,JP1088,0.01847533329343688
2015-04-30,JP1089,0.007342564817811975
2015-04-30,JP1090,0.004318478347943732
2015-04-30,JP1091,0.005503685795053821
2015-04-30,JP1092,0.03863061774074298
2015-04-30,JP1093,0.04154073206992725
2015-04-30,JP1094,0.005578758994945582
2015-04-30,JP1095,0.005809536402969105
2015-04-30,JP1096,0.014272163360261207
2015-04-30,JP1097,0.0021318146664131912
2015-04-30,JP1098,0.0075306330469384385
2015-04-30,JP1099,0.005352916635510478
2015-04-30,JP1100,0.006892250752614273
2015-04-30,JP1101,0.002462353480545865
2015-04-30,JP1102,0.0010430277035913872
2015-04-30,JP1103,0.0006164281986385414
2015-04-30,JP1104,0.0017195284444391915
2015-04-30,JP1105,0.0028433380217137527
2015-04-30,JP1106,0.003934063624380403
2015-04-30,JP1107,0.030649170561546552
2015-04-30,JP1108,0.014052682775599156
2015-04-30,JP1109,0.0016090314136215993
2015-04-30,JP1110,0.007169166543817475
2015-04-30,JP1111,0.004028837135789745
2015-04-30,JP1112,0.0038325146118695077
2015-04-30,JP1113,0.006614583521581205
2015-04-30,JP1114,0.012109559175774722
2015-04-30,JP1115,0.003821869685916864
2015-04-30,JP1116,0.013831145601897882
2015-04-30,JP1117,0.0015448048043007513
2015-04-30,JP1118,0.0051861807072116455
2015-04-30,JP1119,0.06497333211756695
2015-05-31,JP1000,0.00505115101901886
2015-05-31,JP1001,0.007426814568978882
2015-05-31,JP1002,0.012654182568807123
2015-05-31,JP1003,0.001786554199253915
2015-05-31,JP1004,0.004713147052994662
2015-05-31,JP1005,0.021985831586107958
2015-05-31,JP1006,0.0023175314981286805
2015-05-31,JP1007,0.0023979108601209307
2015-05-31,JP1008,0.0066363273388198
2015-05-31,JP1009,0.011591254669673319
2015-05-31,JP1010,0.00442165525725387
2015-05-31,JP1011,0.020390989019120447
2015-05-31,JP1012,0.01125211310720635
2015-05-31,JP1013,0.01222825006442378
2015-05-31,JP1014,0.009113227267562488
2015-05-31,JP1015,0.04378332500223794
2015-05-31,JP1016,0.004235244921420472
2015-05-31,JP1017,0.0007322931551708618
2015-05-31,JP1018,0.027343101934331943
2015-05-31,JP1019,0.0033020114850245245
2015-05-31,JP1020,0.004714564370176439
2015-05-31,JP1021,0.02170957637105303
2015-05-31,JP1022,0.0010825695250831911
2015-05-31,JP1023,0.0013080212937113837
2015-05-31,JP1024,0.0009612127009257593
2015-05-31,JP1025,0.0023856719159913147
2015-05-31,JP1026,0.008568645809430866
2015-05-31,JP1027,0.008296935557761531
2015-05-31,JP1028,0.007384043583505243
2015-05-31,JP1029,0.0010496451059878067
2015-05-31,JP1030,0.0004612317465893543
2015-05-31,JP1031,0.004430054400249682
2015-05-31,JP1032,0.002941672013047694
2015-05-31,JP1033,0.009494267255906703
2015-05-31,JP1034,0.012784436455734313
2015-05-31,JP1035,0.0060629419854536255
2015-05-31,JP1036,0.010347912868828054
2015-05-31,JP1037,0.006344206686058832
2015-05-31,JP1038,0.009187954881513024
2015-05-31,JP1039,0.0021804326741924193
2015-05-31,JP1040,0.004069960719225414
2015-05-31,JP1041,0.007248250168333075
2015-05-31,JP1042,0.010553442901156018
2015-05-31,JP1043,0.003227962126043676
2015-05-31,JP1044,0.008697027502254978
2015-05-31,JP1045,0.004067262275668392
2015-05-31,JP1046,0.004307906725483253
2015-05-31,JP1047,0.01191395211396918
2015-05-31,JP1048,0.00074693901420546
2015-05-31,JP1049,0.0017162943754927792
2015-05-31,JP1050,0.0011568315483707846
2015-05-31,JP1051,0.0004979522092913703
2015-05-31,JP1052,0.0030494933863428864
2015-05-31,JP1053,0.0103295838158649
2015-05-31,JP1054,0.0033979601982120737
2015-05-31,JP1055,0.006445032371113014
2015-05-31,JP1056,0.01707012191360337
2015-05-31,JP1057,0.02017179870693051
2015-05-31,JP1058,0.0047667044686898405
2015-05-31,JP1059,0.017274669396696345
2015-05-31,JP1060,0.005622545028519632
2015-05-31,JP1061,0.0025254315230559244
2015-05-31,JP1062,0.0025160308975520507
2015-05-31,JP1063,0.001145090243971678
2015-05-31,JP1064,0.0020413520391050315
2015-05-31,JP1065,0.0033625766304841496
2015-05-31,JP1066,0.01180911864270098
2015-05-31,JP1067,0.030132220111137115
2015-05-31,JP1068,0.0013520147058151705
2015-05-31,JP1069,0.006928484978219847
2015-05-31,JP1070,0.0015455075549797826
2015-05-31,JP1071,0.008511605725277852
2015-05-31,JP1072,0.004300864825582105
2015-05-31,JP1073,0.00099344169185782
2015-05-31,JP1074,0.01575633711272503
2015-05-31,JP1075,0.0034368760925568647
2015-05-31,JP1076,0.002752703035878642
2015-05-31,JP1077,0.0018732580300101307
2015-05-31,JP1078,0.0029250356088605495
2015-05-31,JP1079,0.008535385682699187
2015-05-31,JP1080,0.004119824412737901
2015-05-31,JP1081,0.008142303881718506
2015-05-31,JP1082,0.007407285419992114
2015-05-31,JP1083,0.019569396590961345
2015-05-31,JP1084,0.0031390656234887475
2015-05-31,JP1085,0.0012562277229000204
2015-05-31,JP1086,0.014609557309004635
2015-05-31,JP1087,0.003878639289929598
2015-05-31,JP1088,0.016096445868305578
2015-05-31,JP1089,0.0077057395738612516
2015-05-31,JP1090,0.0045031889082891435
2015-05-31,JP1091,0.007908440027165332
2015-05-31,JP1092,0.03557410501552974
2015-05-31,JP1093,0.03558611261440079
2015-05-31,JP1094,0.005851929145313204
2015-05-31,JP1095,0.005583326358439414
2015-05-31,JP1096,0.013254122720330688
2015-05-31,JP1097,0.001998924554849245
2015-05-31,JP1098,0.007403095992617763
2015-05-31,JP1099,0.004977759804017774
2015-05-31,JP1100,0.005703811228786357
2015-05-31,JP1101,0.0021570904058193633
2015-05-31,JP1102,0.0011827595486169423
2015-05-31,JP1103,0.0006202588900245537
2015-05-31,JP1104,0.001659577266511126
2015-05-31,JP1105,0.0036187133639450975
2015-05-31,JP1106,0.004165565408362558
2015-05-31,JP1107,0.03964246732090267
2015-05-31,JP1108,0.011813378830994075
2015-05-31,JP1109,0.002343758569486464
2015-05-31,JP1110,0.0077822319146269555
2015-05-31,JP1111,0.004391031145535153
2015-05-31,JP1112,0.0035890883847302115
2015-05-31,JP1113,0.005204248277010516
2015-05-31,JP1114,0.009586804696532236
2015-05-31,JP1115,0.003574048413533807
2015-05-31,JP1116,0.015954048327107475
2015-05-31,JP1117,0.0018331747280546965
2015-05-31,JP1118,0.00514540625561645
2015-05-31,JP1119,0.06763310631515655
2015-06-30,JP1000,0.004597959874090071
2015-06-30,JP1001,0.00778840917424691
2015-06-30,JP1002,0.01298852901071007
2015-06-30,JP1003,0.0018772672592352103
2015-06-30,JP1004,0.00426426230349812
2015-06-30,JP1005,0.02139668705919014
2015-06-30,JP1006,0.0022893166568427868
2015-06-30,JP1007,0.0024990637578549257
2015-06-30,JP1008,0.006045521151899102
2015-06-30,JP1009,0.013554224201444157
2015-06-30,JP1010,0.0061401138354557905
2015-06-30,JP1011,0.017817077654389002
2015-06-30,JP1012,0.008933097421698587
2015-06-30,JP1013,0.01308334124929192
2015-06-30,JP1014,0.008541939168817693
2015-06-30,JP1015,0.04775592764656763
2015-06-30,JP1016,0.003900228885109109
2015-06-30,JP1017,0.0006570895720762979
2015-06-30,JP1018,0.028761635832434736
2015-06-30,JP1019,0.0032653287028897703
2015-06-30,JP1020,0.006432151249367698
2015-06-30,JP1021,0.019767544698514987
2015-06-30,JP1022,0.0009919189545574748
2015-06-30,JP1023,0.001397082040790292
2015-06-30,JP1024,0.001083234721627565
2015-06-30,JP1025,0.002491724428364381
2015-06-30,JP1026,0.008709240722358402
2015-06-30,JP1027,0.008357026909919735
2015-06-30,JP1028,0.006813210883067383
2015-06-30,JP1029,0.0013108907872839738
2015-06-30,JP1030,0.000485084973721279
2015-06-30,JP1031,0.004787116856807119
2015-06-30,JP1032,0.0029231610995825
2015-06-30,JP1033,0.00784872396887882
2015-06-30,JP1034,0.010948944725606142
2015-06-30,JP1035,0.006614127694031091
2015-06-30,JP1036,0.009483914034412785
2015-06-30,JP1037,0.006016740166689402
2015-06-30,JP1038,0.008325700656596166
2015-06-30,JP1039,0.0027179208095496473
2015-06-30,JP1040,0.00402548850824503
2015-06-30,JP1041,0.005923168957475815
2015-06-30,JP1042,0.010018145083242556
2015-06-30,JP1043,0.003595446913541634
2015-06-30,JP1044,0.008415675415122236
2015-06-30,JP1045,0.003646710192246254
2015-06-30,JP1046,0.004399871120096257
2015-06-30,JP1047,0.013030429221325725
2015-06-30,JP1048,0.0006259527922281398
2015-06-30,JP1049,0.0012768938488692339
2015-06-30,JP1050,0.001307489108218855
2015-06-30,JP1051,0.000496103900360017
2015-06-30,JP1052,0.0027559982244447084
2015-06-30,JP1053,0.011186165931147319
2015-06-30,JP1054,0.0038062757504962125
2015-06-30,JP1055,0.005977658340459332
2015-06-30,JP1056,0.016402635749400804
2015-06-30,JP1057,0.021520124668724834
2015-06-30,JP1058,0.005282236773517871
2015-06-30,JP1059,0.017463403550690745
2015-06-30,JP1060,0.006345123084273701
2015-06-30,JP1061,0.0021209773362913563
2015-06-30,JP1062,0.0025991005254729035
2015-06-30,JP1063,0.0011360978556686817
2015-06-30,JP1064,0.002270608209204024
2015-06-30,JP1065,0.0037475356715659216
2015-06-30,JP1066,0.011057568410942664
2015-06-30,JP1067,0.03086445373730676
2015-06-30,JP1068,0.0012928812851556901
2015-06-30,JP1069,0.0071035812699060015
2015-06-30,JP1070,0.0016714997410060381
2015-06-30,JP1071,0.008506148987792908
2015-06-30,JP1072,0.004418190906422054
2015-06-30,JP1073,0.0007093632078082572
2015-06-30,JP1074,0.013986350367368425
2015-06-30,JP1075,0.002643332743168356
2015-06-30,JP1076,0.0034916711662742153
2015-06-30,JP1077,0.0015143969843271227
2015-06-30,JP1078,0.0025927383704276944
2015-06-30,JP1079,0.007264223519162169
2015-06-30,JP1080,0.003812488579584476
2015-06-30,JP1081,0.006719754828336445
2015-06-30,JP1082,0.008706303941227051
2015-06-30,JP1083,0.019299272712689552
2015-06-30,JP1084,0.003330464502951274
2015-06-30,JP1085,0.0009659415841474986
2015-06-30,JP1086,0.012430522018742186
2015-06-30,JP1087,0.00345538627558164
2015-06-30,JP1088,0.014531117515713633
2015-06-30,JP1089,0.007286627230335796
2015-06-30,JP1090,0.003549166648886428
2015-06-30,JP1091,0.007132604633262045
2015-06-30,JP1092,0.03960099629962415
2015-06-30,JP1093,0.04767148370215728
2015-06-30,JP1094,0.004504177320962141
2015-06-30,JP1095,0.00550204618549563
2015-06-30,JP1096,0.013679324204978313
2015-06-30,JP1097,0.0022121830853258743
2015-06-30,JP1098,0.006272417617253321
2015-06-30,JP1099,0.005855797618053403
2015-06-30,JP1100,0.006981956637220247
2015-06-30,JP1101,0.002180131736375014
2015-06-30,JP1102,0.0012150346798282257
2015-06-30,JP1103,0.0006379346317138711
2015-06-30,JP1104,0.0017292969991394554
2015-06-30,JP1105,0.0029781837269864807
2015-06-30,JP1106,0.0033029861268395557
2015-06-30,JP1107,0.033157327690107444
2015-06-30,JP1108,0.019101362988980474
2015-06-30,JP1109,0.0020673750646584004
2015-06-30,JP1110,0.0073907607700891935
2015-06-30,JP1111,0.00306593679066459
2015-06-30,JP1112,0.004186353135049819
2015-06-30,JP1113,0.005336793803739661
2015-06-30,JP1114,0.008065004031003662
2015-06-30,JP1115,0.0034209611281392034
2015-06-30,JP1116,0.01789228050839911
2015-06-30,JP1117,0.0019599519085380305
2015-06-30,JP1118,0.004885560944644216
2015-06-30,JP1119,0.06377253196370783
2015-07-31,JP1000,0.0038432314741102583
2015-07-31,JP1001,0.00747156968666702
2015-07-31,JP1002,0.012393210625469865
2015-07-31,JP1003,0.0018576180153420025
2015-07-31,JP1004,0.004630623459923028
2015-07-31,JP1005,0.02226002765714404
2015-07-31,JP1006,0.002766881833528713
2015-07-31,JP1007,0.002166566390759851
2015-07-31,JP1008,0.006600166573858065
2015-07-31,JP1009,0.01317793981075756
2015-07-31,JP1010,0.004550365025985803
2015-07-31,JP1011,0.0182875898007811
2015-07-31,JP1012,0.012357752511588214
2015-07-31,JP1013,0.012896280408951738
2015-07-31,JP1014,0.010468217881268827
2015-07-31,JP1015,0.05236134566912964
2015-07-31,JP1016,0.004117699886272956
2015-07-31,JP1017,0.0006448881587407558
2015-07-31,JP1018,0.026825590231157916
2015-07-31,JP1019,0.0032049366758062545
2015-07-31,JP1020,0.005655229761988697
2015-07-31,JP1021,0.01914928455424273
2015-07-31,JP1022,0.0011107181473473944
2015-07-31,JP1023,0.0014106960726772233
2015-07-31,JP1024,0.0009739549534396056
2015-07-31,JP1025,0.002462407793633473
2015-07-31,JP1026,0.005984469138388651
2015-07-31,JP1027,0.00829724511633071
2015-07-31,JP1028,0.006130318768318602
2015-07-31,JP1029,0.0014328471215697043
2015-07-31,JP1030,0.0004955469423706868
2015-07-31,JP1031,0.005208987475838804
2015-07-31,JP1032,0.0032396498027826067
2015-07-31,JP1033,0.007783079242692423
2015-07-31,JP1034,0.010112702743364543
2015-07-31,JP1035,0.006049986215838233
2015-07-31,JP1036,0.010697740623517476
2015-07-31,JP1037,0.006286428789458974
2015-07-31,JP1038,0.00801369905255655
2015-07-31,JP1039,0.0022980291944756813
2015-07-31,JP1040,0.004386605952390784
2015-07-31,JP1041,0.006550488769762096
2015-07-31,JP1042,0.010276053973359173
2015-07-31,JP1043,0.0037975513971977605
2015-07-31,JP1044,0.009484657947597135
2015-07-31,JP1045,0.0044093780266787315
2015-07-31,JP1046,0.0047805244674641425
2015-07-31,JP1047,0.012747443894183466
2015-07-31,JP1048,0.000884746366981141
2015-07-31,JP1049,0.0013846938003302047
2015-07-31,JP1050,0.0010675314990942326
2015-07-31,JP1051,0.00043390980563148764
2015-07-31,JP1052,0.003156318994459566
2015-07-31,JP1053,0.013176252366133952
2015-07-31,JP1054,0.003577840764305598
2015-07-31,JP1055,0.005913048512819855
2015-07-31,JP1056,0.015013081387087075
2015-07-31,JP1057,0.022247181802928808
2015-07-31,JP1058,0.004281208656008872
2015-07-31,JP1059,0.016593772222424787
2015-07-31,JP1060,0.007106299375383777
2015-07-31,JP1061,0.0023301732602372836
2015-07-31,JP1062,0.003013627488866835
2015-07-31,JP1063,0.0011630622616431428
2015-07-31,JP1064,0.0022491405359136435
2015-07-31,JP1065,0.003135116216829477
2015-07-31,JP1066,0.010714484131589644
2015-07-31,JP1067,0.02947048164493446
2015-07-31,JP1068,0.0010437634839962104
2015-07-31,JP1069,0.007498321739560137
2015-07-31,JP1070,0.001777384931359277
2015-07-31,JP1071,0.008137895315508202
2015-07-31,JP1072,0.004331477418855345
2015-07-31,JP1073,0.0007570003994500953
2015-07-31,JP1074,0.011003323099244617
2015-07-31,JP1075,0.0028909278688283337
2015-07-31,JP1076,0.0029688981286196126
2015-07-31,JP1077,0.0015602139427064036
2015-07-31,JP1078,0.002729377565350173
2015-07-31,JP1079,0.0077717778035441875
2015-07-31,JP1080,0.004123724601498007
2015-07-31,JP1081,0.005842016534060553
2015-07-31,JP1082,0.00802291743535818
2015-07-31,JP1083,0.01727845020395365
2015-07-31,JP1084,0.0037271519703601787
2015-07-31,JP1085,0.0010990199843480492
2015-07-31,JP1086,0.014591706004082916
2015-07-31,JP1087,0.004203193517384035
2015-07-31,JP1088,0.016774464925711403
2015-07-31,JP1089,0.00857185899832067
2015-07-31,JP1090,0.004730375280411617
2015-07-31,JP1091,0.007694407552091339
2015-07-31,JP1092,0.03072271184749503
2015-07-31,JP1093,0.04033951663716978
2015-07-31,JP1094,0.005468442070955625
2015-07-31,JP1095,0.006921694405322022
2015-07-31,JP1096,0.014551888008605426
2015-07-31,JP1097,0.002300044426696556
2015-07-31,JP1098,0.007446540986752795
2015-07-31,JP1099,0.0057087962588877415
2015-07-31,JP1100,0.007047248971013579
2015-07-31,JP1101,0.0024633283160044096
2015-07-31,JP1102,0.000897672042522288
2015-07-31,JP1103,0.0005586222141486236
2015-07-31,JP1104,0.0013585051938665047
2015-07-31,JP1105,0.003568076778554163
2015-07-31,JP1106,0.004163177595214027
2015-07-31,JP1107,0.03960745825837858
2015-07-31,JP1108,0.01473699069610548
2015-07-31,JP1109,0.0018844907749148393
2015-07-31,JP1110,0.007298779984307729
2015-07-31,JP1111,0.004012422664035423
2015-07-31,JP1112,0.004651187183473012
2015-07-31,JP1113,0.0067992344092238045
2015-07-31,JP1114,0.01001793122752391
2015-07-31,JP1115,0.004247723984597065
2015-07-31,JP1116,0.014737139550524542
2015-07-31,JP1117,0.0016017089313965156
2015-07-31,JP1118,0.005183810330325169
2015-07-31,JP1119,0.06355500873706878
2015-08-31,JP1000,0.004634150901821163
2015-08-31,JP1001,0.006245073664909091
2015-08-31,JP1002,0.012713121712720534
2015-08-31,JP1003,0.0020187161021072075
2015-08-31,JP1004,0.0067678157322054395
2015-08-31,JP1005,0.025103018061029523
2015-08-31,JP1006,0.0026702427835116707
2015-08-31,JP1007,0.0023450593054312073
2015-08-31,JP1008,0.005695177467968563
2015-08-31,JP1009,0.013013221577238807
2015-08-31,JP1010,0.00458765320069928
2015-08-31,JP1011,0.016944873846366323
2015-08-31,JP1012,0.010501355417806842
2015-08-31,JP1013,0.01295466063197533
2015-08-31,JP1014,0.008762124356965441
2015-08-31,JP1015,0.05244695073554641
2015-08-31,JP1016,0.004117973624472373
2015-08-31,JP1017,0.000610162075255151
2015-08-31,JP1018,0.023552796414661736
2015-08-31,JP1019,0.003011147497863529
2015-08-31,JP1020,0.004900888846154101
2015-08-31,JP1021,0.017835537603862243
2015-08-31,JP1022,0.0009154615629799786
2015-08-31,JP1023,0.0015344678370986366
2015-08-31,JP1024,0.0010907684583470504
2015-08-31,JP1025,0.002010861191775314
2015-08-31,JP1026,0.007629609892008201
2015-08-31,JP1027,0.010297046609370364
2015-08-31,JP1028,0.0060512276921616676
2015-08-31,JP1029,0.0012865460978800207
2015-08-31,JP1030,0.0005078912358357481
2015-08-31,JP1031,0.005963786674468947
2015-08-31,JP1032,0.0032538338156969447
2015-08-31,JP1033,0.007677696061372212
2015-08-31,JP1034,0.01028506995349624
2015-08-31,JP1035,0.005861712009272933
2015-08-31,JP1036,0.01072982077535478
2015-08-31,JP1037,0.005580975125517686
2015-08-31,JP1038,0.009741906644778725
2015-08-31,JP1039,0.0027844027059483107
2015-08-31,JP1040,0.0038115387145751054
2015-08-31,JP1041,0.005982070943655001
2015-08-31,JP1042,0.011246794949714669
2015-08-31,JP1043,0.0030424716685722207
2015-08-31,JP1044,0.007074883062865368
2015-08-31,JP1045,0.0036297552766862617
2015-08-31,JP1046,0.004344370568713907
2015-08-31,JP1047,0.01004885798693532
2015-08-31,JP1048,0.0007023669375707997
2015-08-31,JP1049,0.0015556237466911069
2015-08-31,JP1050,0.0012511829995414873
2015-08-31,JP1051,0.00048470181141770265
2015-08-31,JP1052,0.002137758128507746
2015-08-31,JP1053,0.011508287408112456
2015-08-31,JP1054,0.0038644463965840344
2015-08-31,JP1055,0.006438454192500953
2015-08-31,JP1056,0.01826325399902373
2015-08-31,JP1057,0.017588904120588163
2015-08-31,JP1058,0.0035446653614055546
2015-08-31,JP1059,0.017642375693420424
2015-08-31,JP1060,0.005828702684383709
2015-08-31,JP1061,0.0021975819726520168
2015-08-31,JP1062,0.002474650864103368
2015-08-31,JP1063,0.0009995551343193474
2015-08-31,JP1064,0.0020106710677533506
2015-08-31,JP1065,0.003125008899915609
2015-08-31,JP1066,0.011913969836381148
2015-08-31,JP1067,0.027158509658509196
2015-08-31,JP1068,0.0011938340066620196
2015-08-31,JP1069,0.006952234468666172
2015-08-31,JP1070,0.0018364449672423776
2015-08-31,JP1071,0.008174514258186147
2015-08-31,JP1072,0.004532040875890707
2015-08-31,JP1073,0.000826273377066003
2015-08-31,JP1074,0.012719556921994155
2015-08-31,JP1075,0.002493655023373212
2015-08-31,JP1076,0.0027597084364272433
2015-08-31,JP1077,0.0016700329961653678
2015-08-31,JP1078,0.003235875526887044
2015-08-31,JP1079,0.0067874145432868516
2015-08-31,JP1080,0.004018550618474738
2015-08-31,JP1081,0.007103246936519953
2015-08-31,JP1082,0.0070544023223086715
2015-08-31,JP1083,0.021117918453159485
2015-08-31,JP1084,0.0034848581567399305
2015-08-31,JP1085,0.0011294732001441957
2015-08-31,JP1086,0.01597058438375972
2015-08-31,JP1087,0.004356401098662877
2015-08-31,JP1088,0.017768115165441953
2015-08-31,JP1089,0.007328530446362298
2015-08-31,JP1090,0.004419269163719122
2015-08-31,JP1091,0.007210303932764291
2015-08-31,JP1092,0.03615357319152703
2015-08-31,JP1093,0.037125683355621435
2015-08-31,JP1094,0.005960198591467966
2015-08-31,JP1095,0.006067306654248633
2015-08-31,JP1096,0.014788026377828438
2015-08-31,JP1097,0.0019141769053488433
2015-08-31,JP1098,0.007109004924689543
2015-08-31,JP1099,0.004083192704208855
2015-08-31,JP1100,0.006539145917419348
2015-08-31,JP1101,0.00208003497738556
2015-08-31,JP1102,0.0010631065316078978
2015-08-31,JP1103,0.0007687917539332542
2015-08-31,JP1104,0.0017539491800716242
2015-08-31,JP1105,0.0036996129591524056
2015-08-31,JP1106,0.00402849524091981
2015-08-31,JP1107,0.03932261495892781
2015-08-31,JP1108,0.01842612309963031
2015-08-31,JP1109,0.0017982041755682482
2015-08-31,JP1110,0.0066197744293874155
2015-08-31,JP1111,0.0036033578250365397
2015-08-31,JP1112,0.003808866364634863
2015-08-31,JP1113,0.00623029896067953
2015-08-31,JP1114,0.009173947871733295
2015-08-31,JP1115,0.0033979725014010296
2015-08-31,JP1116,0.017253090482423374
2015-08-31,JP1117,0.0014479357894756535
2015-08-31,JP1118,0.005457777057371184
2015-08-31,JP1119,0.07167627794936011
2015-09-30,JP1000,0.004045774438470275
2015-09-30,JP1001,0.006450233100469197
2015-09-30,JP1002,0.015215763354211313
2015-09-30,JP1003,0.0016557565393237187
2015-09-30,JP1004,0.0050326450822453786
2015-09-30,JP1005,0.022427238035503727
2015-09-30,JP1006,0.002488950745957556
2015-09-30,JP1007,0.0021870937007742028
2015-09-30,JP1008,0.004771990648084275
2015-09-30,JP1009,0.010555849048678585
2015-09-30,JP1010,0.0050775491109643625
2015-09-30,JP1011,0.0199136829579002
2015-09-30,JP1012,0.010012158029330295
2015-09-30,JP1013,0.011733329570190652
2015-09-30,JP1014,0.00790791114940444
2015-09-30,JP1015,0.05336145634005184
2015-09-30,JP1016,0.004132455612892305
2015-09-30,JP1017,0.0007384524585963835
2015-09-30,JP1018,0.028132070701420264
2015-09-30,JP1019,0.003367508441584426
2015-09-30,JP1020,0.0061712004435719855
2015-09-30,JP1021,0.01818305314426583
2015-09-30,JP1022,0.0013580173119497167
2015-09-30,JP1023,0.0012871679963038112
2015-09-30,JP1024,0.0009723106393208907
2015-09-30,JP1025,0.0025142464725507055
2015-09-30,JP1026,0.00850694010768824
2015-09-30,JP1027,0.009015094344102303
2015-09-30,JP1028,0.00716909640481946
2015-09-30,JP1029,0.001004863767660998
2015-09-30,JP1030,0.0005914370709976007
2015-09-30,JP1031,0.005258985127600578
2015-09-30,JP1032,0.003592279508914086
2015-09-30,JP1033,0.006566668924638175
2015-09-30,JP1034,0.010523217995886281
2015-09-30,JP1035,0.00551716853017105
2015-09-30,JP1036,0.011511179316422784
2015-09-30,JP1037,0.006598827597241049
2015-09-30,JP1038,0.008958860678289533
2015-09-30,JP1039,0.0022600934125493674
2015-09-30,JP1040,0.00422350457409839
2015-09-30,JP1041,0.006078348124252035
2015-09-30,JP1042,0.012134262427010075
2015-09-30,JP1043,0.0037854399089466157
2015-09-30,JP1044,0.008690134572341223
2015-09-30,JP1045,0.0034298535255860873
2015-09-30,JP1046,0.004568519951969071
2015-09-30,JP1047,0.015128800453010164
2015-09-30,JP1048,0.0008166977029299566
2015-09-30,JP1049,0.001032580793091212
2015-09-30,JP1050,0.001161976570372886
2015-09-30,JP1051,0.0005409488291881671
2015-09-30,JP1052,0.0025331825464068084
2015-09-30,JP1053,0.010271760027057559
2015-09-30,JP1054,0.0037224910795700334
2015-09-30,JP1055,0.006546840766691854
2015-09-30,JP1056,0.013468371386351114
2015-09-30,JP1057,0.021596441905805223
2015-09-30,JP1058,0.0047172987791072206
2015-09-30,JP1059,0.017922502375140766
2015-09-30,JP1060,0.006237224249999262
2015-09-30,JP1061,0.0018852534399627086
2015-09-30,JP1062,0.0026539582775916845
2015-09-30,JP1063,0.001092282515856142
2015-09-30,JP1064,0.0025914923772482616
2015-09-30,JP1065,0.00331830732872893
2015-09-30,JP1066,0.009152820420226028
2015-09-30,JP1067,0.026804288590481895
2015-09-30,JP1068,0.0013355552145910452
2015-09-30,JP1069,0.008143413980633594
2015-09-30,JP1070,0.002254850350406135
2015-09-30,JP1071,0.009406118884581347
2015-09-30,JP1072,0.004543416153479925
2015-09-30,JP1073,0.0007452214954245566
2015-09-30,JP1074,0.015129905952400552
2015-09-30,JP1075,0.002675447107222668
2015-09-30,JP1076,0.002790602758895969
2015-09-30,JP1077,0.001672824952460633
2015-09-30,JP1078,0.00233138258690524
2015-09-30,JP1079,0.007443655126779022
2015-09-30,JP1080,0.004109980989925734
2015-09-30,JP1081,0.007596603503560743
2015-09-30,JP1082,0.007022270491118725
2015-09-30,JP1083,0.016774993719375023
2015-09-30,JP1084,0.0030734792027854478
2015-09-30,JP1085,0.001185391067623203
2015-09-30,JP1086,0.014886556822593707
2015-09-30,JP1087,0.003452346462417228
2015-09-30,JP1088,0.014788064099660563
2015-09-30,JP1089,0.007753926681028235
2015-09-30,JP1090,0.005123770902066511
2015-09-30,JP1091,0.006664100679651798
2015-09-30,JP1092,0.03608496948412264
2015-09-30,JP1093,0.044646733491614014
2015-09-30,JP1094,0.005041699780309715
2015-09-30,JP1095,0.005957202305083326
2015-09-30,JP1096,0.014856153763615078
2015-09-30,JP1097,0.0019139765111667792
2015-09-30,JP1098,0.007213064020583929
2015-09-30,JP1099,0.00496923148325489
2015-09-30,JP1100,0.007355072516783223
2015-09-30,JP1101,0.001961905360407352
2015-09-30,JP1102,0.0010381114223908933
2015-09-30,JP1103,0.0007343008532632272
2015-09-30,JP1104,0.002046926597189709
2015-09-30,JP1105,0.003652132410534283
2015-09-30,JP1106,0.0033705463062166175
2015-09-30,JP1107,0.03690363323097005
2015-09-30,JP1108,0.014638459674694314
2015-09-30,JP1109,0.0019982514438497655
2015-09-30,JP1110,0.00666227061068139
2015-09-30,JP1111,0.0028506527312717354
2015-09-30,JP1112,0.00369565577583873
2015-09-30,JP1113,0.006576873603551561
2015-09-30,JP1114,0.009717658259405541
2015-09-30,JP1115,0.0037697544971377742
2015-09-30,JP1116,0.015051236422536758
2015-09-30,JP1117,0.0016895937213260222
2015-09-30,JP1118,0.005393873731513553
2015-09-30,JP1119,0.06643201944508034
2015-10-31,JP1000,0.004857527917659239
2015-10-31,JP1001,0.008397651362955179
2015-10-31,JP1002,0.01347813516912232
2015-10-31,JP1003,0.0016855273578238524
2015-10-31,JP1004,0.004236826261174262
2015-10-31,JP1005,0.02284652824679057
2015-10-31,JP1006,0.0027138890088084172
2015-10-31,JP1007,0.0022065367493374903
2015-10-31,JP1008,0.006925081218351626
2015-10-31,JP1009,0.009773195576104803
2015-10-31,JP1010,0.005180594198358755
2015-10-31,JP1011,0.02259491207788178
2015-10-31,JP1012,0.012326448989637322
2015-10-31,JP1013,0.011369747815610334
2015-10-31,JP1014,0.008675323390203772
2015-10-31,JP1015,0.04032216301286786
2015-10-31,JP1016,0.003918498475779834
2015-10-31,JP1017,0.0007979193670952888
2015-10-31,JP1018,0.02497922574609569
2015-10-31,JP1019,0.003215222484382549
2015-10-31,JP1020,0.004696181116712181
2015-10-31,JP1021,0.016751994569982685
2015-10-31,JP1022,0.0012077942972007433
2015-10-31,JP1023,0.001619524549811163
2015-10-31,JP1024,0.0009427337160371361
2015-10-31,JP1025,0.002258852396722164
2015-10-31,JP1026,0.008238100505371767
2015-10-31,JP1027,0.007977503309580317
2015-10-31,JP1028,0.005742589353039037
2015-10-31,JP1029,0.0012755321981097582
2015-10-31,JP1030,0.0005594550153521542
2015-10-31,JP1031,0.005963095597553868
2015-10-31,JP1032,0.0036247964295103713
2015-10-31,JP1033,0.007214410398059963
2015-10-31,JP1034,0.010802679893558249
2015-10-31,JP1035,0.0059503302372322315
2015-10-31,JP1036,0.011284853645717024
2015-10-31,JP1037,0.006554052988730436
2015-10-31,JP1038,0.008466103030826014
2015-10-31,JP1039,0.001945653900396569
2015-10-31,JP1040,0.004995921665331038
2015-10-31,JP1041,0.006698110941700423
2015-10-31,JP1042,0.010424407391209265
2015-10-31,JP1043,0.0037645277339419486
2015-10-31,JP1044,0.008571881037392782
2015-10-31,JP1045,0.003913039355790181
2015-10-31,JP1046,0.004382707994647912
2015-10-31,JP1047,0.012874678993904728
2015-10-31,JP1048,0.0006696552148397603
2015-10-31,JP1049,0.0013045975830660282
2015-10-31,JP1050,0.0013539679560263594
2015-10-31,JP1051,0.000506893763706605
2015-10-31,JP1052,0.0026618925247451648
2015-10-31,JP1053,0.012070092952434459
2015-10-31,JP1054,0.0037449478362622276
2015-10-31,JP1055,0.006190557759095291
2015-10-31,JP1056,0.01631099545393909
2015-10-31,JP1057,0.017211861985828143
2015-10-31,JP1058,0.005078532766540411
2015-10-31,JP1059,0.01910719886728987
2015-10-31,JP1060,0.0063580666298267245
2015-10-31,JP1061,0.0024334707568149203
2015-10-31,JP1062,0.0030621121040176323
2015-10-31,JP1063,0.0010312978390957218
2015-10-31,JP1064,0.0021675056387885617
2015-10-31,JP1065,0.0033078786090810328
2015-10-31,JP1066,0.011845511903486334
2015-10-31,JP1067,0.02360107561534663
2015-10-31,JP1068,0.001145436379908029
2015-10-31,JP1069,0.008879819707436575
2015-10-31,JP1070,0.0019511360699031933
2015-10-31,JP1071,0.008259515487730061
2015-10-31,JP1072,0.004263495831497541
2015-10-31,JP1073,0.0007654581058792073
2015-10-31,JP1074,0.013740710441226888
2015-10-31,JP1075,0.0028086009608714185
2015-10-31,JP1076,0.0036430269086422675
2015-10-31,JP1077,0.0017928770878300748
2015-10-31,JP1078,0.002783305352010731
2015-10-31,JP1079,0.007107073234331222
2015-10-31,JP1080,0.004249223077721054
2015-10-31,JP1081,0.007526360316292398
2015-10-31,JP1082,0.007364666058809029
2015-10-31,JP1083,0.018994495498902968
2015-10-31,JP1084,0.003903818732055269
2015-10-31,JP1085,0.0014143568937710392
2015-10-31,JP1086,0.01570171242465076
2015-10-31,JP1087,0.004284401550006849
2015-10-31,JP1088,0.017267102589360126
2015-10-31,JP1089,0.008704697957988288
2015-10-31,JP1090,0.004392686073844271
2015-10-31,JP1091,0.007390043113571758
2015-10-31,JP1092,0.03670032561950568
2015-10-31,JP1093,0.04486503124388713
2015-10-31,JP1094,0.006176012531542336
2015-10-31,JP1095,0.006326496686297258
2015-10-31,JP1096,0.01704677846668406
2015-10-31,JP1097,0.0021598877310336426
2015-10-31,JP1098,0.008114548424005802
2015-10-31,JP1099,0.005741775716137253
2015-10-31,JP1100,0.0077967600600613455
2015-10-31,JP1101,0.0023445619830425378
2015-10-31,JP1102,0.0011662754142516979
2015-10-31,JP1103,0.0006124221430211471
2015-10-31,JP1104,0.0017762466916569277
2015-10-31,JP1105,0.0034674733488064173
2015-10-31,JP1106,0.0034760871238004296
2015-10-31,JP1107,0.038734861641810725
2015-10-31,JP1108,0.014198863437291903
2015-10-31,JP1109,0.0019487097332291324
2015-10-31,JP1110,0.007566533017789163
2015-10-31,JP1111,0.003293327822050495
2015-10-31,JP1112,0.004038777270147203
2015-10-31,JP1113,0.006449688099013926
2015-10-31,JP1114,0.009108457499730566
2015-10-31,JP1115,0.004013201839516942
2015-10-31,JP1116,0.014288947078704966
2015-10-31,JP1117,0.002135945991219095
2015-10-31,JP1118,0.005298594541098748
2015-10-31,JP1119,0.06359880854072841
2015-11-30,JP1000,0.004293229596470964
2015-11-30,JP1001,0.006829275243732052
2015-11-30,JP1002,0.014157193198283546
2015-11-30,JP1003,0.00199591695046168
2015-11-30,JP1004,0.005009752914324913
2015-11-30,JP1005,0.026660853094767862
2015-11-30,JP1006,0.0029221788859588415
2015-11-30,JP1007,0.0018520337776665543
2015-11-30,JP1008,0.005618506889561366
2015-11-30,JP1009,0.010041111823324029
2015-11-30,JP1010,0.005571926759532009
2015-11-30,JP1011,0.018224634574498813
2015-11-30,JP1012,0.011599914927355978
2015-11-30,JP1013,0.011743291466862184
2015-11-30,JP1014,0.009351113106027412
2015-11-30,JP1015,0.04570660469846693
2015-11-30,JP1016,0.0037138674749399984
2015-11-30,JP1017,0.0006974873814518426
2015-11-30,JP1018,0.028998693289463202
2015-11-30,JP1019,0.00326376893809988
2015-11-30,JP1020,0.005321931431815014
2015-11-30,JP1021,0.015453749062613148
2015-11-30,JP1022,0.0011458306497686781
2015-11-30,JP1023,0.0013742133190784267
2015-11-30,JP1024,0.0009296939678293657
2015-11-30,JP1025,0.001968856666991646
2015-11-30,JP1026,0.0069507414668055325
2015-11-30,JP1027,0.007934245271737467
2015-11-30,JP1028,0.006655949528042224
2015-11-30,JP1029,0.0011156997209291486
2015-11-30,JP1030,0.0005228760620629824
2015-11-30,JP1031,0.005327225860630027
2015-11-30,JP1032,0.004029107994463486
2015-11-30,JP1033,0.006903739870126469
2015-11-30,JP1034,0.01060391618292624
2015-11-30,JP1035,0.0060421731834395835
2015-11-30,JP1036,0.009976169109203029
2015-11-30,JP1037,0.006565695407929079
2015-11-30,JP1038,0.00948912073980229
2015-11-30,JP1039,0.0025807955399988884
2015-11-30,JP1040,0.004962733458819803
2015-11-30,JP1041,0.005063860563971856
2015-11-30,JP1042,0.010798712877210225
2015-11-30,JP1043,0.004042592715332047
2015-11-30,JP1044,0.009539983004056507
2015-11-30,JP1045,0.004184278108439463
2015-11-30,JP1046,0.005201261478461293
2015-11-30,JP1047,0.009786315859419387
2015-11-30,JP1048,0.0007630913806505361
2015-11-30,JP1049,0.0015731602637452176
2015-11-30,JP1050,0.0010997318757718056
2015-11-30,JP1051,0.0006520913671520434
2015-11-30,JP1052,0.002676452627050154
2015-11-30,JP1053,0.008787047922828143
2015-11-30,JP1054,0.004040485864634905
2015-11-30,JP1055,0.005864550826775362
2015-11-30,JP1056,0.01726771959180392
2015-11-30,JP1057,0.020606413256208985
2015-11-30,JP1058,0.0045457451923425415
2015-11-30,JP1059,0.02326506539693084
2015-11-30,JP1060,0.006228861702877241
2015-11-30,JP1061,0.0020604648079130244
2015-11-30,JP1062,0.0028109343995461767
2015-11-30,JP1063,0.001238965777705545
2015-11-30,JP1064,0.002051480309681898
2015-11-30,JP1065,0.003496159870848695
2015-11-30,JP1066,0.011592743442462198
2015-11-30,JP1067,0.025979604493219087
2015-11-30,JP1068,0.0010383820344359049
2015-11-30,JP1069,0.007844893176639457
2015-11-30,JP1070,0.0014973365264892102
2015-11-30,JP1071,0.007527139077295079
2015-11-30,JP1072,0.003799528303129502
2015-11-30,JP1073,0.0007028382803799614
2015-11-30,JP1074,0.01365429772651757
2015-11-30,JP1075,0.002761821112580203
2015-11-30,JP1076,0.002954653930891485
2015-11-30,JP1077,0.0015554722934428028
2015-11-30,JP1078,0.0025174679868495177
2015-11-30,JP1079,0.008237177686456657
2015-11-30,JP1080,0.00425744300877506
2015-11-30,JP1081,0.007799434438962069
2015-11-30,JP1082,0.008178860763878868
2015-11-30,JP1083,0.018888655137369197
2015-11-30,JP1084,0.003049905893027561
2015-11-30,JP1085,0.0010948304467215072
2015-11-30,JP1086,0.014888294547097242
2015-11-30,JP1087,0.003434890122574439
2015-11-30,JP1088,0.014185947164607752
2015-11-30,JP1089,0.007640584889454611
2015-11-30,JP1090,0.005783532151556792
2015-11-30,JP1091,0.0069802093048809515
2015-11-30,JP1092,0.036373983850928535
2015-11-30,JP1093,0.03619419533763824
2015-11-30,JP1094,0.0062766917827399
2015-11-30,JP1095,0.006624578270127915
2015-11-30,JP1096,0.016443584255418905
2015-11-30,JP1097,0.002543243826334443
2015-11-30,JP1098,0.006913375766606028
2015-11-30,JP1099,0.004889143745165365
2015-11-30,JP1100,0.008398204050691117
2015-11-30,JP1101,0.002394144152020875
2015-11-30,JP1102,0.000845042919515584
2015-11-30,JP1103,0.0006808729707949246
2015-11-30,JP1104,0.0015961075688545909
2015-11-30,JP1105,0.0035760674263650414
2015-11-30,JP1106,0.004017859407638086
2015-11-30,JP1107,0.03015343059307648
2015-11-30,JP1108,0.016054644775335317
2015-11-30,JP1109,0.002017972856683642
2015-11-30,JP1110,0.0075926184288474885
2015-11-30,JP1111,0.003645875263137134
2015-11-30,JP1112,0.0045192885128687785
2015-11-30,JP1113,0.006487234762294545
2015-11-30,JP1114,0.009627107121011325
2015-11-30,JP1115,0.004131580768434771
2015-11-30,JP1116,0.018751006293219623
2015-11-30,JP1117,0.0018088488783207079
2015-11-30,JP1118,0.0053126007028302625
2015-11-30,JP1119,0.07253350524578538
2015-12-31,JP1000,0.004446281792628445
2015-12-31,JP1001,0.007302036833741051
2015-12-31,JP1002,0.015540886033909965
2015-12-31,JP1003,0.0017805561570861381
2015-12-31,JP1004,0.004357056053137421
2015-12-31,JP1005,0.02517491747125403
2015-12-31,JP1006,0.0026852837229460603
2015-12-31,JP1007,0.002470436140774637
2015-12-31,JP1008,0.004137013509931742
2015-12-31,JP1009,0.01211993052663377
2015-12-31,JP1010,0.005150460717109631
2015-12-31,JP1011,0.018763672008181957
2015-12-31,JP1012,0.012481160425154252
2015-12-31,JP1013,0.011873679569373647
2015-12-31,JP1014,0.00928449345849595
2015-12-31,JP1015,0.049764671020209525
2015-12-31,JP1016,0.004716678147849706
2015-12-31,JP1017,0.0007267451032430019
2015-12-31,JP1018,0.02617894380299044
2015-12-31,JP1019,0.0033138792693652498
2015-12-31,JP1020,0.006234241816481008
2015-12-31,JP1021,0.02045378311940886
2015-12-31,JP1022,0.0009929367121322037
2015-12-31,JP1023,0.0015743338326646733
2015-12-31,JP1024,0.0010228324415724886
2015-12-31,JP1025,0.0027291897890042234
2015-12-31,JP1026,0.008635294207774863
2015-12-31,JP1027,0.007909584930608601
2015-12-31,JP1028,0.00829616735512071
2015-12-31,JP1029,0.0009836142589477067
2015-12-31,JP1030,0.0005273348373937977
2015-12-31,JP1031,0.00490952525580107
2015-12-31,JP1032,0.0037542569813736265
2015-12-31,JP1033,0.008093933040493747
2015-12-31,JP1034,0.009290779671128313
2015-12-31,JP1035,0.005573595493983677
2015-12-31,JP1036,0.00992630530645626
2015-12-31,JP1037,0.006080470462576346
2015-12-31,JP1038,0.00819601728600117
2015-12-31,JP1039,0.002285670794734215
2015-12-31,JP1040,0.004279530737306426
2015-12-31,JP1041,0.006311333013971634
2015-12-31,JP1042,0.010250702417053533
2015-12-31,JP1043,0.002848750129142169
2015-12-31,JP1044,0.008659970329266034
2015-12-31,JP1045,0.004030142191699312
2015-12-31,JP1046,0.004768004646630896
2015-12-31,JP1047,0.012074368205249516
2015-12-31,JP1048,0.0007950579308087416
2015-12-31,JP1049,0.0015063399827507037
2015-12-31,JP1050,0.001480301550912724
2015-12-31,JP1051,0.0006589530411712343
2015-12-31,JP1052,0.002122031100956385
2015-12-31,JP1053,0.00846693376616659
2015-12-31,JP1054,0.0037465117207569295
2015-12-31,JP1055,0.006389536434968376
2015-12-31,JP1056,0.014703379881236347
2015-12-31,JP1057,0.020175975649409737
2015-12-31,JP1058,0.004528026770850349
2015-12-31,JP1059,0.018004814757713174
2015-12-31,JP1060,0.005177311819939311
2015-12-31,JP1061,0.0021149545749567377
2015-12-31,JP1062,0.0029933683076471132
2015-12-31,JP1063,0.0010802989552069963
2015-12-31,JP1064,0.0019925548736718026
2015-12-31,JP1065,0.003689361440674694
2015-12-31,JP1066,0.010915172295309703
2015-12-31,JP1067,0.031152337472700374
2015-12-31,JP1068,0.0011414692596492869
2015-12-31,JP1069,0.0065905676840091
2015-12-31,JP1070,0.001815511706039881
2015-12-31,JP1071,0.008344263778292439
2015-12-31,JP1072,0.00401029897278535
2015-12-31,JP1073,0.0009138417246747805
2015-12-31,JP1074,0.015290612346857206
2015-12-31,JP1075,0.002556559121814154
2015-12-31,JP1076,0.003391520087694288
2015-12-31,JP1077,0.0013478123100795708
2015-12-31,JP1078,0.0028857255113726235
2015-12-31,JP1079,0.007018591515025067
2015-12-31,JP1080,0.00454856283532558
2015-12-31,JP1081,0.006290136673209648
2015-12-31,JP1082,0.007110136883682297
2015-12-31,JP1083,0.017220464813921123
2015-12-31,JP1084,0.003463481076584037
2015-12-31,JP1085,0.0013669513681246975
2015-12-31,JP1086,0.014337479209160538
2015-12-31,JP1087,0.004419340097498918
2015-12-31,JP1088,0.014621010709483528
2015-12-31,JP1089,0.008490959243175342
2015-12-31,JP1090,0.0037163485163241613
2015-12-31,JP1091,0.006865942936311237
2015-12-31,JP1092,0.03324319076254821
2015-12-31,JP1093,0.04639536140769295
2015-12-31,JP1094,0.0054431307953590885
2015-12-31,JP1095,0.00474850898935164
2015-12-31,JP1096,0.01282858119343796
2015-12-31,JP1097,0.0019338660571585605
2015-12-31,JP1098,0.007636380981804365
2015-12-31,JP1099,0.005265027116217608
2015-12-31,JP1100,0.006621465126083
2015-12-31,JP1101,0.00205079722978345
2015-12-31,JP1102,0.0010925558043893607
2015-12-31,JP1103,0.0005601854721639785
2015-12-31,JP1104,0.0017071600155902772
2015-12-31,JP1105,0.0032707682959021867
2015-12-31,JP1106,0.0036175530689721317
2015-12-31,JP1107,0.03599742306526955
2015-12-31,JP1108,0.01522062172261985
2015-12-31,JP1109,0.0020019050027105987
2015-12-31,JP1110,0.006176468185226095
2015-12-31,JP1111,0.0035283147786656257
2015-12-31,JP1112,0.004156796437023852
2015-12-31,JP1113,0.006195784781692986
2015-12-31,JP1114,0.00983297071457879
2015-12-31,JP1115,0.003512043212060607
2015-12-31,JP1116,0.0157908898947278
2015-12-31,JP1117,0.0016016508556376836
2015-12-31,JP1118,0.004472704814578491
2015-12-31,JP1119,0.0726856324818567
2016-01-31,JP1000,0.004736594711423624
2016-01-31,JP1001,0.007684849604488549
2016-01-31,JP1002,0.014622469880793283
2016-01-31,JP1003,0.001634449861392785
2016-01-31,JP1004,0.004432636065155741
2016-01-31,JP1005,0.02081997853456732
2016-01-31,JP1006,0.0023819407460272573
2016-01-31,JP1007,0.002219506208930682
2016-01-31,JP1008,0.007524373803288116
2016-01-31,JP1009,0.01158669342981361
2016-01-31,JP1010,0.004179857711383365
2016-01-31,JP1011,0.022195303815980796
2016-01-31,JP1012,0.012592871532614163
2016-01-31,JP1013,0.011706333333991006
2016-01-31,JP1014,0.008514801032610077
2016-01-31,JP1015,0.04767330116810005
2016-01-31,JP1016,0.0050533637130907
2016-01-31,JP1017,0.0006928603462314794
2016-01-31,JP1018,0.02136790926893194
2016-01-31,JP1019,0.003341719700533659
2016-01-31,JP1020,0.006423149649817782
2016-01-31,JP1021,0.019232568811232854
2016-01-31,JP1022,0.0009408158018754518
2016-01-31,JP1023,0.0013239985201492868
2016-01-31,JP1024,0.0009402599989083172
2016-01-31,JP1025,0.0026897291268091366
2016-01-31,JP1026,0.007876480625725778
2016-01-31,JP1027,0.007298919940526884
2016-01-31,JP1028,0.007001318961825089
2016-01-31,JP1029,0.0012620643801197126
2016-01-31,JP1030,0.0004850118279529352
2016-01-31,JP1031,0.004873068848330173
2016-01-31,JP1032,0.002866940573422475
2016-01-31,JP1033,0.009020142532455533
2016-01-31,JP1034,0.010571015766933457
2016-01-31,JP1035,0.006156551387195377
2016-01-31,JP1036,0.011201189173214747
2016-01-31,JP1037,0.006641854569439308
2016-01-31,JP1038,0.00828657074371001
2016-01-31,JP1039,0.002474788119795962
2016-01-31,JP1040,0.004798439444014017
2016-01-31,JP1041,0.007168139205897366
2016-01-31,JP1042,0.010275169526259443
2016-01-31,JP1043,0.00337651437359751
2016-01-31,JP1044,0.009360575504681685
2016-01-31,JP1045,0.0047293140167593666
2016-01-31,JP1046,0.005430682264637181
2016-01-31,JP1047,0.010819545240865515
2016-01-31,JP1048,0.0007912472534185228
2016-01-31,JP1049,0.0014060752107206344
2016-01-31,JP1050,0.0012887429023661712
2016-01-31,JP1051,0.0005361307188167383
2016-01-31,JP1052,0.0022858778685154015
2016-01-31,JP1053,0.011425438055704777
2016-01-31,JP1054,0.004250754834336832
2016-01-31,JP1055,0.00621636629409006
2016-01-31,JP1056,0.014820284793088733
2016-01-31,JP1057,0.016476427508768463
2016-01-31,JP1058,0.005107115683921183
2016-01-31,JP1059,0.020203820271182813
2016-01-31,JP1060,0.005110612445968368
2016-01-31,JP1061,0.0021413334854093833
2016-01-31,JP1062,0.002864692330012898
2016-01-31,JP1063,0.0010996708316204414
2016-01-31,JP1064,0.002103378457980034
2016-01-31,JP1065,0.0029993662900844862
2016-01-31,JP1066,0.0130650166265557
2016-01-31,JP1067,0.028610441601944436
2016-01-31,JP1068,0.0011494621260514676
2016-01-31,JP1069,0.005919592226897682
2016-01-31,JP1070,0.002001267115018937
2016-01-31,JP1071,0.008687778137852644
2016-01-31,JP1072,0.004578598299638537
2016-01-31,JP1073,0.0008930345194887131
2016-01-31,JP1074,0.014094685531976606
2016-01-31,JP1075,0.0028458280414502715
2016-01-31,JP1076,0.00292147703534469
2016-01-31,JP1077,0.001681934150667424
2016-01-31,JP1078,0.0027710378031623327
2016-01-31,JP1079,0.009016034116213233
2016-01-31,JP1080,0.004186547147709238
2016-01-31,JP1081,0.008229462686568293
2016-01-31,JP1082,0.007619022524037212
2016-01-31,JP1083,0.019888501186346358
2016-01-31,JP1084,0.004614187418152358
2016-01-31,JP1085,0.0013768812630226542
2016-01-31,JP1086,0.01757529677087741
2016-01-31,JP1087,0.003387734620856455
2016-01-31,JP1088,0.019399003083564674
2016-01-31,JP1089,0.007437735366457293
2016-01-31,JP1090,0.0043820836670206325
2016-01-31,JP1091,0.005837263073646718
2016-01-31,JP1092,0.0371533010701053
2016-01-31,JP1093,0.03660028823883321
2016-01-31,JP1094,0.005706566335519132
2016-01-31,JP1095,0.005341171775445428
2016-01-31,JP1096,0.017946966864655085
2016-01-31,JP1097,0.0023184696769581277
2016-01-31,JP1098,0.008957297047805826
2016-01-31,JP1099,0.004496259061661336
2016-01-31,JP1100,0.008168106491621219
2016-01-31,JP1101,0.0018547889849744618
2016-01-31,JP1102,0.0010646552489492695
2016-01-31,JP1103,0.0006036656671718409
2016-01-31,JP1104,0.0015987646159755528
2016-01-31,JP1105,0.0030681846140956665
2016-01-31,JP1106,0.0034790100235599086
2016-01-31,JP1107,0.03127044224865449
2016-01-31,JP1108,0.014778326351474986
2016-01-31,JP1109,0.001975699881380188
2016-01-31,JP1110,0.00812941423073878
2016-01-31,JP1111,0.003503868997519362
2016-01-31,JP1112,0.004321926122591082
2016-01-31,JP1113,0.00530642815318647
2016-01-31,JP1114,0.009091002234346043
2016-01-31,JP1115,0.003908888218777222
2016-01-31,JP1116,0.015326472941235913
2016-01-31,JP1117,0.0014968385414867093
2016-01-31,JP1118,0.005647183549676776
2016-01-31,JP1119,0.06510213802957228
2016-02-29,JP1000,0.0041363494745206095
2016-02-29,JP1001,0.006960344867318665
2016-02-29,JP1002,0.016012869822206684
2016-02-29,JP1003,0.0016893571737683407
2016-02-29,JP1004,0.003814955645987924
2016-02-29,JP1005,0.02408521951081124
2016-02-29,JP1006,0.002387353597405011
2016-02-29,JP1007,0.0025287889901558624
2016-02-29,JP1008,0.006208996524616615
2016-02-29,JP1009,0.011493494443910596
2016-02-29,JP1010,0.005832433186440283
2016-02-29,JP1011,0.01603077141954237
2016-02-29,JP1012,0.01099734505605607
2016-02-29,JP1013,0.010511605187021583
2016-02-29,JP1014,0.006917155681760977
2016-02-29,JP1015,0.055388216699072804
2016-02-29,JP1016,0.0038132910264355225
2016-02-29,JP1017,0.0007308190738340733
2016-02-29,JP1018,0.025599149893800657
2016-02-29,JP1019,0.0033281312115394797
2016-02-29,JP1020,0.005268452252968623
2016-02-29,JP1021,0.01698825127189502
2016-02-29,JP1022,0.001006131400033211
2016-02-29,JP1023,0.0015521882930520255
2016-02-29,JP1024,0.0009931038834513788
2016-02-29,JP1025,0.002085620078364562
2016-02-29,JP1026,0.006815033153343644
2016-02-29,JP1027,0.008533505832552033
2016-02-29,JP1028,0.006173485312212503
2016-02-29,JP1029,0.0011965664818068332
2016-02-29,JP1030,0.0004797044078092935
2016-02-29,JP1031,0.004999343585631523
2016-02-29,JP1032,0.0031803792651716755
2016-02-29,JP1033,0.008283224402224289
2016-02-29,JP1034,0.012156665907531476
2016-02-29,JP1035,0.006131468841803112
2016-02-29,JP1036,0.012414901082432341
2016-02-29,JP1037,0.005735916063992154
2016-02-29,JP1038,0.0071661343112041755
2016-02-29,JP1039,0.0024431296102133478
2016-02-29,JP1040,0.0045068003438494975
2016-02-29,JP1041,0.006464259084084701
2016-02-29,JP1042,0.012693153653048043
2016-02-29,JP1043,0.002590887354363255
2016-02-29,JP1044,0.009448547993708723
2016-02-29,JP1045,0.003923968851586628
2016-02-29,JP1046,0.0037714239328855664
2016-02-29,JP1047,0.012197951889265583
2016-02-29,JP1048,0.0006861109152068264
2016-02-29,JP1049,0.0014064189680399349
2016-02-29,JP1050,0.001242495243247202
2016-02-29,JP1051,0.0005009783211530438
2016-02-29,JP1052,0.00216809560969534
2016-02-29,JP1053,0.010324579439540047
2016-02-29,JP1054,0.003166882132774618
2016-02-29,JP1055,0.006437191889491458
2016-02-29,JP1056,0.01691855001324732
2016-02-29,JP1057,0.01649301683221304
2016-02-29,JP1058,0.004319379778860774
2016-02-29,JP1059,0.017544580353920883
2016-02-29,JP1060,0.005186879501638
2016-02-29,JP1061,0.0022327638775460077
2016-02-29,JP1062,0.0026134962089653306
2016-02-29,JP1063,0.0012021512230494741
2016-02-29,JP1064,0.0022655108091091955
2016-02-29,JP1065,0.0038634299271271795
2016-02-29,JP1066,0.009886429338303181
2016-02-29,JP1067,0.0317775116447621
2016-02-29,JP1068,0.0014388178603544884
2016-02-29,JP1069,0.008563351076150926
2016-02-29,JP1070,0.001721284323496024
2016-02-29,JP1071,0.007380998843872634
2016-02-29,JP1072,0.003934899585255858
2016-02-29,JP1073,0.0007105700942539905
2016-02-29,JP1074,0.012539230444445102
2016-02-29,JP1075,0.0029422676861674234
2016-02-29,JP1076,0.0033073647979129732
2016-02-29,JP1077,0.0016178336643293955
2016-02-29,JP1078,0.002563168092799704
2016-02-29,JP1079,0.007514750469845095
2016-02-29,JP1080,0.00384442392427625
2016-02-29,JP1081,0.007401132938424718
2016-02-29,JP1082,0.0073713643531427495
2016-02-29,JP1083,0.01880720622177223
2016-02-29,JP1084,0.0036416632936174358
2016-02-29,JP1085,0.0012021161246472797
2016-02-29,JP1086,0.015289437820951591
2016-02-29,JP1087,0.003267610439427205
2016-02-29,JP1088,0.016504307913096115
2016-02-29,JP1089,0.007450713934770989
2016-02-29,JP1090,0.0041570138139345614
2016-02-29,JP1091,0.007182122816174244
2016-02-29,JP1092,0.03604818229984882
2016-02-29,JP1093,0.04401608031202229
2016-02-29,JP1094,0.0047786673248799
2016-02-29,JP1095,0.006633185535293808
2016-02-29,JP1096,0.014555267070979538
2016-02-29,JP1097,0.0020200449733055502
2016-02-29,JP1098,0.006545584470318461
2016-02-29,JP1099,0.004364032473784654
2016-02-29,JP1100,0.005692860558123277
2016-02-29,JP1101,0.0023019746892047545
2016-02-29,JP1102,0.0012311113275040681
2016-02-29,JP1103,0.0005297506589982774
2016-02-29,JP1104,0.001472511179106173
2016-02-29,JP1105,0.003373258418517762
2016-02-29,JP1106,0.003675322395575399
2016-02-29,JP1107,0.037340152405895194
2016-02-29,JP1108,0.014808738572472797
2016-02-29,JP1109,0.0017846856026547831
2016-02-29,JP1110,0.006851861549488656
2016-02-29,JP1111,0.0025963560803623823
2016-02-29,JP1112,0.003322388195802148
2016-02-29,JP1113,0.006550554613356228
2016-02-29,JP1114,0.010357979971911829
2016-02-29,JP1115,0.004058259774049302
2016-02-29,JP1116,0.014989269829172978
2016-02-29,JP1117,0.0012609318605110846
2016-02-29,JP1118,0.004675025150272828
2016-02-29,JP1119,0.07590901311888654
2016-03-31,JP1000,0.0050639742402972575
2016-03-31,JP1001,0.007066762180073875
2016-03-31,JP1002,0.013102396836495035
2016-03-31,JP1003,0.00170307995049736
2016-03-31,JP1004,0.004634214022619211
2016-03-31,JP1005,0.02002131285603718
2016-03-31,JP1006,0.0023499583260212843
2016-03-31,JP1007,0.0023554809461408424
2016-03-31,JP1008,0.006363830929575123
2016-03-31,JP1009,0.012291818378753868
2016-03-31,JP1010,0.004980331280411552
2016-03-31,JP1011,0.020589861868661328
2016-03-31,JP1012,0.013315154483835452
2016-03-31,JP1013,0.013038822127576115
2016-03-31,JP1014,0.009238178657927006
2016-03-31,JP1015,0.05728332607342953
2016-03-31,JP1016,0.004519546225508927
2016-03-31,JP1017,0.0008963679653248453
2016-03-31,JP1018,0.028574888143771703
2016-03-31,JP1019,0.003189593190106513
2016-03-31,JP1020,0.005171587711685865
2016-03-31,JP1021,0.01835503430751556
2016-03-31,JP1022,0.0009910693176275666
2016-03-31,JP1023,0.0015310630060241192
2016-03-31,JP1024,0.0009561539579986585
2016-03-31,JP1025,0.0025897171306951583
2016-03-31,JP1026,0.006869886136641122
2016-03-31,JP1027,0.007296556728523273
2016-03-31,JP1028,0.006614272440563023
2016-03-31,JP1029,0.0011381970073047574
2016-03-31,JP1030,0.0004450985345559616
2016-03-31,JP1031,0.0050385271970101045
2016-03-31,JP1032,0.0029403911306157987
2016-03-31,JP1033,0.00805962018140131
2016-03-31,JP1034,0.009644364682636698
2016-03-31,JP1035,0.005533359983102829
2016-03-31,JP1036,0.010871163577215303
2016-03-31,JP1037,0.007078788362789658
2016-03-31,JP1038,0.010010219076209612
2016-03-31,JP1039,0.002551217560830641
2016-03-31,JP1040,0.004346670391273528
2016-03-31,JP1041,0.006079513167272321
2016-03-31,JP1042,0.012123195052533675
2016-03-31,JP1043,0.003567082342040696
2016-03-31,JP1044,0.00977882418868806
2016-03-31,JP1045,0.003227661792507372
2016-03-31,JP1046,0.004417064278236415
2016-03-31,JP1047,0.012060133436320626
2016-03-31,JP1048,0.000691272248937286
2016-03-31,JP1049,0.0012662725632658844
2016-03-31,JP1050,0.0010144485469015725
2016-03-31,JP1051,0.0005344502392675907
2016-03-31,JP1052,0.002392910007067871
2016-03-31,JP1053,0.00902872423981019
2016-03-31,JP1054,0.004167183743126467
2016-03-31,JP1055,0.006489306048053458
2016-03-31,JP1056,0.014940823723663612
2016-03-31,JP1057,0.017508705242316784
2016-03-31,JP1058,0.004692592246685489
2016-03-31,JP1059,0.02223376048513409
2016-03-31,JP1060,0.004745154330986354
2016-03-31,JP1061,0.0018826328347884525
2016-03-31,JP1062,0.0026360730855426156
2016-03-31,JP1063,0.001154037133250405
2016-03-31,JP1064,0.001991133716204253
2016-03-31,JP1065,0.003791388065030781
2016-03-31,JP1066,0.0126661824221338
2016-03-31,JP1067,0.029227613648444038
2016-03-31,JP1068,0.001350302910826251
2016-03-31,JP1069,0.007740796971035115
2016-03-31,JP1070,0.0017983581263427823
2016-03-31,JP1071,0.007183655996321389
2016-03-31,JP1072,0.004025227396198098
2016-03-31,JP1073,0.0007121046152218279
2016-03-31,JP1074,0.012678577253674987
2016-03-31,JP1075,0.002842529477863258
2016-03-31,JP1076,0.0025796165137923835
2016-03-31,JP1077,0.001757644077653862
2016-03-31,JP1078,0.0024221663293629426
2016-03-31,JP1079,0.00701070125916401
2016-03-31,JP1080,0.003953842710365781
2016-03-31,JP1081,0.006315971468968804
2016-03-31,JP1082,0.007760563848132645
2016-03-31,JP1083,0.018733782417259807
2016-03-31,JP1084,0.003916515993772194
2016-03-31,JP1085,0.0011109991822583786
2016-03-31,JP1086,0.014198282932597114
2016-03-31,JP1087,0.004403137340002748
2016-03-31,JP1088,0.013180699810776906
2016-03-31,JP1089,0.008484936918593356
2016-03-31,JP1090,0.005263425761616837
2016-03-31,JP1091,0.007782089460694415
2016-03-31,JP1092,0.03462004120175923
2016-03-31,JP1093,0.04681192428575786
2016-03-31,JP1094,0.005278659726494208
2016-03-31,JP1095,0.005562675855244006
2016-03-31,JP1096,0.014351874340226261
2016-03-31,JP1097,0.0020622277283040996
2016-03-31,JP1098,0.006455130795763977
2016-03-31,JP1099,0.005537843483826596
2016-03-31,JP1100,0.006443234095912131
2016-03-31,JP1101,0.0022036910881613487
2016-03-31,JP1102,0.0008980967692966375
2016-03-31,JP1103,0.0006418278606052093
2016-03-31,JP1104,0.0014821452170113894
2016-03-31,JP1105,0.00285691782298249
2016-03-31,JP1106,0.0037522169389202858
2016-03-31,JP1107,0.03922818978905575
2016-03-31,JP1108,0.016062734557554977
2016-03-31,JP1109,0.0020447757973650993
2016-03-31,JP1110,0.007107737370174169
2016-03-31,JP1111,0.003273386132982218
2016-03-31,JP1112,0.004142160255044087
2016-03-31,JP1113,0.00578619645713983
2016-03-31,JP1114,0.010268508238366144
2016-03-31,JP1115,0.004099247567235498
2016-03-31,JP1116,0.013547202671554476
2016-03-31,JP1117,0.0015144986361655564
2016-03-31,JP1118,0.004846402796870321
2016-03-31,JP1119,0.058994527814235476
2016-04-30,JP1000,0.004410905726842686
2016-04-30,JP1001,0.007923542514269069
2016-04-30,JP1002,0.014510836186436902
2016-04-30,JP1003,0.0018940026022084909
2016-04-30,JP1004,0.00430259326441206
2016-04-30,JP1005,0.019974341389654458
2016-04-30,JP1006,0.002000547620230977
2016-04-30,JP1007,0.0024693523800565875
2016-04-30,JP1008,0.006616697354380796
2016-04-30,JP1009,0.013173637832419063
2016-04-30,JP1010,0.004739328859511178
2016-04-30,JP1011,0.02062136858030091
2016-04-30,JP1012,0.010211448599330559
2016-04-30,JP1013,0.010717247141945253
2016-04-30,JP1014,0.008879079024429007
2016-04-30,JP1015,0.055199697793581956
2016-04-30,JP1016,0.004853612005215318
2016-04-30,JP1017,0.0006632886039602717
2016-04-30,JP1018,0.02298089008096451
2016-04-30,JP1019,0.002908301682186715
2016-04-30,JP1020,0.005238731898939062
2016-04-30,JP1021,0.02330427871835248
2016-04-30,JP1022,0.0010946245549032986
2016-04-30,JP1023,0.0016105723071567822
2016-04-30,JP1024,0.0009918405895271293
2016-04-30,JP1025,0.0022765985316187663
2016-04-30,JP1026,0.008385857632502955
2016-04-30,JP1027,0.008089699473000915
2016-04-30,JP1028,0.0064503023511690745
2016-04-30,JP1029,0.0011465383812786394
2016-04-30,JP1030,0.000478131685658275
2016-04-30,JP1031,0.00534539296467558
2016-04-30,JP1032,0.0028951489744699203
2016-04-30,JP1033,0.008206834517093944
2016-04-30,JP1034,0.010458294712640525
2016-04-30,JP1035,0.005681982383136624
2016-04-30,JP1036,0.009918192678242245
2016-04-30,JP1037,0.006402517639578285
2016-04-30,JP1038,0.00813810917128757
2016-04-30,JP1039,0.002501698169374682
2016-04-30,JP1040,0.004698225800032915
2016-04-30,JP1041,0.005411171972274194
2016-04-30,JP1042,0.014223005002287625
2016-04-30,JP1043,0.0033736325902528706
2016-04-30,JP1044,0.008840423637612126
2016-04-30,JP1045,0.003581815569743512
2016-04-30,JP1046,0.0050211681348102406
2016-04-30,JP1047,0.01140372447372459
2016-04-30,JP1048,0.0006600177259325996
2016-04-30,JP1049,0.0013007744072350644
2016-04-30,JP1050,0.0011139909472924147
2016-04-30,JP1051,0.0005092593965169329
2016-04-30,JP1052,0.0026012711882236667
2016-04-30,JP1053,0.010616735125829866
2016-04-30,JP1054,0.0035287983668690517
2016-04-30,JP1055,0.005685143391904155
2016-04-30,JP1056,0.014297914445221088
2016-04-30,JP1057,0.019899553985078478
2016-04-30,JP1058,0.00502322254024667
2016-04-30,JP1059,0.021121129223796907
2016-04-30,JP1060,0.005523234143416099
2016-04-30,JP1061,0.002265831014465568
2016-04-30,JP1062,0.0027339246908107424
2016-04-30,JP1063,0.000962922164540953
2016-04-30,JP1064,0.002028419832897773
2016-04-30,JP1065,0.0033920493425805115
2016-04-30,JP1066,0.010141785973079163
2016-04-30,JP1067,0.026602734966085076
2016-04-30,JP1068,0.0012818588374437134
2016-04-30,JP1069,0.006662444137735672
2016-04-30,JP1070,0.001657584013856548
2016-04-30,JP1071,0.009454311730300738
2016-04-30,JP1072,0.003764542469828748
2016-04-30,JP1073,0.0007927555008644258
2016-04-30,JP1074,0.01134355419395803
2016-04-30,JP1075,0.002551851623662109
2016-04-30,JP1076,0.0028959397039573977
2016-04-30,JP1077,0.0015659201267415723
2016-04-30,JP1078,0.0027734537925473124
2016-04-30,JP1079,0.008846209992479773
2016-04-30,JP1080,0.00453537190471361
2016-04-30,JP1081,0.007753209830055705
2016-04-30,JP1082,0.006302408747591349
2016-04-30,JP1083,0.01841817904652982
2016-04-30,JP1084,0.0037469402404908107
2016-04-30,JP1085,0.0012551372005440889
2016-04-30,JP1086,0.017453519712275083
2016-04-30,JP1087,0.004024494859506917
2016-04-30,JP1088,0.016797413599223543
2016-04-30,JP1089,0.009618807403108559
2016-04-30,JP1090,0.004461464133185131
2016-04-30,JP1091,0.006936890819446453
2016-04-30,JP1092,0.03607975719985482
2016-04-30,JP1093,0.03668833542358791
2016-04-30,JP1094,0.0054364600823151995
2016-04-30,JP1095,0.004975316512175851
2016-04-30,JP1096,0.014017013881239241
2016-04-30,JP1097,0.002137825507000265
2016-04-30,JP1098,0.007729293929907468
2016-04-30,JP1099,0.0054861669368828515
2016-04-30,JP1100,0.006262190976776914
2016-04-30,JP1101,0.0026945148042728483
2016-04-30,JP1102,0.0010431588544268647
2016-04-30,JP1103,0.0006492124122636135
2016-04-30,JP1104,0.0014019023752476218
2016-04-30,JP1105,0.002993078903593958
2016-04-30,JP1106,0.004173580955755674
2016-04-30,JP1107,0.03555897635756626
2016-04-30,JP1108,0.015390623459484045
2016-04-30,JP1109,0.0019691652380180434
2016-04-30,JP1110,0.006174152567893987
2016-04-30,JP1111,0.0033209288685958874
2016-04-30,JP1112,0.004364278190755753
2016-04-30,JP1113,0.006759710250656384
2016-04-30,JP1114,0.009240858457087315
2016-04-30,JP1115,0.004195833456527012
2016-04-30,JP1116,0.012870338171863609
2016-04-30,JP1117,0.0014591814423325956
2016-04-30,JP1118,0.0061085224267966795
2016-04-30,JP1119,0.07169741210736989
2016-05-31,JP1000,0.004205118313340699
2016-05-31,JP1001,0.005786451250735295
2016-05-31,JP1002,0.013428546633521669
2016-05-31,JP1003,0.0018147401949141053
2016-05-31,JP1004,0.004741897416130137
2016-05-31,JP1005,0.020102227513974794
2016-05-31,JP1006,0.0023091272945215866
2016-05-31,JP1007,0.0024178499829004157
2016-05-31,JP1008,0.006072341795992252
2016-05-31,JP1009,0.009963708985911767
2016-05-31,JP1010,0.005712334909045674
2016-05-31,JP1011,0.018448581563998544
2016-05-31,JP1012,0.0131097189487459
2016-05-31,JP1013,0.010071527633200772
2016-05-31,JP1014,0.00858018801042688
2016-05-31,JP1015,0.053842585281686284
2016-05-31,JP1016,0.004029175741183487
2016-05-31,JP1017,0.0005978682225362859
2016-05-31,JP1018,0.01955071835318129
2016-05-31,JP1019,0.0036768818930024805
2016-05-31,JP1020,0.0056980400444836985
2016-05-31,JP1021,0.02077330584144504
2016-05-31,JP1022,0.0011030128256896638
2016-05-31,JP1023,0.0015150909464772151
2016-05-31,JP1024,0.0009743607409722678
2016-05-31,JP1025,0.002368551061830641
2016-05-31,JP1026,0.008938147026613052
2016-05-31,JP1027,0.008498816639923688
2016-05-31,JP1028,0.007955649324023975
2016-05-31,JP1029,0.0010457453939546506
2016-05-31,JP1030,0.00042174420482744796
2016-05-31,JP1031,0.005815920704864326
2016-05-31,JP1032,0.0028684954878001627
2016-05-31,JP1033,0.00969061084961035
2016-05-31,JP1034,0.011508958851830616
2016-05-31,JP1035,0.00671562285917676
2016-05-31,JP1036,0.01165825736064478
2016-05-31,JP1037,0.005722987796590255
2016-05-31,JP1038,0.007181932842263902
2016-05-31,JP1039,0.002864214677110165
2016-05-31,JP1040,0.003588986192187593
2016-05-31,JP1041,0.007118540117771037
2016-05-31,JP1042,0.012120860188510725
2016-05-31,JP1043,0.0033403365377737888
2016-05-31,JP1044,0.008782929635825755
2016-05-31,JP1045,0.004007342490150337
2016-05-31,JP1046,0.004347734014392269
2016-05-31,JP1047,0.013190881096611238
2016-05-31,JP1048,0.0007815452059699879
2016-05-31,JP1049,0.001386152053470588
2016-05-31,JP1050,0.0010674292239987694
2016-05-31,JP1051,0.0005512412551192844
2016-05-31,JP1052,0.002068694063865284
2016-05-31,JP1053,0.011037087137126768
2016-05-31,JP1054,0.0040410778210089714
2016-05-31,JP1055,0.005597907671282365
2016-05-31,JP1056,0.016346830817881117
2016-05-31,JP1057,0.018774236770789075
2016-05-31,JP1058,0.004409362196744283
2016-05-31,JP1059,0.021271033612163533
2016-05-31,JP1060,0.004908636550212432
2016-05-31,JP1061,0.002355985495027572
2016-05-31,JP1062,0.002258730716742373
2016-05-31,JP1063,0.0011682091456584236
2016-05-31,JP1064,0.0020620250650504788
2016-05-31,JP1065,0.003305050438872712
2016-05-31,JP1066,0.01158817875314079
2016-05-31,JP1067,0.02766728913030116
2016-05-31,JP1068,0.001391978402971641
2016-05-31,JP1069,0.007816841451224875
2016-05-31,JP1070,0.0018444174520005794
2016-05-31,JP1071,0.008259146130442605
2016-05-31,JP1072,0.004175084939930273
2016-05-31,JP1073,0.0007759647527741384
2016-05-31,JP1074,0.012943019071033313
2016-05-31,JP1075,0.002678083261769408
2016-05-31,JP1076,0.003269650321929787
2016-05-31,JP1077,0.0017281139422264604
2016-05-31,JP1078,0.002693257381224166
2016-05-31,JP1079,0.0066529478797863984
2016-05-31,JP1080,0.004538137500051234
2016-05-31,JP1081,0.006540297424889163
2016-05-31,JP1082,0.006456545968677006
2016-05-31,JP1083,0.022036898561797625
2016-05-31,JP1084,0.003797769803817841
2016-05-31,JP1085,0.0012564493343850832
2016-05-31,JP1086,0.01518199269138564
2016-05-31,JP1087,0.0035488895354734385
2016-05-31,JP1088,0.014791756659086218
2016-05-31,JP1089,0.007914734359066474
2016-05-31,JP1090,0.004901554370840329
2016-05-31,JP1091,0.007024440153453107
2016-05-31,JP1092,0.043194140346731524
2016-05-31,JP1093,0.03904390075424999
2016-05-31,JP1094,0.004652563183432122
2016-05-31,JP1095,0.00493067708583083
2016-05-31,JP1096,0.012365379846724872
2016-05-31,JP1097,0.0020552464901643468
2016-05-31,JP1098,0.006802611413369494
2016-05-31,JP1099,0.005206121345848009
2016-05-31,JP1100,0.006810635314801118
2016-05-31,JP1101,0.002359397516544487
2016-05-31,JP1102,0.0010226116430026493
2016-05-31,JP1103,0.0006286420299605171
2016-05-31,JP1104,0.0015408009813043962
2016-05-31,JP1105,0.0036364995629646034
2016-05-31,JP1106,0.0031934376922475635
2016-05-31,JP1107,0.035687489415676114
2016-05-31,JP1108,0.01480946232951778
2016-05-31,JP1109,0.0020616823880982467
2016-05-31,JP1110,0.007050253063184729
2016-05-31,JP1111,0.0033241836778463117
2016-05-31,JP1112,0.003656148237239098
2016-05-31,JP1113,0.006903919467927893
2016-05-31,JP1114,0.00927061485532246
2016-05-31,JP1115,0.004328169206748548
2016-05-31,JP1116,0.014857640433311036
2016-05-31,JP1117,0.001596279736665774
2016-05-31,JP1118,0.00494929115694183
2016-05-31,JP1119,0.07091886065737514
2016-06-30,JP1000,0.004370479500985412
2016-06-30,JP1001,0.008212133235572358
2016-06-30,JP1002,0.016014181585159694
2016-06-30,JP1003,0.0019158224336189916
2016-06-30,JP1004,0.00451538553366332
2016-06-30,JP1005,0.019149718814297535
2016-06-30,JP1006,0.0019390247528350306
2016-06-30,JP1007,0.0023963875832010233
2016-06-30,JP1008,0.006992972943069555
2016-06-30,JP1009,0.01071149278998527
2016-06-30,JP1010,0.004917718051551239
2016-06-30,JP1011,0.01784334402193826
2016-06-30,JP1012,0.01109839527870753
2016-06-30,JP1013,0.0129062635293919
2016-06-30,JP1014,0.008884874777083131
2016-06-30,JP1015,0.05005547159534145
2016-06-30,JP1016,0.00530678858661408
2016-06-30,JP1017,0.000583583445562856
2016-06-30,JP1018,0.026244121545372326
2016-06-30,JP1019,0.0028456721426724624
2016-06-30,JP1020,0.005476867482880899
2016-06-30,JP1021,0.0187803493617744
2016-06-30,JP1022,0.0010948272454046812
2016-06-30,JP1023,0.001391846314464409
2016-06-30,JP1024,0.0009708569016096272
2016-06-30,JP1025,0.0021953725381015816
2016-06-30,JP1026,0.006959014646538109
2016-06-30,JP1027,0.008987326121763872
2016-06-30,JP1028,0.00677205218048948
2016-06-30,JP1029,0.0012701659184712665
2016-06-30,JP1030,0.0004923028595307426
2016-06-30,JP1031,0.005173049410371392
2016-06-30,JP1032,0.0035049650653549763
2016-06-30,JP1033,0.008757942228190561
2016-06-30,JP1034,0.011609575572786671
2016-06-30,JP1035,0.005953012657286192
2016-06-30,JP1036,0.012228827178521015
2016-06-30,JP1037,0.00602549517852575
2016-06-30,JP1038,0.008317619367299559
2016-06-30,JP1039,0.002782176028719986
2016-06-30,JP1040,0.004540909367278146
2016-06-30,JP1041,0.005906938099713856
2016-06-30,JP1042,0.01021951578995145
2016-06-30,JP1043,0.0033011106096775306
2016-06-30,JP1044,0.007854424195095768
2016-06-30,JP1045,0.004549458020512988
2016-06-30,JP1046,0.004791571563435678
2016-06-30,JP1047,0.010604976132757796
2016-06-30,JP1048,0.00061313942988613
2016-06-30,JP1049,0.0012637618873407297
2016-06-30,JP1050,0.0010728606995491473
2016-06-30,JP1051,0.0004762132094307339
2016-06-30,JP1052,0.0028337098722786207
2016-06-30,JP1053,0.00959439202533708
2016-06-30,JP1054,0.00472310400326655
2016-06-30,JP1055,0.005539236145740542
2016-06-30,JP1056,0.012893319084248438
2016-06-30,JP1057,0.022307281904465435
2016-06-30,JP1058,0.005319525876488499
2016-06-30,JP1059,0.018986867632518212
2016-06-30,JP1060,0.005689693857626756
2016-06-30,JP1061,0.0022516318978296006
2016-06-30,JP1062,0.0027945398054535957
2016-06-30,JP1063,0.0009982136841163822
2016-06-30,JP1064,0.001603303168044963
2016-06-30,JP1065,0.0032088327664537178
2016-06-30,JP1066,0.013377805311157374
2016-06-30,JP1067,0.03360610458696071
2016-06-30,JP1068,0.0012214410391560091
2016-06-30,JP1069,0.006722281455147043
2016-06-30,JP1070,0.001814236532514783
2016-06-30,JP1071,0.008389590919399923
2016-06-30,JP1072,0.004652393667727866
2016-06-30,JP1073,0.0006217531431600019
2016-06-30,JP1074,0.017330520937009052
2016-06-30,JP1075,0.0030545836762768054
2016-06-30,JP1076,0.0028711422422724765
2016-06-30,JP1077,0.0015948766197528942
2016-06-30,JP1078,0.002865789403964015
2016-06-30,JP1079,0.008051242725562742
2016-06-30,JP1080,0.0041718807821816565
2016-06-30,JP1081,0.007263719451659493
2016-06-30,JP1082,0.007092560704748789
2016-06-30,JP1083,0.019477197751292884
2016-06-30,JP1084,0.003812353394889351
2016-06-30,JP1085,0.0011804201373702358
2016-06-30,JP1086,0.014949997902980981
2016-06-30,JP1087,0.004121406111718389
2016-06-30,JP1088,0.012978294209406618
2016-06-30,JP1089,0.006766509959996809
2016-06-30,JP1090,0.004392572698582025
2016-06-30,JP1091,0.006580993283718258
2016-06-30,JP1092,0.03377787017348833
2016-06-30,JP1093,0.04533825967686361
2016-06-30,JP1094,0.005274482608741358
2016-06-30,JP1095,0.004882542282343357
2016-06-30,JP1096,0.01404550671257768
2016-06-30,JP1097,0.0021566300423888746
2016-06-30,JP1098,0.006996680896943546
2016-06-30,JP1099,0.0051455766842175305
2016-06-30,JP1100,0.007168838320986693
2016-06-30,JP1101,0.0021407262430249256
2016-06-30,JP1102,0.0009044077983207386
2016-06-30,JP1103,0.0006012762448772279
2016-06-30,JP1104,0.0015353137913995756
2016-06-30,JP1105,0.003068567646161699
2016-06-30,JP1106,0.003992117612405734
2016-06-30,JP1107,0.036090800192556845
2016-06-30,JP1108,0.016391952192941848
2016-06-30,JP1109,0.0018365652523424658
2016-06-30,JP1110,0.008223049144530977
2016-06-30,JP1111,0.0035558785661718513
2016-06-30,JP1112,0.0038009695666576704
2016-06-30,JP1113,0.00638567283268218
2016-06-30,JP1114,0.008671065069864247
2016-06-30,JP1115,0.0028813606995233237
2016-06-30,JP1116,0.013620533209870275
2016-06-30,JP1117,0.0017180742178001935
2016-06-30,JP1118,0.005067042020810671
2016-06-30,JP1119,0.06618056451769244
2016-07-31,JP1000,0.0043455821324649814
2016-07-31,JP1001,0.006884866051127288
2016-07-31,JP1002,0.016899470490532458
2016-07-31,JP1003,0.001832606736983796
2016-07-31,JP1004,0.005027759000738612
2016-07-31,JP1005,0.021239144813488604
2016-07-31,JP1006,0.002575098292314376
2016-07-31,JP1007,0.0020517231635799487
2016-07-31,JP1008,0.006419264063334029
2016-07-31,JP1009,0.01136133785648084
2016-07-31,JP1010,0.004827283685520463
2016-07-31,JP1011,0.01909204253328977
2016-07-31,JP1012,0.009757909839655726
2016-07-31,JP1013,0.010766647125179045
2016-07-31,JP1014,0.009805870337774296
2016-07-31,JP1015,0.05531494044025172
2016-07-31,JP1016,0.0038115766402750184
2016-07-31,JP1017,0.0007422184800328297
2016-07-31,JP1018,0.02373750668474787
2016-07-31,JP1019,0.003543518852405768
2016-07-31,JP1020,0.005737019590883386
2016-07-31,JP1021,0.018683890336996425
2016-07-31,JP1022,0.0010400381550371442
2016-07-31,JP1023,0.0019250057120001043
2016-07-31,JP1024,0.0009738141685134288
2016-07-31,JP1025,0.0024088341615150885
2016-07-31,JP1026,0.008744253837979414
2016-07-31,JP1027,0.007993029595797372
2016-07-31,JP1028,0.005856028825508573
2016-07-31,JP1029,0.0011945237916612815
2016-07-31,JP1030,0.0005579232822422656
2016-07-31,JP1031,0.005316294529519351
2016-07-31,JP1032,0.0031763625080105805
2016-07-31,JP1033,0.009034820352098677
2016-07-31,JP1034,0.009698222504118685
2016-07-31,JP1035,0.005929792402529905
2016-07-31,JP1036,0.009577075602595813
2016-07-31,JP1037,0.006765976408872128
2016-07-31,JP1038,0.009057912784307301
2016-07-31,JP1039,0.0027884995916160173
2016-07-31,JP1040,0.003882527179180715
2016-07-31,JP1041,0.006222741977617477
2016-07-31,JP1042,0.010415600630646187
2016-07-31,JP1043,0.0034290095639289953
2016-07-31,JP1044,0.01017536259660749
2016-07-31,JP1045,0.003867890376027562
2016-07-31,JP1046,0.004040987746085072
2016-07-31,JP1047,0.011157974220039299
2016-07-31,JP1048,0.000604392020543492
2016-07-31,JP1049,0.0012517889491380364
2016-07-31,JP1050,0.001265587701874188
2016-07-31,JP1051,0.0004370878212419001
2016-07-31,JP1052,0.0027280626965625037
2016-07-31,JP1053,0.011052221746264808
2016-07-31,JP1054,0.003715771811921241
2016-07-31,JP1055,0.006495751731105911
2016-07-31,JP1056,0.014098587981645604
2016-07-31,JP1057,0.021378673844032477
2016-07-31,JP1058,0.004534212136218466
2016-07-31,JP1059,0.019405809968709723
2016-07-31,JP1060,0.005431497406190095
2016-07-31,JP1061,0.0024161429250954664
2016-07-31,JP1062,0.003036384026875725
2016-07-31,JP1063,0.0009120291509025462
2016-07-31,JP1064,0.002198804367563216
2016-07-31,JP1065,0.0030591813031927177
2016-07-31,JP1066,0.011246715737753628
2016-07-31,JP1067,0.02880577052258599
2016-07-31,JP1068,0.0012626793924684948
2016-07-31,JP1069,0.008113527203962455
2016-07-31,JP1070,0.0019780015580664555
2016-07-31,JP1071,0.0077521778177293684
2016-07-31,JP1072,0.004214609544938748
2016-07-31,JP1073,0.0008320360766314831
2016-07-31,JP1074,0.01129711165122901
2016-07-31,JP1075,0.0027126466803787195
2016-07-31,JP1076,0.003495690235330307
2016-07-31,JP1077,0.0015376277945285278
2016-07-31,JP1078,0.0026177843467894966
2016-07-31,JP1079,0.007532926885102347
2016-07-31,JP1080,0.005269343336185024
2016-07-31,JP1081,0.006858571507964027
2016-07-31,JP1082,0.007131802937287976
2016-07-31,JP1083,0.01760544917245856
2016-07-31,JP1084,0.003701615451729908
2016-07-31,JP1085,0.0012223585034933082
2016-07-31,JP1086,0.013863558893972365
2016-07-31,JP1087,0.00412888506889723
2016-07-31,JP1088,0.01631886999202419
2016-07-31,JP1089,0.00832439485809932
2016-07-31,JP1090,0.004422354384546665
2016-07-31,JP1091,0.007566401798349245
2016-07-31,JP1092,0.03588524521038317
2016-07-31,JP1093,0.04810432007128918
2016-07-31,JP1094,0.0056498604871721494
2016-07-31,JP1095,0.006120778483349432
2016-07-31,JP1096,0.014600258893841806
2016-07-31,JP1097,0.00212413764869437
2016-07-31,JP1098,0.007444428375580711
2016-07-31,JP1099,0.0055108517920798164
2016-07-31,JP1100,0.006659708435324862
2016-07-31,JP1101,0.002293117912164506
2016-07-31,JP1102,0.0010827160651199275
2016-07-31,JP1103,0.0006794145680885181
2016-07-31,JP1104,0.0014369022056704814
2016-07-31,JP1105,0.0030025884956838365
2016-07-31,JP1106,0.003390058794616805
2016-07-31,JP1107,0.036275511835595096
2016-07-31,JP1108,0.014389795886013258
2016-07-31,JP1109,0.0018944111950956665
2016-07-31,JP1110,0.006546324214576159
2016-07-31,JP1111,0.003330829637593793
2016-07-31,JP1112,0.003503803543976843
2016-07-31,JP1113,0.006764848028983086
2016-07-31,JP1114,0.010152471946897784
2016-07-31,JP1115,0.0037674099434819733
2016-07-31,JP1116,0.014647660695340356
2016-07-31,JP1117,0.0013565115948122105
2016-07-31,JP1118,0.005008526215513218
2016-07-31,JP1119,0.06485482922936693
2016-08-31,JP1000,0.004243620578437696
2016-08-31,JP1001,0.006689438126283802
2016-08-31,JP1002,0.014189089042281666
2016-08-31,JP1003,0.001678490040186825
2016-08-31,JP1004,0.00484638847545142
2016-08-31,JP1005,0.02379246855794812
2016-08-31,JP1006,0.002872356286833087
2016-08-31,JP1007,0.0022094434578855526
2016-08-31,JP1008,0.0058016084795101995
2016-08-31,JP1009,0.01031464720083795
2016-08-31,JP1010,0.006468306841987638
2016-08-31,JP1011,0.020724682402154016
2016-08-31,JP1012,0.01128761353179662
2016-08-31,JP1013,0.014115726948887066
2016-08-31,JP1014,0.010235752372118143
2016-08-31,JP1015,0.04600174527510458
2016-08-31,JP1016,0.003879261537201623
2016-08-31,JP1017,0.0006834506754080825
2016-08-31,JP1018,0.022951879724256823
2016-08-31,JP1019,0.0032181176542060586
2016-08-31,JP1020,0.006142492629039737
2016-08-31,JP1021,0.016583008477700577
2016-08-31,JP1022,0.0010652340072794802
2016-08-31,JP1023,0.0016509593940405626
2016-08-31,JP1024,0.0010777742912445338
2016-08-31,JP1025,0.0023035607107741375
2016-08-31,JP1026,0.007455711749961388
2016-08-31,JP1027,0.009425568185537187
2016-08-31,JP1028,0.006017886720327424
2016-08-31,JP1029,0.0012810336404425852
2016-08-31,JP1030,0.000510993771910196
2016-08-31,JP1031,0.00606824037618406
2016-08-31,JP1032,0.003022556742468869
2016-08-31,JP1033,0.007735082710288296
2016-08-31,JP1034,0.009151530431645067
2016-08-31,JP1035,0.006160289948199861
2016-08-31,JP1036,0.01052660105779139
2016-08-31,JP1037,0.00592486536063782
2016-08-31,JP1038,0.008081173243259188
2016-08-31,JP1039,0.0026783241270791143
2016-08-31,JP1040,0.0038429739101362784
2016-08-31,JP1041,0.005649197426101654
2016-08-31,JP1042,0.01276004244601217
2016-08-31,JP1043,0.0034068930830182605
2016-08-31,JP1044,0.009514964318953604
2016-08-31,JP1045,0.003797639209399606
2016-08-31,JP1046,0.004565368479380787
2016-08-31,JP1047,0.011956833496492953
2016-08-31,JP1048,0.0008039825147142255
2016-08-31,JP1049,0.0016004245550891812
2016-08-31,JP1050,0.0013090377074407844
2016-08-31,JP1051,0.0004675055678849867
2016-08-31,JP1052,0.0023612864804251456
2016-08-31,JP1053,0.011724340113684395
2016-08-31,JP1054,0.00443242079775346
2016-08-31,JP1055,0.007030275832825742
2016-08-31,JP1056,0.01528201136447414
2016-08-31,JP1057,0.02083472306953397
2016-08-31,JP1058,0.005163191091932266
2016-08-31,JP1059,0.020178832423292922
2016-08-31,JP1060,0.0057403375047495
2016-08-31,JP1061,0.0022447076641133727
2016-08-31,JP1062,0.0026193965869034464
2016-08-31,JP1063,0.0010909100215876998
2016-08-31,JP1064,0.0019696800069724523
2016-08-31,JP1065,0.0030593840984189224
2016-08-31,JP1066,0.011635083793141456
2016-08-31,JP1067,0.028584553379964506
2016-08-31,JP1068,0.0013912030614298538
2016-08-31,JP1069,0.008628349048165767
2016-08-31,JP1070,0.002071016363751403
2016-08-31,JP1071,0.009513364702132217
2016-08-31,JP1072,0.004176022477108926
2016-08-31,JP1073,0.0007132325410478193
2016-08-31,JP1074,0.014260954322836474
2016-08-31,JP1075,0.003219952530745968
2016-08-31,JP1076,0.003517860501626375
2016-08-31,JP1077,0.0018494738553219378
2016-08-31,JP1078,0.002186277476161054
2016-08-31,JP1079,0.008171114991844843
2016-08-31,JP1080,0.004492699438231206
2016-08-31,JP1081,0.00808510508798656
2016-08-31,JP1082,0.008508270664384055
2016-08-31,JP1083,0.021068498910420667
2016-08-31,JP1084,0.0034371407407116244
2016-08-31,JP1085,0.0010580043427760428
2016-08-31,JP1086,0.015748931444643646
2016-08-31,JP1087,0.003405610788141627
2016-08-31,JP1088,0.018142552423253914
2016-08-31,JP1089,0.006353940717659172
2016-08-31,JP1090,0.004766942516263275
2016-08-31,JP1091,0.007514867397097687
2016-08-31,JP1092,0.03539214418394836
2016-08-31,JP1093,0.03736083219185762
2016-08-31,JP1094,0.0044788104710726815
2016-08-31,JP1095,0.005715613903380036
2016-08-31,JP1096,0.01431067590883815
2016-08-31,JP1097,0.0024637057516066147
2016-08-31,JP1098,0.006625585830593213
2016-08-31,JP1099,0.005236054202236257
2016-08-31,JP1100,0.006177033978729938
2016-08-31,JP1101,0.0023415427333489877
2016-08-31,JP1102,0.000837626030776349
2016-08-31,JP1103,0.0007966818759420429
2016-08-31,JP1104,0.0016564274104553548
2016-08-31,JP1105,0.002454759097284618
2016-08-31,JP1106,0.0035650834161325973
2016-08-31,JP1107,0.03264915339093979
2016-08-31,JP1108,0.014535087343137996
2016-08-31,JP1109,0.001891932380902718
2016-08-31,JP1110,0.006804612721096797
2016-08-31,JP1111,0.003150101083664183
2016-08-31,JP1112,0.0034415496623585408
2016-08-31,JP1113,0.006710400110823355
2016-08-31,JP1114,0.010755730313076776
2016-08-31,JP1115,0.0035659771804664123
2016-08-31,JP1116,0.014853593970211148
2016-08-31,JP1117,0.0014646007420038103
2016-08-31,JP1118,0.00520487204477236
2016-08-31,JP1119,0.07058545399761477
2016-09-30,JP1000,0.0045400759928196765
2016-09-30,JP1001,0.007694199073697989
2016-09-30,JP1002,0.013448552620401259
2016-09-30,JP1003,0.0012402598356647896
2016-09-30,JP1004,0.005263661792255118
2016-09-30,JP1005,0.020996113087462784
2016-09-30,JP1006,0.0023740826193247955
2016-09-30,JP1007,0.002199160580718102
2016-09-30,JP1008,0.0057908604668945405
2016-09-30,JP1009,0.0121918079332268
2016-09-30,JP1010,0.005151818981701454
2016-09-30,JP1011,0.017987229487438285
2016-09-30,JP1012,0.012232290589680499
2016-09-30,JP1013,0.011832742041267934
2016-09-30,JP1014,0.009769403393873166
2016-09-30,JP1015,0.04587727343004066
2016-09-30,JP1016,0.003844541767573425
2016-09-30,JP1017,0.000741828280603965
2016-09-30,JP1018,0.02387030237391329
2016-09-30,JP1019,0.002957414430545588
2016-09-30,JP1020,0.005372032834882798
2016-09-30,JP1021,0.01876151793751985
2016-09-30,JP1022,0.0010205866468770742
2016-09-30,JP1023,0.0014329166506386614
2016-09-30,JP1024,0.0009307361830188559
2016-09-30,JP1025,0.002498110493039288
2016-09-30,JP1026,0.0090667477070347
2016-09-30,JP1027,0.007138481044123768
2016-09-30,JP1028,0.005773480807783103
2016-09-30,JP1029,0.001376955433380396
2016-09-30,JP1030,0.0005940636788328574
2016-09-30,JP1031,0.004365753200135695
2016-09-30,JP1032,0.003462956337719487
2016-09-30,JP1033,0.00954033691608928
2016-09-30,JP1034,0.009469417926034058
2016-09-30,JP1035,0.006879618882153232
2016-09-30,JP1036,0.010747666894135186
2016-09-30,JP1037,0.006639456606701294
2016-09-30,JP1038,0.008088929631975472
2016-09-30,JP1039,0.0027948673070373486
2016-09-30,JP1040,0.004646846597879013
2016-09-30,JP1041,0.007400903392725242
2016-09-30,JP1042,0.013422659052746996
2016-09-30,JP1043,0.0034476707702652807
2016-09-30,JP1044,0.011755957788049378
2016-09-30,JP1045,0.004488845373488295
2016-09-30,JP1046,0.004801193230958061
2016-09-30,JP1047,0.01061383822773988
2016-09-30,JP1048,0.0005982727033265565
2016-09-30,JP1049,0.0012109194254940297
2016-09-30,JP1050,0.0010584473757567269
2016-09-30,JP1051,0.0005691957874427629
2016-09-30,JP1052,0.002725902297907111
2016-09-30,JP1053,0.010180270902521054
2016-09-30,JP1054,0.003795757794104701
2016-09-30,JP1055,0.006076145203203585
2016-09-30,JP1056,0.01647061039281494
2016-09-30,JP1057,0.017675180018467317
2016-09-30,JP1058,0.004944054504722021
2016-09-30,JP1059,0.02040845973520602
2016-09-30,JP1060,0.005153081565935352
2016-09-30,JP1061,0.002595443531450982
2016-09-30,JP1062,0.0027412048986560785
2016-09-30,JP1063,0.0010539484242854456
2016-09-30,JP1064,0.002292193420856605
2016-09-30,JP1065,0.0035958769961003914
2016-09-30,JP1066,0.011902909800428867
2016-09-30,JP1067,0.025397656138983808
2016-09-30,JP1068,0.0013929379510557716
2016-09-30,JP1069,0.009416141009247292
2016-09-30,JP1070,0.0015928545618575944
2016-09-30,JP1071,0.00852048283226519
2016-09-30,JP1072,0.004148460993008134
2016-09-30,JP1073,0.0010729478074277044
2016-09-30,JP1074,0.014652563161819246
2016-09-30,JP1075,0.0028735984568644063
2016-09-30,JP1076,0.0026529389273454384
2016-09-30,JP1077,0.0015904182339443556
2016-09-30,JP1078,0.0028653749508701152
2016-09-30,JP1079,0.00684827134169881
2016-09-30,JP1080,0.0037061711742841248
2016-09-30,JP1081,0.007112829814085619
2016-09-30,JP1082,0.00744556506250384
2016-09-30,JP1083,0.019905972988586457
2016-09-30,JP1084,0.0034750760371823827
2016-09-30,JP1085,0.0012808345765516187
2016-09-30,JP1086,0.013645311542663276
2016-09-30,JP1087,0.003909976265934641
2016-09-30,JP1088,0.01593247617877778
2016-09-30,JP1089,0.007970897229974098
2016-09-30,JP1090,0.0050501468173954145
2016-09-30,JP1091,0.006928183794675784
2016-09-30,JP1092,0.03369198069847401
2016-09-30,JP1093,0.03448402571534691
2016-09-30,JP1094,0.004480953981995187
2016-09-30,JP1095,0.0058999756166806866
2016-09-30,JP1096,0.014847669397557326
2016-09-30,JP1097,0.001970102743528482
2016-09-30,JP1098,0.006542474404718852
2016-09-30,JP1099,0.0058056848170739295
2016-09-30,JP1100,0.007643435922178007
2016-09-30,JP1101,0.001959766918827519
2016-09-30,JP1102,0.0009985537889786776
2016-09-30,JP1103,0.0006703011927460166
2016-09-30,JP1104,0.0015719640506485692
2016-09-30,JP1105,0.0029826442048474463
2016-09-30,JP1106,0.003688938973324167
2016-09-30,JP1107,0.03959299828290563
2016-09-30,JP1108,0.017400319024367943
2016-09-30,JP1109,0.0018161506658356552
2016-09-30,JP1110,0.007584590343247751
2016-09-30,JP1111,0.0034029259293050576
2016-09-30,JP1112,0.003480471083122818
2016-09-30,JP1113,0.005977325569334178
2016-09-30,JP1114,0.008373757753780492
2016-09-30,JP1115,0.004093507084315262
2016-09-30,JP1116,0.017312932708481242
2016-09-30,JP1117,0.0015673080130757671
2016-09-30,JP1118,0.004824881484709917
2016-09-30,JP1119,0.07636223067084051
2016-10-31,JP1000,0.0035443097591248873
2016-10-31,JP1001,0.008358608990358507
2016-10-31,JP1002,0.012995748671874854
2016-10-31,JP1003,0.0016126132796426443
2016-10-31,JP1004,0.004575169410084707
2016-10-31,JP1005,0.019567166070906243
2016-10-31,JP1006,0.0024591122869381285
2016-10-31,JP1007,0.0019676884542903774
2016-10-31,JP1008,0.006130050975336212
2016-10-31,JP1009,0.013080340715377219
2016-10-31,JP1010,0.005172037931928414
2016-10-31,JP1011,0.017924533796438658
2016-10-31,JP1012,0.012232838787948673
2016-10-31,JP1013,0.009918096209969406
2016-10-31,JP1014,0.007872843994695651
2016-10-31,JP1015,0.0483185256121325
2016-10-31,JP1016,0.004334959560642434
2016-10-31,JP1017,0.0006909046378025286
2016-10-31,JP1018,0.02581510931403906
2016-10-31,JP1019,0.003104185183033417
2016-10-31,JP1020,0.0050645203060003105
2016-10-31,JP1021,0.02114812659264432
2016-10-31,JP1022,0.000924178595694517
2016-10-31,JP1023,0.0014673317666623446
2016-10-31,JP1024,0.000980885585632626
2016-10-31,JP1025,0.002352202145477747
2016-10-31,JP1026,0.007187021667980215
2016-10-31,JP1027,0.009231711920003419
2016-10-31,JP1028,0.007443125961977252
2016-10-31,JP1029,0.0013225416402010478
2016-10-31,JP1030,0.0004960135876565506
2016-10-31,JP1031,0.004973033453081257
2016-10-31,JP1032,0.004069923041768406
2016-10-31,JP1033,0.007052712277930341
2016-10-31,JP1034,0.010840244241539305
2016-10-31,JP1035,0.0058398719296080875
2016-10-31,JP1036,0.010454874061387223
2016-10-31,JP1037,0.006302312401822207
2016-10-31,JP1038,0.007942532039915068
2016-10-31,JP1039,0.002537606305608748
2016-10-31,JP1040,0.004242955085605066
2016-10-31,JP1041,0.00782818251419702
2016-10-31,JP1042,0.012438539076042017
2016-10-31,JP1043,0.0034939610042003895
2016-10-31,JP1044,0.008775046732113916
2016-10-31,JP1045,0.004532637136755628
2016-10-31,JP1046,0.003969357020734581
2016-10-31,JP1047,0.011072169565039923
2016-10-31,JP1048,0.0005540029275013616
2016-10-31,JP1049,0.0014227533911457886
2016-10-31,JP1050,0.0012163090734385214
2016-10-31,JP1051,0.0004317160583388016
2016-10-31,JP1052,0.0028818501685398705
2016-10-31,JP1053,0.009686516300379384
2016-10-31,JP1054,0.0035753321059031847
2016-10-31,JP1055,0.0060674330197624275
2016-10-31,JP1056,0.017147048828925704
2016-10-31,JP1057,0.01703134204509066
2016-10-31,JP1058,0.0047264562933057395
2016-10-31,JP1059,0.02057874219942558
2016-10-31,JP1060,0.005709677947985769
2016-10-31,JP1061,0.0022621842421030273
2016-10-31,JP1062,0.0029298130510482527
2016-10-31,JP1063,0.001058846555904025
2016-10-31,JP1064,0.0023960776090575287
2016-10-31,JP1065,0.0034009585487114603
2016-10-31,JP1066,0.010722980459645596
2016-10-31,JP1067,0.03146013935360334
2016-10-31,JP1068,0.0011594557845784864
2016-10-31,JP1069,0.007523596135782304
2016-10-31,JP1070,0.0016166587903397869
2016-10-31,JP1071,0.010173737203671722
2016-10-31,JP1072,0.00543558824168174
2016-10-31,JP1073,0.000779781927809597
2016-10-31,JP1074,0.01311126330132478
2016-10-31,JP1075,0.0026877602166530757
2016-10-31,JP1076,0.002785503811064021
2016-10-31,JP1077,0.001708130819237181
2016-10-31,JP1078,0.0025468200090157725
2016-10-31,JP1079,0.006481893314314517
2016-10-31,JP1080,0.0041797311951641295
2016-10-31,JP1081,0.006804755193164031
2016-10-31,JP1082,0.007288741121649515
2016-10-31,JP1083,0.01828532496431125
2016-10-31,JP1084,0.0033681676035271
2016-10-31,JP1085,0.0012260800573971958
2016-10-31,JP1086,0.015085360991439077
2016-10-31,JP1087,0.004060497502905682
2016-10-31,JP1088,0.015756521875528888
2016-10-31,JP1089,0.0070766837697565045
2016-10-31,JP1090,0.004589303493794612
2016-10-31,JP1091,0.005719626602593763
2016-10-31,JP1092,0.04271582646924153
2016-10-31,JP1093,0.04035064942182169
2016-10-31,JP1094,0.006560164444605635
2016-10-31,JP1095,0.005293316744422309
2016-10-31,JP1096,0.01290564180620726
2016-10-31,JP1097,0.00219045928796213
2016-10-31,JP1098,0.0071171886346668226
2016-10-31,JP1099,0.004958734541196024
2016-10-31,JP1100,0.006859810227012216
2016-10-31,JP1101,0.002007737414946897
2016-10-31,JP1102,0.0008650965784936057
2016-10-31,JP1103,0.000636685520017858
2016-10-31,JP1104,0.0014155889065002479
2016-10-31,JP1105,0.00270963253879838
2016-10-31,JP1106,0.003532246883540763
2016-10-31,JP1107,0.035640620292206576
2016-10-31,JP1108,0.018137075973682387
2016-10-31,JP1109,0.0020730558191824505
2016-10-31,JP1110,0.008038312370856247
2016-10-31,JP1111,0.0034955015775397047
2016-10-31,JP1112,0.0038401463571941983
2016-10-31,JP1113,0.00760718828134256
2016-10-31,JP1114,0.00800506528111465
2016-10-31,JP1115,0.0033622400397752524
2016-10-31,JP1116,0.01378419301073875
2016-10-31,JP1117,0.001717047801859187
2016-10-31,JP1118,0.004489091453827298
2016-10-31,JP1119,0.0713220569148825
2016-11-30,JP1000,0.003953815215674392
2016-11-30,JP1001,0.006724468940016314
2016-11-30,JP1002,0.013618292727061219
2016-11-30,JP1003,0.0018222086165245637
2016-11-30,JP1004,0.004720967276697641
2016-11-30,JP1005,0.01900646615836832
2016-11-30,JP1006,0.0024111288581122607
2016-11-30,JP1007,0.002102737322104876
2016-11-30,JP1008,0.006661010848001546
2016-11-30,JP1009,0.011683396931391773
2016-11-30,JP1010,0.005175263035133407
2016-11-30,JP1011,0.01808373485542711
2016-11-30,JP1012,0.014437167596986288
2016-11-30,JP1013,0.010527694280686794
2016-11-30,JP1014,0.00862521864888295
2016-11-30,JP1015,0.053461413814831736
2016-11-30,JP1016,0.004096977373370979
2016-11-30,JP1017,0.000644443142895257
2016-11-30,JP1018,0.02140518577876363
2016-11-30,JP1019,0.0030455968288433566
2016-11-30,JP1020,0.005219957035423727
2016-11-30,JP1021,0.022601592198050795
2016-11-30,JP1022,0.0013031146228684512
2016-11-30,JP1023,0.0014678824161595114
2016-11-30,JP1024,0.0009037464982163112
2016-11-30,JP1025,0.0025098307772581504
2016-11-30,JP1026,0.0072577957554983705
2016-11-30,JP1027,0.008246739815444763
2016-11-30,JP1028,0.006384903872197318
2016-11-30,JP1029,0.0011945036709544313
2016-11-30,JP1030,0.0004940946154534057
2016-11-30,JP1031,0.004775747954555569
2016-11-30,JP1032,0.0029998725700072885
2016-11-30,JP1033,0.009042425151602558
2016-11-30,JP1034,0.010372365883041738
2016-11-30,JP1035,0.005997363926556431
2016-11-30,JP1036,0.008823825297961366
2016-11-30,JP1037,0.007131609539912026
2016-11-30,JP1038,0.00818300896813051
2016-11-30,JP1039,0.00285271394757344
2016-11-30,JP1040,0.004376998771313141
2016-11-30,JP1041,0.0059364894955787765
2016-11-30,JP1042,0.009907546374003809
2016-11-30,JP1043,0.004324474518650007
2016-11-30,JP1044,0.00941250565519043
2016-11-30,JP1045,0.004310335998473351
2016-11-30,JP1046,0.005500768524054578
2016-11-30,JP1047,0.012091164196421832
2016-11-30,JP1048,0.0008047101286778732
2016-11-30,JP1049,0.0013447624186694394
2016-11-30,JP1050,0.0012612706519533174
2016-11-30,JP1051,0.00046950394412130427
2016-11-30,JP1052,0.002489039495309773
2016-11-30,JP1053,0.011019662401459044
2016-11-30,JP1054,0.0034175477220007794
2016-11-30,JP1055,0.006496604885180564
2016-11-30,JP1056,0.01485845237206525
2016-11-30,JP1057,0.015950294290807205
2016-11-30,JP1058,0.004598099599566008
2016-11-30,JP1059,0.019290787110605008
2016-11-30,JP1060,0.006159265391601935
2016-11-30,JP1061,0.0022971489850838168
2016-11-30,JP1062,0.003290021485850499
2016-11-30,JP1063,0.0012361746577400168
2016-11-30,JP1064,0.002007755135956571
2016-11-30,JP1065,0.003584770971461589
2016-11-30,JP1066,0.01112647525657677
2016-11-30,JP1067,0.030268704612464867
2016-11-30,JP1068,0.0013025812988951063
2016-11-30,JP1069,0.007174396996182685
2016-11-30,JP1070,0.0018236925491322018
2016-11-30,JP1071,0.008682958971586437
2016-11-30,JP1072,0.00409111850751697
2016-11-30,JP1073,0.0008532883565130043
2016-11-30,JP1074,0.011144832001775752
2016-11-30,JP1075,0.0031459113714297445
2016-11-30,JP1076,0.003187908482382874
2016-11-30,JP1077,0.002082820746607333
2016-11-30,JP1078,0.0023979262233931064
2016-11-30,JP1079,0.008862091737287092
2016-11-30,JP1080,0.004687413211881115
2016-11-30,JP1081,0.007035621343873589
2016-11-30,JP1082,0.007133519488439358
2016-11-30,JP1083,0.01733442243599335
2016-11-30,JP1084,0.0032000936988556498
2016-11-30,JP1085,0.0010926063208551546
2016-11-30,JP1086,0.013226098851298211
2016-11-30,JP1087,0.004343286359130821
2016-11-30,JP1088,0.013530338538010899
2016-11-30,JP1089,0.007681492559015405
2016-11-30,JP1090,0.00472553221827688
2016-11-30,JP1091,0.007576664234184074
2016-11-30,JP1092,0.03794313653707275
2016-11-30,JP1093,0.045248420873090826
2016-11-30,JP1094,0.005287450220657067
2016-11-30,JP1095,0.006107349419259549
2016-11-30,JP1096,0.014693882005857454
2016-11-30,JP1097,0.002522218161731612
2016-11-30,JP1098,0.00887824742851304
2016-11-30,JP1099,0.004460634350339968
2016-11-30,JP1100,0.0057623497723176854
2016-11-30,JP1101,0.00237284951956427
2016-11-30,JP1102,0.0011711861117534874
2016-11-30,JP1103,0.0007891976411425394
2016-11-30,JP1104,0.001816573679386276
2016-11-30,JP1105,0.003748853357290112
2016-11-30,JP1106,0.004541973901114032
2016-11-30,JP1107,0.041440395859454957
2016-11-30,JP1108,0.0170245536068462
2016-11-30,JP1109,0.001733660619903105
2016-11-30,JP1110,0.007296680201313521
2016-11-30,JP1111,0.0035376859836177272
2016-11-30,JP1112,0.0038428043884536646
2016-11-30,JP1113,0.006184599587972221
2016-11-30,JP1114,0.011205907944288463
2016-11-30,JP1115,0.003406228129301127
2016-11-30,JP1116,0.016188546401383848
2016-11-30,JP1117,0.0016993624431044204
2016-11-30,JP1118,0.00476421620881015
2016-11-30,JP1119,0.06221280132646501
2016-12-31,JP1000,0.003607106921435485
2016-12-31,JP1001,0.007291062651123166
2016-12-31,JP1002,0.014336424240152818
2016-12-31,JP1003,0.001738635484837594
2016-12-31,JP1004,0.004152490500724455
2016-12-31,JP1005,0.02203313459895028
2016-12-31,JP1006,0.0023603889634887854
2016-12-31,JP1007,0.002437013977859309
2016-12-31,JP1008,0.006751275113376479
2016-12-31,JP1009,0.011292817909647156
2016-12-31,JP1010,0.005163201500280601
2016-12-31,JP1011,0.01991959103885742
2016-12-31,JP1012,0.012608631572056274
2016-12-31,JP1013,0.014044109829769712
2016-12-31,JP1014,0.008903326232463132
2016-12-31,JP1015,0.05912481888067083
2016-12-31,JP1016,0.0037208539786082032
2016-12-31,JP1017,0.000649101310620401
2016-12-31,JP1018,0.020610385979971134
2016-12-31,JP1019,0.0032954885456697846
2016-12-31,JP1020,0.006096751220739546
2016-12-31,JP1021,0.014718944073603503
2016-12-31,JP1022,0.0010530516669862513
2016-12-31,JP1023,0.0015587699604150051
2016-12-31,JP1024,0.0010926096676376002
2016-12-31,JP1025,0.0020573130786776524
2016-12-31,JP1026,0.00860266299610839
2016-12-31,JP1027,0.008673231950002903
2016-12-31,JP1028,0.007174270929947003
2016-12-31,JP1029,0.001233396233398646
2016-12-31,JP1030,0.0005289419982815352
2016-12-31,JP1031,0.006052070035238492
2016-12-31,JP1032,0.0031359901566599263
2016-12-31,JP1033,0.008355495409962629
2016-12-31,JP1034,0.011728874393864077
2016-12-31,JP1035,0.005812679303137722
2016-12-31,JP1036,0.009803276549139487
2016-12-31,JP1037,0.006902881197085542
2016-12-31,JP1038,0.010061091616528317
2016-12-31,JP1039,0.0028844328392627766
2016-12-31,JP1040,0.004604391700366029
2016-12-31,JP1041,0.004940583990728381
2016-12-31,JP1042,0.010936090834878258
2016-12-31,JP1043,0.003263897331252217
2016-12-31,JP1044,0.00867788033337807
2016-12-31,JP1045,0.004655786684711573
2016-12-31,JP1046,0.004094017951364237
2016-12-31,JP1047,0.014714927483333109
2016-12-31,JP1048,0.0006728923182967951
2016-12-31,JP1049,0.001299475528293489
2016-12-31,JP1050,0.0012680220893673336
2016-12-31,JP1051,0.0005454945358928351
2016-12-31,JP1052,0.0027783395182552476
2016-12-31,JP1053,0.010050391166211887
2016-12-31,JP1054,0.004056992554919548
2016-12-31,JP1055,0.005638158529096847
2016-12-31,JP1056,0.014078039669585818
2016-12-31,JP1057,0.0191695353538037
2016-12-31,JP1058,0.00441050373251379
2016-12-31,JP1059,0.022064807469315065
2016-12-31,JP1060,0.005309157224929443
2016-12-31,JP1061,0.0021720672352666857
2016-12-31,JP1062,0.002592708344844407
2016-12-31,JP1063,0.0012947889013053126
2016-12-31,JP1064,0.0019746213363550417
2016-12-31,JP1065,0.004020103404898523
2016-12-31,JP1066,0.012750399196178033
2016-12-31,JP1067,0.027420720186131255
2016-12-31,JP1068,0.0012916344968476256
2016-12-31,JP1069,0.007246943351782058
2016-12-31,JP1070,0.0019139161113122887
2016-12-31,JP1071,0.008087932694562755
2016-12-31,JP1072,0.004315824939040621
2016-12-31,JP1073,0.0008259965296915859
2016-12-31,JP1074,0.01108063087558079
2016-12-31,JP1075,0.002780241141319057
2016-12-31,JP1076,0.003209721461799763
2016-12-31,JP1077,0.0017845677507208064
2016-12-31,JP1078,0.0029329407322983025
2016-12-31,JP1079,0.007578261612414036
2016-12-31,JP1080,0.0040549963625661845
2016-12-31,JP1081,0.0063728915851308235
2016-12-31,JP1082,0.00707431462669994
2016-12-31,JP1083,0.02339153303411522
2016-12-31,JP1084,0.0037430148202267643
2016-12-31,JP1085,0.0011048524142513666
2016-12-31,JP1086,0.01348706968672937
2016-12-31,JP1087,0.0031386160615607694
2016-12-31,JP1088,0.014392054599034646
2016-12-31,JP1089,0.008120726874635706
2016-12-31,JP1090,0.004311485443425543
2016-12-31,JP1091,0.006606684383854098
2016-12-31,JP1092,0.03315910648822985
2016-12-31,JP1093,0.04368705403002511
2016-12-31,JP1094,0.005454156782298505
2016-12-31,JP1095,0.005655301108715231
2016-12-31,JP1096,0.014592745522727659
2016-12-31,JP1097,0.0027457396233161175
2016-12-31,JP1098,0.008086175561352597
2016-12-31,JP1099,0.005789945551905799
2016-12-31,JP1100,0.005893328919610392
2016-12-31,JP1101,0.0021960145931959178
2016-12-31,JP1102,0.0009812547192086993
2016-12-31,JP1103,0.0006814882879433754
2016-12-31,JP1104,0.0018658557173935372
2016-12-31,JP1105,0.0033504361757045083
2016-12-31,JP1106,0.0035067322179445325
2016-12-31,JP1107,0.0333231726829452
2016-12-31,JP1108,0.016496919379992016
2016-12-31,JP1109,0.0021065244381833397
2016-12-31,JP1110,0.0073663835898960675
2016-12-31,JP1111,0.0034591540269754235
2016-12-31,JP1112,0.0038797534905303803
2016-12-31,JP1113,0.006343042277821525
2016-12-31,JP1114,0.010235790152959714
2016-12-31,JP1115,0.0038918370267977376
2016-12-31,JP1116,0.014899583787468819
2016-12-31,JP1117,0.0016295111059619362
2016-12-31,JP1118,0.0051178397908328895
2016-12-31,JP1119,0.06373691224775002
2017-01-31,JP1000,0.004866150905605506
2017-01-31,JP1001,0.007953813885560497
2017-01-31,JP1002,0.01659217877702919
2017-01-31,JP1003,0.0018596836169230096
2017-01-31,JP1004,0.004321324556710006
2017-01-31,JP1005,0.02135573077759823
2017-01-31,JP1006,0.0023640249291689637
2017-01-31,JP1007,0.0021289931667972262
2017-01-31,JP1008,0.007141970271340435
2017-01-31,JP1009,0.013476138673510722
2017-01-31,JP1010,0.004440384220293556
2017-01-31,JP1011,0.01933212466277002
2017-01-31,JP1012,0.012085600854874845
2017-01-31,JP1013,0.010942585859163018
2017-01-31,JP1014,0.00927120257024829
2017-01-31,JP1015,0.060504018351530596
2017-01-31,JP1016,0.004540289639500526
2017-01-31,JP1017,0.0007867506983205048
2017-01-31,JP1018,0.023603126321296613
2017-01-31,JP1019,0.0032378934352887325
2017-01-31,JP1020,0.005260821925548018
2017-01-31,JP1021,0.019345605537032
2017-01-31,JP1022,0.0010614725557249653
2017-01-31,JP1023,0.0016052960335759623
2017-01-31,JP1024,0.0011723881777504317
2017-01-31,JP1025,0.0024688020280662685
2017-01-31,JP1026,0.007261534843687076
2017-01-31,JP1027,0.007522828286009825
2017-01-31,JP1028,0.007079815019215912
2017-01-31,JP1029,0.001442327062305118
2017-01-31,JP1030,0.0005047908839755871
2017-01-31,JP1031,0.004620883067189001
2017-01-31,JP1032,0.003918352009895712
2017-01-31,JP1033,0.008476501658958992
2017-01-31,JP1034,0.010465031600832007
2017-01-31,JP1035,0.005209145937027905
2017-01-31,JP1036,0.010921423351876755
2017-01-31,JP1037,0.006867989320510215
2017-01-31,JP1038,0.009109687205510426
2017-01-31,JP1039,0.0023544558096264654
2017-01-31,JP1040,0.0042361449917363994
2017-01-31,JP1041,0.005836591762632689
2017-01-31,JP1042,0.013679744449706191
2017-01-31,JP1043,0.0037611239039986905
2017-01-31,JP1044,0.008147453028807152
2017-01-31,JP1045,0.003477403309872251
2017-01-31,JP1046,0.004660911074748959
2017-01-31,JP1047,0.011125156560288193
2017-01-31,JP1048,0.0006663638477416942
2017-01-31,JP1049,0.0012448037118286406
2017-01-31,JP1050,0.0010467031086639831
2017-01-31,JP1051,0.0005023905333517854
2017-01-31,JP1052,0.0025193963087299627
2017-01-31,JP1053,0.013846838453436098
2017-01-31,JP1054,0.004069470426379808
2017-01-31,JP1055,0.005537771489044928
2017-01-31,JP1056,0.012995790146679696
2017-01-31,JP1057,0.02001485742215006
2017-01-31,JP1058,0.004572897149178294
2017-01-31,JP1059,0.02254932162292709
2017-01-31,JP1060,0.0057504875356059765
2017-01-31,JP1061,0.0018099900407941686
2017-01-31,JP1062,0.002541180700383782
2017-01-31,JP1063,0.0010842699241840695
2017-01-31,JP1064,0.0021924977912213617
2017-01-31,JP1065,0.003208102582804724
2017-01-31,JP1066,0.011563324131198639
2017-01-31,JP1067,0.024931359949772285
2017-01-31,JP1068,0.0012807023319093204
2017-01-31,JP1069,0.007836573336885115
2017-01-31,JP1070,0.002084603543804266
2017-01-31,JP1071,0.008399953990892358
2017-01-31,JP1072,0.0041214764244769456
2017-01-31,JP1073,0.0009487274492930281
2017-01-31,JP1074,0.012666374255295154
2017-01-31,JP1075,0.003008156888285415
2017-01-31,JP1076,0.002811678911263903
2017-01-31,JP1077,0.0017652582773138332
2017-01-31,JP1078,0.00244626293546743
2017-01-31,JP1079,0.008077545357302363
2017-01-31,JP1080,0.004572728470820677
2017-01-31,JP1081,0.006740631888049167
2017-01-31,JP1082,0.006929534642038048
2017-01-31,JP1083,0.019792737452975936
2017-01-31,JP1084,0.003332370290969503
2017-01-31,JP1085,0.0010003194631740427
2017-01-31,JP1086,0.015356113312486187
2017-01-31,JP1087,0.0036208677533311534
2017-01-31,JP1088,0.015343287825198546
2017-01-31,JP1089,0.007881007510635276
2017-01-31,JP1090,0.004777460373874899
2017-01-31,JP1091,0.007111031442934825
2017-01-31,JP1092,0.032063464916288066
2017-01-31,JP1093,0.03817166347398072
2017-01-31,JP1094,0.0057941519587276
2017-01-31,JP1095,0.006066625122171013
2017-01-31,JP1096,0.014157376824915127
2017-01-31,JP1097,0.00202358747992299
2017-01-31,JP1098,0.0075672085771449705
2017-01-31,JP1099,0.0048595386684800995
2017-01-31,JP1100,0.007524403113852216
2017-01-31,JP1101,0.0024194406365514137
2017-01-31,JP1102,0.0010081531870659974
2017-01-31,JP1103,0.0007053599142504586
2017-01-31,JP1104,0.0016911832978903426
2017-01-31,JP1105,0.003310410290545878
2017-01-31,JP1106,0.003055383453912258
2017-01-31,JP1107,0.032108173706794176
2017-01-31,JP1108,0.014059460737254306
2017-01-31,JP1109,0.001887050464276916
2017-01-31,JP1110,0.007301758072089913
2017-01-31,JP1111,0.0034467039373203786
2017-01-31,JP1112,0.00394789471931248
2017-01-31,JP1113,0.00573050000613151
2017-01-31,JP1114,0.010148024044209256
2017-01-31,JP1115,0.004352028064629784
2017-01-31,JP1116,0.01426045956070495
2017-01-31,JP1117,0.0015229763646505056
2017-01-31,JP1118,0.004791183593708286
2017-01-31,JP1119,0.06907494723882426
2017-02-28,JP1000,0.003678885803286714
2017-02-28,JP1001,0.007287884943272735
2017-02-28,JP1002,0.01242672169790745
2017-02-28,JP1003,0.0018058488823826668
2017-02-28,JP1004,0.004143951584887317
2017-02-28,JP1005,0.023750679864842895
2017-02-28,JP1006,0.0024577120962493734
2017-02-28,JP1007,0.001996292767190945
2017-02-28,JP1008,0.005997814434790279
2017-02-28,JP1009,0.012740478679269515
2017-02-28,JP1010,0.005839050049620439
2017-02-28,JP1011,0.017761997960995687
2017-02-28,JP1012,0.01086332779979062
2017-02-28,JP1013,0.014516142740887217
2017-02-28,JP1014,0.008948469109205836
2017-02-28,JP1015,0.05325771920123231
2017-02-28,JP1016,0.003893240979199591
2017-02-28,JP1017,0.0007091717724872458
2017-02-28,JP1018,0.030389789822675237
2017-02-28,JP1019,0.003340364249101902
2017-02-28,JP1020,0.006377138788336084
2017-02-28,JP1021,0.01912108842974659
2017-02-28,JP1022,0.0009356656307886924
2017-02-28,JP1023,0.0013748874602739624
2017-02-28,JP1024,0.0009280075662723049
2017-02-28,JP1025,0.0023773469287027443
2017-02-28,JP1026,0.009028337546596361
2017-02-28,JP1027,0.00883421012435116
2017-02-28,JP1028,0.006578710537555633
2017-02-28,JP1029,0.0011579056540089857
2017-02-28,JP1030,0.0005292914314967847
2017-02-28,JP1031,0.00480128284625042
2017-02-28,JP1032,0.002866685889665671
2017-02-28,JP1033,0.008915085663723
2017-02-28,JP1034,0.01009987332528982
2017-02-28,JP1035,0.005736439802808769
2017-02-28,JP1036,0.010821871719530547
2017-02-28,JP1037,0.006959733911578774
2017-02-28,JP1038,0.008890272794803722
2017-02-28,JP1039,0.0023616519540483254
2017-02-28,JP1040,0.004006917034122859
2017-02-28,JP1041,0.0061448097186280115
2017-02-28,JP1042,0.012050344050257063
2017-02-28,JP1043,0.003459245823266417
2017-02-28,JP1044,0.008559664528977254
2017-02-28,JP1045,0.003963519232638696
2017-02-28,JP1046,0.004559341266058153
2017-02-28,JP1047,0.01091156802863096
2017-02-28,JP1048,0.0007834778265559671
2017-02-28,JP1049,0.0013412999935764954
2017-02-28,JP1050,0.0011842141847178095
2017-02-28,JP1051,0.00040603866792486717
2017-02-28,JP1052,0.0025562999801885407
2017-02-28,JP1053,0.009755368463475243
2017-02-28,JP1054,0.0035097910941779683
2017-02-28,JP1055,0.007991283925090447
2017-02-28,JP1056,0.015681988876698364
2017-02-28,JP1057,0.02194701439466216
2017-02-28,JP1058,0.005231694309354245
2017-02-28,JP1059,0.021982637549967307
2017-02-28,JP1060,0.005532071032459711
2017-02-28,JP1061,0.0026158386121653077
2017-02-28,JP1062,0.0030913600490253016
2017-02-28,JP1063,0.0011757893912277858
2017-02-28,JP1064,0.002173932784750393
2017-02-28,JP1065,0.0035489537154710536
2017-02-28,JP1066,0.011555386589041556
2017-02-28,JP1067,0.028638515836205934
2017-02-28,JP1068,0.0013422061080110084
2017-02-28,JP1069,0.009071771961330305
2017-02-28,JP1070,0.0016116804797411137
2017-02-28,JP1071,0.009274561470294276
2017-02-28,JP1072,0.004351117299900527
2017-02-28,JP1073,0.000936508435849981
2017-02-28,JP1074,0.01259494089423869
2017-02-28,JP1075,0.002928872148222201
2017-02-28,JP1076,0.002969988552641579
2017-02-28,JP1077,0.001485172813339845
2017-02-28,JP1078,0.003183423444741996
2017-02-28,JP1079,0.007184729285383442
2017-02-28,JP1080,0.004295150978233701
2017-02-28,JP1081,0.006435069140249015
2017-02-28,JP1082,0.006466043782777184
2017-02-28,JP1083,0.01888769087220759
2017-02-28,JP1084,0.0034425259325835925
2017-02-28,JP1085,0.0010456131322189046
2017-02-28,JP1086,0.014909847740654441
2017-02-28,JP1087,0.003185674107462045
2017-02-28,JP1088,0.01588670484471071
2017-02-28,JP1089,0.007455762273929169
2017-02-28,JP1090,0.003522477678998007
2017-02-28,JP1091,0.0069227124506949355
2017-02-28,JP1092,0.037947222884115964
2017-02-28,JP1093,0.03692794946049576
2017-02-28,JP1094,0.00580606532195929
2017-02-28,JP1095,0.006307890285522057
2017-02-28,JP1096,0.013637328514190816
2017-02-28,JP1097,0.002206601388589155
2017-02-28,JP1098,0.007798350544537482
2017-02-28,JP1099,0.004594397795437319
2017-02-28,JP1100,0.00690102476629664
2017-02-28,JP1101,0.0025092850390798496
2017-02-28,JP1102,0.0009636877592286107
2017-02-28,JP1103,0.0006779207771839638
2017-02-28,JP1104,0.0015114047825419506
2017-02-28,JP1105,0.0032013458082528895
2017-02-28,JP1106,0.004014142885550654
2017-02-28,JP1107,0.02808178779844512
2017-02-28,JP1108,0.014744996774664794
2017-02-28,JP1109,0.002052759197369206
2017-02-28,JP1110,0.0074531415278668136
2017-02-28,JP1111,0.0032512082188971224
2017-02-28,JP1112,0.003467801165195517
2017-02-28,JP1113,0.0065963396675775094
2017-02-28,JP1114,0.009256011246626943
2017-02-28,JP1115,0.003871410837149357
2017-02-28,JP1116,0.01549034006481353
2017-02-28,JP1117,0.0015709219982644714
2017-02-28,JP1118,0.0057657659004032415
2017-02-28,JP1119,0.06514325235690958
2017-03-31,JP1000,0.0043753056650395325
2017-03-31,JP1001,0.00692635570907624
2017-03-31,JP1002,0.014898190806737608
2017-03-31,JP1003,0.0017085078492365827
2017-03-31,JP1004,0.0038328934038301277
2017-03-31,JP1005,0.02182647639150366
2017-03-31,JP1006,0.002451592397119658
2017-03-31,JP1007,0.0020484357103702578
2017-03-31,JP1008,0.006120630916422221
2017-03-31,JP1009,0.011686261576477371
2017-03-31,JP1010,0.005088648562414034
2017-03-31,JP1011,0.021619632160592896
2017-03-31,JP1012,0.010452228583546812
2017-03-31,JP1013,0.014387752640528488
2017-03-31,JP1014,0.008775905808936781
2017-03-31,JP1015,0.05497349964880337
2017-03-31,JP1016,0.0041736834138642
2017-03-31,JP1017,0.0005741023270471241
2017-03-31,JP1018,0.02264125346417354
2017-03-31,JP1019,0.0030375461497621093
2017-03-31,JP1020,0.006224103693250304
2017-03-31,JP1021,0.016318437313379702
2017-03-31,JP1022,0.0009355167178282485
2017-03-31,JP1023,0.0014711065765037443
2017-03-31,JP1024,0.0010694930257365448
2017-03-31,JP1025,0.00239004649198331
2017-03-31,JP1026,0.007116479247784317
2017-03-31,JP1027,0.007283166508522488
2017-03-31,JP1028,0.007038233141550171
2017-03-31,JP1029,0.0014215154645284079
2017-03-31,JP1030,0.00048507266362431074
2017-03-31,JP1031,0.004763877596586084
2017-03-31,JP1032,0.0030234935121601736
2017-03-31,JP1033,0.00833087964184177
2017-03-31,JP1034,0.009972350678441235
2017-03-31,JP1035,0.006686815935820188
2017-03-31,JP1036,0.01186754280237727
2017-03-31,JP1037,0.006480658992355816
2017-03-31,JP1038,0.007069639131942373
2017-03-31,JP1039,0.0023332855813805757
2017-03-31,JP1040,0.004001876492908625
2017-03-31,JP1041,0.0057161272351959665
2017-03-31,JP1042,0.011714034155092515
2017-03-31,JP1043,0.003485390385341201
2017-03-31,JP1044,0.0072061641358127015
2017-03-31,JP1045,0.004202997810560912
2017-03-31,JP1046,0.004505267303335331
2017-03-31,JP1047,0.012018657141442894
2017-03-31,JP1048,0.0007427463218229357
2017-03-31,JP1049,0.0012814698261285693
2017-03-31,JP1050,0.001303277430614893
2017-03-31,JP1051,0.0004835413455340339
2017-03-31,JP1052,0.002986694636906966
2017-03-31,JP1053,0.009788592499553148
2017-03-31,JP1054,0.004393462388136499
2017-03-31,JP1055,0.005632586217281088
2017-03-31,JP1056,0.019399991854159797
2017-03-31,JP1057,0.017351514206567616
2017-03-31,JP1058,0.005247216566124903
2017-03-31,JP1059,0.01888793744731835
2017-03-31,JP1060,0.005958423410297974
2017-03-31,JP1061,0.002180875257018783
2017-03-31,JP1062,0.0025034095709229975
2017-03-31,JP1063,0.000870191038037761
2017-03-31,JP1064,0.0026746044404769133
2017-03-31,JP1065,0.003562500747061592
2017-03-31,JP1066,0.008418309468592308
2017-03-31,JP1067,0.0291427950054777
2017-03-31,JP1068,0.0013606386309162552
2017-03-31,JP1069,0.0069761445728965124
2017-03-31,JP1070,0.0016649542205034423
2017-03-31,JP1071,0.0081164261223268
2017-03-31,JP1072,0.005004561483266156
2017-03-31,JP1073,0.0008189495528515341
2017-03-31,JP1074,0.014817316680980653
2017-03-31,JP1075,0.0030934848086772164
2017-03-31,JP1076,0.0028990940887740247
2017-03-31,JP1077,0.0014834526368311795
2017-03-31,JP1078,0.0025708244888555834
2017-03-31,JP1079,0.008180192648867223
2017-03-31,JP1080,0.004211934433312944
2017-03-31,JP1081,0.007487848497468852
2017-03-31,JP1082,0.007920393368659661
2017-03-31,JP1083,0.01998385168521178
2017-03-31,JP1084,0.003493339007610885
2017-03-31,JP1085,0.0012169011075036577
2017-03-31,JP1086,0.018392589897421614
2017-03-31,JP1087,0.0031289606623280844
2017-03-31,JP1088,0.016191691042920228
2017-03-31,JP1089,0.00891517126933367
2017-03-31,JP1090,0.00394551894640922
2017-03-31,JP1091,0.007925321795426063
2017-03-31,JP1092,0.0398714809587393
2017-03-31,JP1093,0.034829785795954235
2017-03-31,JP1094,0.005822876172477771
2017-03-31,JP1095,0.00577903101409513
2017-03-31,JP1096,0.014751910482337701
2017-03-31,JP1097,0.0021022758910268333
2017-03-31,JP1098,0.008048745997362742
2017-03-31,JP1099,0.004874912086824825
2017-03-31,JP1100,0.006611125282613511
2017-03-31,JP1101,0.0021025915672577655
2017-03-31,JP1102,0.0009975136280671844
2017-03-31,JP1103,0.0005713461892306171
2017-03-31,JP1104,0.0015786649193188912
2017-03-31,JP1105,0.0032357757502002255
2017-03-31,JP1106,0.003929151802135471
2017-03-31,JP1107,0.039599325647938256
2017-03-31,JP1108,0.0156624837180325
2017-03-31,JP1109,0.001843450212928227
2017-03-31,JP1110,0.0064739178996776215
2017-03-31,JP1111,0.003467893928060551
2017-03-31,JP1112,0.0037624716858578873
2017-03-31,JP1113,0.006037988615594145
2017-03-31,JP1114,0.00964655724480142
2017-03-31,JP1115,0.0037956567216127415
2017-03-31,JP1116,0.015059395407132787
2017-03-31,JP1117,0.0015875421209939605
2017-03-31,JP1118,0.0046991324321216665
2017-03-31,JP1119,0.06391616293744819
2017-04-30,JP1000,0.004277252555946636
2017-04-30,JP1001,0.007836405168626355
2017-04-30,JP1002,0.013470443565552255
2017-04-30,JP1003,0.0015426450358354943
2017-04-30,JP1004,0.004580599992872362
2017-04-30,JP1005,0.02413419832560335
2017-04-30,JP1006,0.0029340210492724787
2017-04-30,JP1007,0.0025107789714118546
2017-04-30,JP1008,0.005476296324348392
2017-04-30,JP1009,0.0125391046198605
2017-04-30,JP1010,0.005133240386503084
2017-04-30,JP1011,0.016649985420589812
2017-04-30,JP1012,0.011987113169315946
2017-04-30,JP1013,0.013906361580721286
2017-04-30,JP1014,0.009702286591695608
2017-04-30,JP1015,0.04583127810823194
2017-04-30,JP1016,0.004034444812257421
2017-04-30,JP1017,0.0007006854683372947
2017-04-30,JP1018,0.02069563208851741
2017-04-30,JP1019,0.0026416810057111836
2017-04-30,JP1020,0.0055957193026505815
2017-04-30,JP1021,0.018633794789759853
2017-04-30,JP1022,0.0008290434041585864
2017-04-30,JP1023,0.0014708034335210109
2017-04-30,JP1024,0.0011119074897165523
2017-04-30,JP1025,0.002187353158655873
2017-04-30,JP1026,0.007723568136242876
2017-04-30,JP1027,0.008846197281010684
2017-04-30,JP1028,0.006813021948811037
2017-04-30,JP1029,0.0010192127670797006
2017-04-30,JP1030,0.00044845053679940015
2017-04-30,JP1031,0.005019984812031244
2017-04-30,JP1032,0.0028314810888911126
2017-04-30,JP1033,0.009067905287998545
2017-04-30,JP1034,0.010634036914948908
2017-04-30,JP1035,0.005083131750271856
2017-04-30,JP1036,0.010353847357823256
2017-04-30,JP1037,0.006965081121995189
2017-04-30,JP1038,0.007878199854393728
2017-04-30,JP1039,0.002662175881560987
2017-04-30,JP1040,0.004746299309505349
2017-04-30,JP1041,0.006800858536344953
2017-04-30,JP1042,0.01144127643612223
2017-04-30,JP1043,0.0037811189862894255
2017-04-30,JP1044,0.007905843112005763
2017-04-30,JP1045,0.004861796444092406
2017-04-30,JP1046,0.0045050610980837645
2017-04-30,JP1047,0.01271595017400634
2017-04-30,JP1048,0.0006501172221909154
2017-04-30,JP1049,0.001422090243417256
2017-04-30,JP1050,0.001186276745632884
2017-04-30,JP1051,0.00043699181202846554
2017-04-30,JP1052,0.002280853897475978
2017-04-30,JP1053,0.01025373788198618
2017-04-30,JP1054,0.004154980995615153
2017-04-30,JP1055,0.005019377811014014
2017-04-30,JP1056,0.014176579063357628
2017-04-30,JP1057,0.021270732376524798
2017-04-30,JP1058,0.004080860170775611
2017-04-30,JP1059,0.02170699637834159
2017-04-30,JP1060,0.004845284806532581
2017-04-30,JP1061,0.001953468052110535
2017-04-30,JP1062,0.0026899863962623637
2017-04-30,JP1063,0.001357260134495205
2017-04-30,JP1064,0.0019088941456725816
2017-04-30,JP1065,0.002907651467582936
2017-04-30,JP1066,0.00960275542825056
2017-04-30,JP1067,0.030344743808599414
2017-04-30,JP1068,0.001084374282573834
2017-04-30,JP1069,0.008250572503015243
2017-04-30,JP1070,0.0017596128431840196
2017-04-30,JP1071,0.007925842571144525
2017-04-30,JP1072,0.004469615738299082
2017-04-30,JP1073,0.0007317332873199163
2017-04-30,JP1074,0.012689093565718916
2017-04-30,JP1075,0.0023973180994122626
2017-04-30,JP1076,0.0033189468575592035
2017-04-30,JP1077,0.0015313913973205168
2017-04-30,JP1078,0.0026865650733357256
2017-04-30,JP1079,0.006841958882092777
2017-04-30,JP1080,0.0038810039371346165
2017-04-30,JP1081,0.006618954753765906
2017-04-30,JP1082,0.009570785853596189
2017-04-30,JP1083,0.018501942254261584
2017-04-30,JP1084,0.003233999271420115
2017-04-30,JP1085,0.0010804150667976652
2017-04-30,JP1086,0.012371727485033622
2017-04-30,JP1087,0.0034934573906783583
2017-04-30,JP1088,0.018144360160317622
2017-04-30,JP1089,0.007505527377097735
2017-04-30,JP1090,0.004748654103216837
2017-04-30,JP1091,0.006400910183985198
2017-04-30,JP1092,0.03410135125115273
2017-04-30,JP1093,0.040287025088655636
2017-04-30,JP1094,0.00493083881457551
2017-04-30,JP1095,0.006042693966338561
2017-04-30,JP1096,0.015431975151685099
2017-04-30,JP1097,0.0022418074520855957
2017-04-30,JP1098,0.006797947383998058
2017-04-30,JP1099,0.005375690057409139
2017-04-30,JP1100,0.006598254431934596
2017-04-30,JP1101,0.002075926960141653
2017-04-30,JP1102,0.0011656106046047446
2017-04-30,JP1103,0.000557093940138587
2017-04-30,JP1104,0.0013647587340019694
2017-04-30,JP1105,0.002866815264990907
2017-04-30,JP1106,0.003835083748246871
2017-04-30,JP1107,0.03902681329622539
2017-04-30,JP1108,0.013993601445377056
2017-04-30,JP1109,0.002266079627545357
2017-04-30,JP1110,0.007022272294340511
2017-04-30,JP1111,0.003254463619239101
2017-04-30,JP1112,0.0034188389813934353
2017-04-30,JP1113,0.007236370964363147
2017-04-30,JP1114,0.009050327053881119
2017-04-30,JP1115,0.0030839195833783713
2017-04-30,JP1116,0.01832519824606151
2017-04-30,JP1117,0.0016422831686745032
2017-04-30,JP1118,0.005391808049556347
2017-04-30,JP1119,0.07860917438787447
2017-05-31,JP1000,0.0050742653340742966
2017-05-31,JP1001,0.007503404923992763
2017-05-31,JP1002,0.014994688786152715
2017-05-31,JP1003,0.00181569765216934
2017-05-31,JP1004,0.0042626869865284986
2017-05-31,JP1005,0.023632922732429062
2017-05-31,JP1006,0.0024946296665462053
2017-05-31,JP1007,0.0018407383975997903
2017-05-31,JP1008,0.006044381906464747
2017-05-31,JP1009,0.012690593763917304
2017-05-31,JP1010,0.005198674442958394
2017-05-31,JP1011,0.019789334855773947
2017-05-31,JP1012,0.010923179175654395
2017-05-31,JP1013,0.011901644560447061
2017-05-31,JP1014,0.008616833739542066
2017-05-31,JP1015,0.05022652322580883
2017-05-31,JP1016,0.003804361340263536
2017-05-31,JP1017,0.0007387463912571498
2017-05-31,JP1018,0.025739754931374828
2017-05-31,JP1019,0.0032413529115212273
2017-05-31,JP1020,0.006835942623875652
2017-05-31,JP1021,0.019417331881992263
2017-05-31,JP1022,0.00113544607245369
2017-05-31,JP1023,0.0014694402266117743
2017-05-31,JP1024,0.0009730120188343451
2017-05-31,JP1025,0.0020323351237139186
2017-05-31,JP1026,0.007948721357626228
2017-05-31,JP1027,0.006469341658587081
2017-05-31,JP1028,0.006771728340182218
2017-05-31,JP1029,0.0012560971537954157
2017-05-31,JP1030,0.00048547633634966534
2017-05-31,JP1031,0.0052296921326452596
2017-05-31,JP1032,0.002752040058073286
2017-05-31,JP1033,0.0090900607843936
2017-05-31,JP1034,0.0097519180818539
2017-05-31,JP1035,0.0052083734994221986
2017-05-31,JP1036,0.011289066074881183
2017-05-31,JP1037,0.006356783092277295
2017-05-31,JP1038,0.008194528607232179
2017-05-31,JP1039,0.002358813791539381
2017-05-31,JP1040,0.004174773804573113
2017-05-31,JP1041,0.006962879813706831
2017-05-31,JP1042,0.011902144308325237
2017-05-31,JP1043,0.0033603779780653096
2017-05-31,JP1044,0.009167330253723422
2017-05-31,JP1045,0.003842602450723906
2017-05-31,JP1046,0.004626721517236415
2017-05-31,JP1047,0.011633248830012058
2017-05-31,JP1048,0.0007226380042756654
2017-05-31,JP1049,0.0013078031122470888
2017-05-31,JP1050,0.0010132021666807449
2017-05-31,JP1051,0.0005306270580357264
2017-05-31,JP1052,0.002948993285689996
2017-05-31,JP1053,0.009482815375805288
2017-05-31,JP1054,0.0038277630114031277
2017-05-31,JP1055,0.005824880734083856
2017-05-31,JP1056,0.016228854945399294
2017-05-31,JP1057,0.01932860585326011
2017-05-31,JP1058,0.006506780293548572
2017-05-31,JP1059,0.018777850351152942
2017-05-31,JP1060,0.006392282181471006
2017-05-31,JP1061,0.002547978506164199
2017-05-31,JP1062,0.0029101215646410764
2017-05-31,JP1063,0.0011415731653950545
2017-05-31,JP1064,0.002076295668587119
2017-05-31,JP1065,0.0034981674950188128
2017-05-31,JP1066,0.01250527370850472
2017-05-31,JP1067,0.02560382265639759
2017-05-31,JP1068,0.0012348574628348234
2017-05-31,JP1069,0.00719829601826595
2017-05-31,JP1070,0.00148597642305818
2017-05-31,JP1071,0.008756743075969678
2017-05-31,JP1072,0.004876563392069081
2017-05-31,JP1073,0.0007519449159299632
2017-05-31,JP1074,0.014020852680588855
2017-05-31,JP1075,0.002330001651749859
2017-05-31,JP1076,0.0029380046878481588
2017-05-31,JP1077,0.0016936012908594564
2017-05-31,JP1078,0.002621448573273512
2017-05-31,JP1079,0.007732099416911973
2017-05-31,JP1080,0.004105333385646144
2017-05-31,JP1081,0.006680014593061515
2017-05-31,JP1082,0.007101362865247258
2017-05-31,JP1083,0.021460611696640985
2017-05-31,JP1084,0.0033487174290886554
2017-05-31,JP1085,0.0014303392385152693
2017-05-31,JP1086,0.013639110432037471
2017-05-31,JP1087,0.0036757353614067594
2017-05-31,JP1088,0.0161343180006424
2017-05-31,JP1089,0.007123769318748498
2017-05-31,JP1090,0.005034600872572556
2017-05-31,JP1091,0.007482242404666392
2017-05-31,JP1092,0.034458571818129884
2017-05-31,JP1093,0.04575689394782916
2017-05-31,JP1094,0.004840739113528176
2017-05-31,JP1095,0.005544895100441411
2017-05-31,JP1096,0.015513842068063855
2017-05-31,JP1097,0.002325002399703778
2017-05-31,JP1098,0.007203507228786088
2017-05-31,JP1099,0.004809789793683461
2017-05-31,JP1100,0.0066725311190249225
2017-05-31,JP1101,0.002432712154789641
2017-05-31,JP1102,0.0010446766722961049
2017-05-31,JP1103,0.0005763893730231232
2017-05-31,JP1104,0.001490126643653769
2017-05-31,JP1105,0.003676298147534113
2017-05-31,JP1106,0.0034700455252722195
2017-05-31,JP1107,0.03564966430952397
2017-05-31,JP1108,0.0172933057331298
2017-05-31,JP1109,0.0020164833413597594
2017-05-31,JP1110,0.006561240417267986
2017-05-31,JP1111,0.0030059324384919955
2017-05-31,JP1112,0.004535160483214538
2017-05-31,JP1113,0.005421891021826592
2017-05-31,JP1114,0.008785298109463383
2017-05-31,JP1115,0.003695911990394064
2017-05-31,JP1116,0.014171021630337744
2017-05-31,JP1117,0.0016899141954829994
2017-05-31,JP1118,0.004344007508973294
2017-05-31,JP1119,0.06575062979219584
2017-06-30,JP1000,0.0036383011740824017
2017-06-30,JP1001,0.007469289842804113
2017-06-30,JP1002,0.014982531929842037
2017-06-30,JP1003,0.0018139750637050011
2017-06-30,JP1004,0.004333041088579256
2017-06-30,JP1005,0.023368218336110937
2017-06-30,JP1006,0.0027057621356667712
2017-06-30,JP1007,0.0022305837973407234
2017-06-30,JP1008,0.005021290591607602
2017-06-30,JP1009,0.01338899353941
2017-06-30,JP1010,0.0054017719744101494
2017-06-30,JP1011,0.01931587846431001
2017-06-30,JP1012,0.009914827062657585
2017-06-30,JP1013,0.011556681200687513
2017-06-30,JP1014,0.008181236498722525
2017-06-30,JP1015,0.04658598273178544
2017-06-30,JP1016,0.004122533452977693
2017-06-30,JP1017,0.0006558360411619299
2017-06-30,JP1018,0.024349687197272922
2017-06-30,JP1019,0.003495714283578651
2017-06-30,JP1020,0.005863297627847937
2017-06-30,JP1021,0.018088452018595606
2017-06-30,JP1022,0.0009711997257511774
2017-06-30,JP1023,0.0014023388515162847
2017-06-30,JP1024,0.0010092950955142897
2017-06-30,JP1025,0.002458479945182382
2017-06-30,JP1026,0.007175375646154075
2017-06-30,JP1027,0.010027248994629374
2017-06-30,JP1028,0.0071708622150508695
2017-06-30,JP1029,0.0009500086768582989
2017-06-30,JP1030,0.0005136084927041186
2017-06-30,JP1031,0.00601166514046172
2017-06-30,JP1032,0.003327991867390766
2017-06-30,JP1033,0.007794561117379831
2017-06-30,JP1034,0.010289448681677473
2017-06-30,JP1035,0.00599753138637679
2017-06-30,JP1036,0.011850457008122085
2017-06-30,JP1037,0.005601175079693587
2017-06-30,JP1038,0.008205768580468932
2017-06-30,JP1039,0.002987566188092997
2017-06-30,JP1040,0.004301474326586432
2017-06-30,JP1041,0.007277888889371423
2017-06-30,JP1042,0.015711018811041932
2017-06-30,JP1043,0.0032947486051293755
2017-06-30,JP1044,0.0076653767544166175
2017-06-30,JP1045,0.0038300683887061387
2017-06-30,JP1046,0.005091801140034945
2017-06-30,JP1047,0.013312229863062802
2017-06-30,JP1048,0.0008775791744201515
2017-06-30,JP1049,0.0013981104439404132
2017-06-30,JP1050,0.001223719236945867
2017-06-30,JP1051,0.000463236033667044
2017-06-30,JP1052,0.0020265028774423418
2017-06-30,JP1053,0.010812935534005828
2017-06-30,JP1054,0.0034384302010539293
2017-06-30,JP1055,0.006668535858441819
2017-06-30,JP1056,0.012633508474517264
2017-06-30,JP1057,0.01797581719217228
2017-06-30,JP1058,0.00491801260942124
2017-06-30,JP1059,0.020616601069194506
2017-06-30,JP1060,0.005599387718447966
2017-06-30,JP1061,0.002676769923110897
2017-06-30,JP1062,0.00331288871869582
2017-06-30,JP1063,0.0010901390535993777
2017-06-30,JP1064,0.002479561264697817
2017-06-30,JP1065,0.004277967351412217
2017-06-30,JP1066,0.011318848036762788
2017-06-30,JP1067,0.028806027848498998
2017-06-30,JP1068,0.0012814866527009136
2017-06-30,JP1069,0.007124945318506865
2017-06-30,JP1070,0.0017162879928219893
2017-06-30,JP1071,0.009411231983178775
2017-06-30,JP1072,0.004701706301540551
2017-06-30,JP1073,0.0007779832703289573
2017-06-30,JP1074,0.01183394274918713
2017-06-30,JP1075,0.0025972748725459874
2017-06-30,JP1076,0.0029594065592871564
2017-06-30,JP1077,0.0019286863037577687
2017-06-30,JP1078,0.002447294499476254
2017-06-30,JP1079,0.008613538585894873
2017-06-30,JP1080,0.0043306855537415204
2017-06-30,JP1081,0.0072298675653304795
2017-06-30,JP1082,0.008164340820489552
2017-06-30,JP1083,0.02091093126781053
2017-06-30,JP1084,0.0031646313824218605
2017-06-30,JP1085,0.0010512872236911064
2017-06-30,JP1086,0.014578462798055296
2017-06-30,JP1087,0.003816690295567714
2017-06-30,JP1088,0.017927297158847288
2017-06-30,JP1089,0.007577311003627894
2017-06-30,JP1090,0.005336161753373969
2017-06-30,JP1091,0.006775972268555121
2017-06-30,JP1092,0.0342103837628988
2017-06-30,JP1093,0.0397133260719169
2017-06-30,JP1094,0.005067932303102167
2017-06-30,JP1095,0.006762587368174802
2017-06-30,JP1096,0.011410472663453058
2017-06-30,JP1097,0.0020943779670411842
2017-06-30,JP1098,0.008029848192397835
2017-06-30,JP1099,0.004846126984456845
2017-06-30,JP1100,0.007818333157124102
2017-06-30,JP1101,0.002777841342682225
2017-06-30,JP1102,0.0010552160086230921
2017-06-30,JP1103,0.0007255571133552009
2017-06-30,JP1104,0.0021378575046162142
2017-06-30,JP1105,0.003376394107308737
2017-06-30,JP1106,0.003808656935778749
2017-06-30,JP1107,0.03896844500748881
2017-06-30,JP1108,0.017456107149435213
2017-06-30,JP1109,0.0019528734974715003
2017-06-30,JP1110,0.00692126536190717
2017-06-30,JP1111,0.004054939702588107
2017-06-30,JP1112,0.0037578584661709354
2017-06-30,JP1113,0.0069585634247299145
2017-06-30,JP1114,0.009783843144133744
2017-06-30,JP1115,0.004387293639560178
2017-06-30,JP1116,0.013656580079081718
2017-06-30,JP1117,0.0015041654945437421
2017-06-30,JP1118,0.005624107251391349
2017-06-30,JP1119,0.061553967972848095
2017-07-31,JP1000,0.004470593306028401
2017-07-31,JP1001,0.006886115119806782
2017-07-31,JP1002,0.014796941810188018
2017-07-31,JP1003,0.001844118338881002
2017-07-31,JP1004,0.004140285815140448
2017-07-31,JP1005,0.01979476790235996
2017-07-31,JP1006,0.002247522321297078
2017-07-31,JP1007,0.0019132760844843774
2017-07-31,JP1008,0.006304972799592854
2017-07-31,JP1009,0.013209985158924426
2017-07-31,JP1010,0.0058815037771170085
2017-07-31,JP1011,0.017085980286318688
2017-07-31,JP1012,0.012854657806442089
2017-07-31,JP1013,0.011804749694250308
2017-07-31,JP1014,0.006908512030938069
2017-07-31,JP1015,0.05003111929612065
2017-07-31,JP1016,0.003930245205070605
2017-07-31,JP1017,0.0007678132878263255
2017-07-31,JP1018,0.022997619783204006
2017-07-31,JP1019,0.003376497116461964
2017-07-31,JP1020,0.005558917655926196
2017-07-31,JP1021,0.01617071025391723
2017-07-31,JP1022,0.0009615138979161276
2017-07-31,JP1023,0.0016816034019252939
2017-07-31,JP1024,0.000999616893682923
2017-07-31,JP1025,0.0024959819731635207
2017-07-31,JP1026,0.008524751277272242
2017-07-31,JP1027,0.008146539777810907
2017-07-31,JP1028,0.005848374409909929
2017-07-31,JP1029,0.0010944851778221494
2017-07-31,JP1030,0.0005788540416710418
2017-07-31,JP1031,0.005407349998057764
2017-07-31,JP1032,0.00264606509197423
2017-07-31,JP1033,0.008679931498494284
2017-07-31,JP1034,0.008512199005413657
2017-07-31,JP1035,0.0053327167630929
2017-07-31,JP1036,0.01087530187163894
2017-07-31,JP1037,0.00816196618808392
2017-07-31,JP1038,0.009298904762070142
2017-07-31,JP1039,0.0023757652020620626
2017-07-31,JP1040,0.004226827991875909
2017-07-31,JP1041,0.0067327173614732784
2017-07-31,JP1042,0.01320963670667198
2017-07-31,JP1043,0.003319209626792357
2017-07-31,JP1044,0.008310646258648986
2017-07-31,JP1045,0.0035586745915394892
2017-07-31,JP1046,0.004793234828355181
2017-07-31,JP1047,0.01281156211665712
2017-07-31,JP1048,0.0005662627700360042
2017-07-31,JP1049,0.0013258833052579428
2017-07-31,JP1050,0.0010148104158642425
2017-07-31,JP1051,0.0004964395218456167
2017-07-31,JP1052,0.0022618266740450756
2017-07-31,JP1053,0.009352574069289526
2017-07-31,JP1054,0.004244821094819874
2017-07-31,JP1055,0.006046396535784787
2017-07-31,JP1056,0.014901452520072031
2017-07-31,JP1057,0.01986752436555475
2017-07-31,JP1058,0.005187105184978956
2017-07-31,JP1059,0.018726851791389658
2017-07-31,JP1060,0.0053160312022701006
2017-07-31,JP1061,0.002099348242247653
2017-07-31,JP1062,0.003101799260093216
2017-07-31,JP1063,0.0011398330299727082
2017-07-31,JP1064,0.0020157435350174036
2017-07-31,JP1065,0.003666746539453424
2017-07-31,JP1066,0.013530443919028372
2017-07-31,JP1067,0.028401159104131993
2017-07-31,JP1068,0.0012325751200684865
2017-07-31,JP1069,0.009073509573399722
2017-07-31,JP1070,0.0020353504947072778
2017-07-31,JP1071,0.009128591411517584
2017-07-31,JP1072,0.004208374573792782
2017-07-31,JP1073,0.0007613540456010999
2017-07-31,JP1074,0.010623976263520627
2017-07-31,JP1075,0.0030335173511975744
2017-07-31,JP1076,0.0029803218228505813
2017-07-31,JP1077,0.0014454065236951114
2017-07-31,JP1078,0.002956875970993432
2017-07-31,JP1079,0.00748115474345909
2017-07-31,JP1080,0.004086052835858974
2017-07-31,JP1081,0.006023068727572461
2017-07-31,JP1082,0.007609317705689
2017-07-31,JP1083,0.019867206748756257
2017-07-31,JP1084,0.0035631568448387736
2017-07-31,JP1085,0.0011046739262255635
2017-07-31,JP1086,0.019069705810865558
2017-07-31,JP1087,0.003210436363133961
2017-07-31,JP1088,0.014306021858718085
2017-07-31,JP1089,0.007944140391515765
2017-07-31,JP1090,0.003997424538594702
2017-07-31,JP1091,0.006412101181591609
2017-07-31,JP1092,0.039741510145253976
2017-07-31,JP1093,0.04276549191934451
2017-07-31,JP1094,0.00567475133683758
2017-07-31,JP1095,0.006029143075784965
2017-07-31,JP1096,0.01380811730987699
2017-07-31,JP1097,0.0021112995726942827
2017-07-31,JP1098,0.006982414007709185
2017-07-31,JP1099,0.005349433137194259
2017-07-31,JP1100,0.007204643583465023
2017-07-31,JP1101,0.001997864099738935
2017-07-31,JP1102,0.0011136228637086596
2017-07-31,JP1103,0.0005365464029229662
2017-07-31,JP1104,0.0015980841641474953
2017-07-31,JP1105,0.002844398693262993
2017-07-31,JP1106,0.003453298568832206
2017-07-31,JP1107,0.04244128547425528
2017-07-31,JP1108,0.013159682079768665
2017-07-31,JP1109,0.0017757471968586679
2017-07-31,JP1110,0.0075155968548231925
2017-07-31,JP1111,0.003203209576904117
2017-07-31,JP1112,0.0038552033191768306
2017-07-31,JP1113,0.007004217201107363
2017-07-31,JP1114,0.010002806613936426
2017-07-31,JP1115,0.003428439129702976
2017-07-31,JP1116,0.014421373789697807
2017-07-31,JP1117,0.0016978354704386032
2017-07-31,JP1118,0.0054090303897779855
2017-07-31,JP1119,0.06789625054908778
2017-08-31,JP1000,0.004074725170537444
2017-08-31,JP1001,0.008635563775992264
2017-08-31,JP1002,0.012106881637546342
2017-08-31,JP1003,0.0017150263268847182
2017-08-31,JP1004,0.004662418742624111
2017-08-31,JP1005,0.02200205217968973
2017-08-31,JP1006,0.0026452454230832404
2017-08-31,JP1007,0.0025388929163349064
2017-08-31,JP1008,0.0063705317960810895
2017-08-31,JP1009,0.013260660430942497
2017-08-31,JP1010,0.0045720827077396445
2017-08-31,JP1011,0.018441747743926727
2017-08-31,JP1012,0.014860748784263402
2017-08-31,JP1013,0.013978541946843214
2017-08-31,JP1014,0.0075976037863156876
2017-08-31,JP1015,0.05079445454910831
2017-08-31,JP1016,0.004095366040532862
2017-08-31,JP1017,0.0006973558907477561
2017-08-31,JP1018,0.02802421490298929
2017-08-31,JP1019,0.003772080869820473
2017-08-31,JP1020,0.0055457528836231965
2017-08-31,JP1021,0.020556138180055573
2017-08-31,JP1022,0.0010660608364578808
2017-08-31,JP1023,0.001415736704460287
2017-08-31,JP1024,0.000843931939666055
2017-08-31,JP1025,0.0024821407629458943
2017-08-31,JP1026,0.00817897063905788
2017-08-31,JP1027,0.008710743009245228
2017-08-31,JP1028,0.005927235500586083
2017-08-31,JP1029,0.0014689651453838267
2017-08-31,JP1030,0.0004998506517511628
2017-08-31,JP1031,0.004672182720950043
2017-08-31,JP1032,0.002716657474862332
2017-08-31,JP1033,0.008402618121976508
2017-08-31,JP1034,0.010741222687844365
2017-08-31,JP1035,0.005437670450302022
2017-08-31,JP1036,0.011109559214703609
2017-08-31,JP1037,0.006668415897408201
2017-08-31,JP1038,0.008546036040188415
2017-08-31,JP1039,0.002285541443250049
2017-08-31,JP1040,0.004562791046084679
2017-08-31,JP1041,0.00656629373880037
2017-08-31,JP1042,0.01192583202863561
2017-08-31,JP1043,0.003078049037216412
2017-08-31,JP1044,0.007311689238862589
2017-08-31,JP1045,0.0038313756867322424
2017-08-31,JP1046,0.004839567087732548
2017-08-31,JP1047,0.012616010183273213
2017-08-31,JP1048,0.0007166183546388271
2017-08-31,JP1049,0.0012967907789885743
2017-08-31,JP1050,0.0010395669053639648
2017-08-31,JP1051,0.00048003681690485657
2017-08-31,JP1052,0.0025153387527584057
2017-08-31,JP1053,0.011723246556852796
2017-08-31,JP1054,0.003555710208637128
2017-08-31,JP1055,0.005809738033744251
2017-08-31,JP1056,0.018103891831064606
2017-08-31,JP1057,0.021850388082962077
2017-08-31,JP1058,0.0042375884594237035
2017-08-31,JP1059,0.022239531559213644
2017-08-31,JP1060,0.004861508644829545
2017-08-31,JP1061,0.0020556790499614086
2017-08-31,JP1062,0.0026511291000140074
2017-08-31,JP1063,0.0011197603082043373
2017-08-31,JP1064,0.0021711394169812
2017-08-31,JP1065,0.003504475866369697
2017-08-31,JP1066,0.0117807645857465
2017-08-31,JP1067,0.02662887282377197
2017-08-31,JP1068,0.0012925940280489841
2017-08-31,JP1069,0.007404844726919283
2017-08-31,JP1070,0.0015250594304857255
2017-08-31,JP1071,0.008367945848514184
2017-08-31,JP1072,0.004392634727917971
2017-08-31,JP1073,0.0007401618079787187
2017-08-31,JP1074,0.012027829688463046
2017-08-31,JP1075,0.002602252820871388
2017-08-31,JP1076,0.002837769172590801
2017-08-31,JP1077,0.0020290216427306103
2017-08-31,JP1078,0.0031776835689710453
2017-08-31,JP1079,0.005793270000396155
2017-08-31,JP1080,0.004310196201448717
2017-08-31,JP1081,0.007580411348885624
2017-08-31,JP1082,0.006970761709742668
2017-08-31,JP1083,0.02038666459385345
2017-08-31,JP1084,0.004153872138792275
2017-08-31,JP1085,0.0009874477557730494
2017-08-31,JP1086,0.014614423206186106
2017-08-31,JP1087,0.004330127002109585
2017-08-31,JP1088,0.01335947994647769
2017-08-31,JP1089,0.007194121295519524
2017-08-31,JP1090,0.004159658871629576
2017-08-31,JP1091,0.007809769849830465
2017-08-31,JP1092,0.03931269448322109
2017-08-31,JP1093,0.040230426666269255
2017-08-31,JP1094,0.005333525112587073
2017-08-31,JP1095,0.004902210057016564
2017-08-31,JP1096,0.01677602420262991
2017-08-31,JP1097,0.0020553222789840967
2017-08-31,JP1098,0.006822651596840896
2017-08-31,JP1099,0.005326569761363344
2017-08-31,JP1100,0.006924587653760547
2017-08-31,JP1101,0.002383156133761859
2017-08-31,JP1102,0.0010748529343864515
2017-08-31,JP1103,0.0006368670211582648
2017-08-31,JP1104,0.0016737564749907633
2017-08-31,JP1105,0.0028023483640511855
2017-08-31,JP1106,0.003644870100536743
2017-08-31,JP1107,0.03836118703476169
2017-08-31,JP1108,0.013701971003842489
2017-08-31,JP1109,0.0017643663236620972
2017-08-31,JP1110,0.006431169158565501
2017-08-31,JP1111,0.0033523786882210336
2017-08-31,JP1112,0.0042943464302419646
2017-08-31,JP1113,0.00630568732122207
2017-08-31,JP1114,0.007410405681875963
2017-08-31,JP1115,0.0037697713239443166
2017-08-31,JP1116,0.013750192912128534
2017-08-31,JP1117,0.0016659746637846151
2017-08-31,JP1118,0.004917495575526336
2017-08-31,JP1119,0.06113217954603728
2017-09-30,JP1000,0.004225649583481341
2017-09-30,JP1001,0.005873403011416858
2017-09-30,JP1002,0.01612054963971798
2017-09-30,JP1003,0.0015263387827241953
2017-09-30,JP1004,0.004129704796813348
2017-09-30,JP1005,0.01969391713510174
2017-09-30,JP1006,0.002749298866427719
2017-09-30,JP1007,0.002327798704356669
2017-09-30,JP1008,0.005929933173563465
2017-09-30,JP1009,0.011190337300601004
2017-09-30,JP1010,0.005230027012537651
2017-09-30,JP1011,0.016934216572185405
2017-09-30,JP1012,0.012427341274630794
2017-09-30,JP1013,0.011156102383553865
2017-09-30,JP1014,0.009310208474144384
2017-09-30,JP1015,0.054666791107541364
2017-09-30,JP1016,0.0038981739023471107
2017-09-30,JP1017,0.0005577957740225618
2017-09-30,JP1018,0.024645711302714056
2017-09-30,JP1019,0.00277981485932705
2017-09-30,JP1020,0.005701760443816433
2017-09-30,JP1021,0.018337067583369886
2017-09-30,JP1022,0.0009646133176648942
2017-09-30,JP1023,0.0012761243355883538
2017-09-30,JP1024,0.0011530747208723107
2017-09-30,JP1025,0.002193561644519955
2017-09-30,JP1026,0.009974209947802746
2017-09-30,JP1027,0.008608170994067965
2017-09-30,JP1028,0.006934189524414431
2017-09-30,JP1029,0.0012413337415026354
2017-09-30,JP1030,0.0005215682192221184
2017-09-30,JP1031,0.005981392394284879
2017-09-30,JP1032,0.0035384106714074505
2017-09-30,JP1033,0.00673795229198132
2017-09-30,JP1034,0.01116221518124173
2017-09-30,JP1035,0.0061287231803456455
2017-09-30,JP1036,0.010899897323381287
2017-09-30,JP1037,0.007579881228580784
2017-09-30,JP1038,0.010281770280274164
2017-09-30,JP1039,0.002747846264074601
2017-09-30,JP1040,0.00401913317556871
2017-09-30,JP1041,0.005487972324929253
2017-09-30,JP1042,0.012441025911121105
2017-09-30,JP1043,0.003924516848157929
2017-09-30,JP1044,0.006981979995976035
2017-09-30,JP1045,0.004339771709108168
2017-09-30,JP1046,0.004401750677114491
2017-09-30,JP1047,0.009714793459055685
2017-09-30,JP1048,0.000725358189597554
2017-09-30,JP1049,0.0015211968118980467
2017-09-30,JP1050,0.001113725610282278
2017-09-30,JP1051,0.0004429401945827133
2017-09-30,JP1052,0.003058656344881569
2017-09-30,JP1053,0.01005028774172426
2017-09-30,JP1054,0.004289174239192011
2017-09-30,JP1055,0.005320227754531402
2017-09-30,JP1056,0.01573439476448779
2017-09-30,JP1057,0.01991489435949272
2017-09-30,JP1058,0.005171872093011798
2017-09-30,JP1059,0.022826343665766826
2017-09-30,JP1060,0.005133536260758798
2017-09-30,JP1061,0.0023156960627007984
2017-09-30,JP1062,0.0024448260454404125
2017-09-30,JP1063,0.0010067255721665394
2017-09-30,JP1064,0.0019720305582423495
2017-09-30,JP1065,0.0036985731243456294
2017-09-30,JP1066,0.013414052686697516
2017-09-30,JP1067,0.03418187231130181
2017-09-30,JP1068,0.001230425956745891
2017-09-30,JP1069,0.007755575298924129
2017-09-30,JP1070,0.001971486193736724
2017-09-30,JP1071,0.008813339458704383
2017-09-30,JP1072,0.004379781069344598
2017-09-30,JP1073,0.0008201530924534533
2017-09-30,JP1074,0.0127089944018801
2017-09-30,JP1075,0.002716088942018894
2017-09-30,JP1076,0.0028776954503110953
2017-09-30,JP1077,0.0017217010828206218
2017-09-30,JP1078,0.0025349309022362813
2017-09-30,JP1079,0.006954436064834958
2017-09-30,JP1080,0.004581583823714182
2017-09-30,JP1081,0.007428462007736625
2017-09-30,JP1082,0.008798773108378549
2017-09-30,JP1083,0.019739950404614636
2017-09-30,JP1084,0.003457510765719089
2017-09-30,JP1085,0.0010892939228792581
2017-09-30,JP1086,0.014835012366169863
2017-09-30,JP1087,0.003852916554989553
2017-09-30,JP1088,0.015106912917656331
2017-09-30,JP1089,0.006432623281145021
2017-09-30,JP1090,0.004137089422543227
2017-09-30,JP1091,0.0072110131363561005
2017-09-30,JP1092,0.03847743594473085
2017-09-30,JP1093,0.03493290483251485
2017-09-30,JP1094,0.005589671636521426
2017-09-30,JP1095,0.006094176300724182
2017-09-30,JP1096,0.014240835427909212
2017-09-30,JP1097,0.002055826196665223
2017-09-30,JP1098,0.006582858427596312
2017-09-30,JP1099,0.0050190910240346534
2017-09-30,JP1100,0.00778050418801957
2017-09-30,JP1101,0.002487904293802581
2017-09-30,JP1102,0.0009259505346987958
2017-09-30,JP1103,0.0006270994176696887
2017-09-30,JP1104,0.001334152115756244
2017-09-30,JP1105,0.003245515541722858
2017-09-30,JP1106,0.004021296123235822
2017-09-30,JP1107,0.041237925096750616
2017-09-30,JP1108,0.012837604240106578
2017-09-30,JP1109,0.0017404330393921608
2017-09-30,JP1110,0.007294737491813724
2017-09-30,JP1111,0.0028751762911159396
2017-09-30,JP1112,0.0038879749398331182
2017-09-30,JP1113,0.006505558517087672
2017-09-30,JP1114,0.00829848865610485
2017-09-30,JP1115,0.0036657432706495756
2017-09-30,JP1116,0.013035305750767848
2017-09-30,JP1117,0.001860109626129594
2017-09-30,JP1118,0.005217585440681009
2017-09-30,JP1119,0.06398818057029514
2017-10-31,JP1000,0.004303395316806303
2017-10-31,JP1001,0.006543291951604324
2017-10-31,JP1002,0.014554767586203046
2017-10-31,JP1003,0.0017491243200059739
2017-10-31,JP1004,0.004166461596029343
2017-10-31,JP1005,0.02697867816622766
2017-10-31,JP1006,0.0025470526738794043
2017-10-31,JP1007,0.0017975078104401831
2017-10-31,JP1008,0.005701091872162811
2017-10-31,JP1009,0.014415683024883271
2017-10-31,JP1010,0.0044392043927154335
2017-10-31,JP1011,0.018409396826597785
2017-10-31,JP1012,0.012899139218075235
2017-10-31,JP1013,0.01199295611819829
2017-10-31,JP1014,0.00912511678303324
2017-10-31,JP1015,0.053446411560038175
2017-10-31,JP1016,0.003953672308757309
2017-10-31,JP1017,0.0006032120596443837
2017-10-31,JP1018,0.025153524915159743
2017-10-31,JP1019,0.0029425900648674228
2017-10-31,JP1020,0.005139791867218425
2017-10-31,JP1021,0.020802332819567684
2017-10-31,JP1022,0.0009388572088539217
2017-10-31,JP1023,0.0016425223650712196
2017-10-31,JP1024,0.00100166734710716
2017-10-31,JP1025,0.0021537622540071773
2017-10-31,JP1026,0.0062660595443716485
2017-10-31,JP1027,0.01010914719888598
2017-10-31,JP1028,0.006378573515430053
2017-10-31,JP1029,0.0009393411049209949
2017-10-31,JP1030,0.000530431946064588
2017-10-31,JP1031,0.005086559484758405
2017-10-31,JP1032,0.0027520846602848053
2017-10-31,JP1033,0.00841294318100225
2017-10-31,JP1034,0.007571170266343308
2017-10-31,JP1035,0.005176344821380569
2017-10-31,JP1036,0.010048869169637025
2017-10-31,JP1037,0.006630614140542768
2017-10-31,JP1038,0.010291899419721444
2017-10-31,JP1039,0.0023352457164132466
2017-10-31,JP1040,0.004236130638308684
2017-10-31,JP1041,0.007759222902633178
2017-10-31,JP1042,0.011004116365446001
2017-10-31,JP1043,0.003422413469439112
2017-10-31,JP1044,0.007204453436183317
2017-10-31,JP1045,0.004514729103661715
2017-10-31,JP1046,0.00400854150147221
2017-10-31,JP1047,0.011400342891766014
2017-10-31,JP1048,0.0006758598609540655
2017-10-31,JP1049,0.0013355307331333528
2017-10-31,JP1050,0.0010530076482259379
2017-10-31,JP1051,0.00048084214975849026
2017-10-31,JP1052,0.0029292240804434785
2017-10-31,JP1053,0.012868655635812262
2017-10-31,JP1054,0.003578232301210327
2017-10-31,JP1055,0.0056412801385306785
2017-10-31,JP1056,0.013271359810141369
2017-10-31,JP1057,0.02389255620425369
2017-10-31,JP1058,0.0045768583672154825
2017-10-31,JP1059,0.020954583560824094
2017-10-31,JP1060,0.005691990346180017
2017-10-31,JP1061,0.0026135493655638073
2017-10-31,JP1062,0.0026067308324723816
2017-10-31,JP1063,0.0009861211301871921
2017-10-31,JP1064,0.002399063812350139
2017-10-31,JP1065,0.0037046219583938187
2017-10-31,JP1066,0.011318975795380768
2017-10-31,JP1067,0.03154945628622278
2017-10-31,JP1068,0.0012794352822124212
2017-10-31,JP1069,0.008390371504637523
2017-10-31,JP1070,0.0017530944999147218
2017-10-31,JP1071,0.008517809719064122
2017-10-31,JP1072,0.004476402647908236
2017-10-31,JP1073,0.0007511372123466699
2017-10-31,JP1074,0.01200142279327509
2017-10-31,JP1075,0.0025420741118806194
2017-10-31,JP1076,0.0029151338394288098
2017-10-31,JP1077,0.0015871415161749156
2017-10-31,JP1078,0.002628922171200755
2017-10-31,JP1079,0.007731847662908975
2017-10-31,JP1080,0.004089972858839031
2017-10-31,JP1081,0.0068769905135262965
2017-10-31,JP1082,0.0065703905377870854
2017-10-31,JP1083,0.017632279423648586
2017-10-31,JP1084,0.0029078681789689296
2017-10-31,JP1085,0.0010924495955808543
2017-10-31,JP1086,0.01275481127327868
2017-10-31,JP1087,0.003510520554518645
2017-10-31,JP1088,0.013741367296583035
2017-10-31,JP1089,0.005786786303791365
2017-10-31,JP1090,0.005319471888752769
2017-10-31,JP1091,0.0067053131416017564
2017-10-31,JP1092,0.03936927177866952
2017-10-31,JP1093,0.03665496247088735
2017-10-31,JP1094,0.006150048938058931
2017-10-31,JP1095,0.005064665371091916
2017-10-31,JP1096,0.014456014794178698
2017-10-31,JP1097,0.001863352504150842
2017-10-31,JP1098,0.008761892786374554
2017-10-31,JP1099,0.004601941438036896
2017-10-31,JP1100,0.007199565870096767
2017-10-31,JP1101,0.002201097717257269
2017-10-31,JP1102,0.0009852579495715898
2017-10-31,JP1103,0.000641501223357432
2017-10-31,JP1104,0.00181448275296379
2017-10-31,JP1105,0.003272036486475611
2017-10-31,JP1106,0.0036704752966694836
2017-10-31,JP1107,0.035390050377739665
2017-10-31,JP1108,0.017721250277195642
2017-10-31,JP1109,0.0017744581486930791
2017-10-31,JP1110,0.00569499104016668
2017-10-31,JP1111,0.0028879269552760153
2017-10-31,JP1112,0.0032893536049479373
2017-10-31,JP1113,0.005335939376959011
2017-10-31,JP1114,0.008262669178709084
2017-10-31,JP1115,0.0034406101341350006
2017-10-31,JP1116,0.014380319742307626
2017-10-31,JP1117,0.0015824847020439211
2017-10-31,JP1118,0.004529350413529731
2017-10-31,JP1119,0.0718320672195496
2017-11-30,JP1000,0.004345600405187198
2017-11-30,JP1001,0.008152719367501312
2017-11-30,JP1002,0.013410570739779602
2017-11-30,JP1003,0.0018792696543673876
2017-11-30,JP1004,0.005136180099165866
2017-11-30,JP1005,0.021029945333328602
2017-11-30,JP1006,0.002813998232141757
2017-11-30,JP1007,0.0025265171175662053
2017-11-30,JP1008,0.006301212790160277
2017-11-30,JP1009,0.011173825557732968
2017-11-30,JP1010,0.005199784895830036
2017-11-30,JP1011,0.018505917578128216
2017-11-30,JP1012,0.010925470934099601
2017-11-30,JP1013,0.012288054794689678
2017-11-30,JP1014,0.007888011857779532
2017-11-30,JP1015,0.049768272894151235
2017-11-30,JP1016,0.003958551560984867
2017-11-30,JP1017,0.0005906874868035257
2017-11-30,JP1018,0.026673794739141412
2017-11-30,JP1019,0.0031051027734454117
2017-11-30,JP1020,0.0063683781175059495
2017-11-30,JP1021,0.01814990694588208
2017-11-30,JP1022,0.0009710872009342575
2017-11-30,JP1023,0.001311889630101371
2017-11-30,JP1024,0.0010163370463329793
2017-11-30,JP1025,0.0022793984772052135
2017-11-30,JP1026,0.008392960583337659
2017-11-30,JP1027,0.008537513370803253
2017-11-30,JP1028,0.008160014925337992
2017-11-30,JP1029,0.001279457156759447
2017-11-30,JP1030,0.000451487728492811
2017-11-30,JP1031,0.0047625631502965305
2017-11-30,JP1032,0.0033044953290718598
2017-11-30,JP1033,0.007178805536743506
2017-11-30,JP1034,0.01075120793009334
2017-11-30,JP1035,0.006305267440558843
2017-11-30,JP1036,0.011771570586440983
2017-11-30,JP1037,0.00578849714977066
2017-11-30,JP1038,0.00935388600320105
2017-11-30,JP1039,0.0025629673546593303
2017-11-30,JP1040,0.003947891067109252
2017-11-30,JP1041,0.006015960562855217
2017-11-30,JP1042,0.011956038930270245
2017-11-30,JP1043,0.0031662685062632586
2017-11-30,JP1044,0.008714020237896676
2017-11-30,JP1045,0.0044473190418293515
2017-11-30,JP1046,0.004915745864999747
2017-11-30,JP1047,0.011603394800949452
2017-11-30,JP1048,0.0007004263478347836
2017-11-30,JP1049,0.001301218882739238
2017-11-30,JP1050,0.0010837258997239251
2017-11-30,JP1051,0.00041738104384058685
2017-11-30,JP1052,0.002612810811263355
2017-11-30,JP1053,0.011373246419879503
2017-11-30,JP1054,0.0037494592673993415
2017-11-30,JP1055,0.005604880363001227
2017-11-30,JP1056,0.015020416767275984
2017-11-30,JP1057,0.021659467098030818
2017-11-30,JP1058,0.005125562524469811
2017-11-30,JP1059,0.019379552247521064
2017-11-30,JP1060,0.006756126668344159
2017-11-30,JP1061,0.002846395691714883
2017-11-30,JP1062,0.002641020605712898
2017-11-30,JP1063,0.0011145548190894716
2017-11-30,JP1064,0.0022139523797631115
2017-11-30,JP1065,0.00320356971625707
2017-11-30,JP1066,0.012207841508938267
2017-11-30,JP1067,0.028346303954180176
2017-11-30,JP1068,0.0013080825762704514
2017-11-30,JP1069,0.007020705650469998
2017-11-30,JP1070,0.0016392941852057404
2017-11-30,JP1071,0.006617585604059889
2017-11-30,JP1072,0.005108835481533772
2017-11-30,JP1073,0.0008841035082955969
2017-11-30,JP1074,0.013588351812439753
2017-11-30,JP1075,0.0028388866522472975
2017-11-30,JP1076,0.0023379092258142857
2017-11-30,JP1077,0.0015979435485151993
2017-11-30,JP1078,0.0025438754275597646
2017-11-30,JP1079,0.006912531021790332
2017-11-30,JP1080,0.0035077805401967123
2017-11-30,JP1081,0.006324973004419387
2017-11-30,JP1082,0.007245758027432233
2017-11-30,JP1083,0.018900371970599492
2017-11-30,JP1084,0.0039022221842714214
2017-11-30,JP1085,0.0014092254150588652
2017-11-30,JP1086,0.015632914849820764
2017-11-30,JP1087,0.0035414523405184403
2017-11-30,JP1088,0.0183238803251543
2017-11-30,JP1089,0.006288757526014248
2017-11-30,JP1090,0.0035771207216161636
2017-11-30,JP1091,0.00651224077585356
2017-11-30,JP1092,0.03831384634006074
2017-11-30,JP1093,0.04074840115397374
2017-11-30,JP1094,0.004807267396057977
2017-11-30,JP1095,0.00547975936748794
2017-11-30,JP1096,0.013009395882560927
2017-11-30,JP1097,0.0019036406330687817
2017-11-30,JP1098,0.008180523934773113
2017-11-30,JP1099,0.004822891788817658
2017-11-30,JP1100,0.008202561384558753
2017-11-30,JP1101,0.001996129000633796
2017-11-30,JP1102,0.0010758650731647252
2017-11-30,JP1103,0.0006461684046993506
2017-11-30,JP1104,0.0017934911679237558
2017-11-30,JP1105,0.003255544734208254
2017-11-30,JP1106,0.004132558893261128
2017-11-30,JP1107,0.0368269889906578
2017-11-30,JP1108,0.013605120511670841
2017-11-30,JP1109,0.0020642364688062942
2017-11-30,JP1110,0.007035569210709746
2017-11-30,JP1111,0.003092036251390739
2017-11-30,JP1112,0.004049583307571598
2017-11-30,JP1113,0.00662639922517549
2017-11-30,JP1114,0.00888526822543957
2017-11-30,JP1115,0.0034530747757099394
2017-11-30,JP1116,0.01266344569871644
2017-11-30,JP1117,0.0013379908327829481
2017-11-30,JP1118,0.004931722319112803
2017-11-30,JP1119,0.07299998414718073
2017-12-31,JP1000,0.004491762271737285
2017-12-31,JP1001,0.007689115356928949
2017-12-31,JP1002,0.01490096358754613
2017-12-31,JP1003,0.001527206075827123
2017-12-31,JP1004,0.0037874296051253462
2017-12-31,JP1005,0.02145814333025054
2017-12-31,JP1006,0.0021750163592125604
2017-12-31,JP1007,0.002268157681012966
2017-12-31,JP1008,0.005440863116608117
2017-12-31,JP1009,0.01326365495078485
2017-12-31,JP1010,0.00472014348765922
2017-12-31,JP1011,0.0224400474215807
2017-12-31,JP1012,0.01257666794516161
2017-12-31,JP1013,0.010579477517541859
2017-12-31,JP1014,0.01087221206431089
2017-12-31,JP1015,0.05334698759229146
2017-12-31,JP1016,0.004195738767535686
2017-12-31,JP1017,0.0006788030055054796
2017-12-31,JP1018,0.026404352739486457
2017-12-31,JP1019,0.003378601307621311
2017-12-31,JP1020,0.005175843021052168
2017-12-31,JP1021,0.018371760296392637
2017-12-31,JP1022,0.0010324449570436134
2017-12-31,JP1023,0.0015360988862246642
2017-12-31,JP1024,0.0010847072879827772
2017-12-31,JP1025,0.002327831316599248
2017-12-31,JP1026,0.007442624111371806
2017-12-31,JP1027,0.008057858537745459
2017-12-31,JP1028,0.005928341642739843
2017-12-31,JP1029,0.0013088035665186648
2017-12-31,JP1030,0.00047280040008007963
2017-12-31,JP1031,0.0052477389885082
2017-12-31,JP1032,0.003236904708854479
2017-12-31,JP1033,0.008023689615426684
2017-12-31,JP1034,0.010216577783900279
2017-12-31,JP1035,0.005314104007350273
2017-12-31,JP1036,0.011129937174372578
2017-12-31,JP1037,0.006175239626788578
2017-12-31,JP1038,0.008533877584372861
2017-12-31,JP1039,0.0028115692110781223
2017-12-31,JP1040,0.004452828823596961
2017-12-31,JP1041,0.005825907116367081
2017-12-31,JP1042,0.011339092427006217
2017-12-31,JP1043,0.00401012213144156
2017-12-31,JP1044,0.008273421848331203
2017-12-31,JP1045,0.0038991887229839445
2017-12-31,JP1046,0.0048138229901792205
2017-12-31,JP1047,0.011865765083107483
2017-12-31,JP1048,0.0006651631011095715
2017-12-31,JP1049,0.0012863449118757282
2017-12-31,JP1050,0.0011496113028626148
2017-12-31,JP1051,0.0005245602397037022
2017-12-31,JP1052,0.0029342290960590505
2017-12-31,JP1053,0.009258274297917831
2017-12-31,JP1054,0.004544935543649465
2017-12-31,JP1055,0.005998853430293205
2017-12-31,JP1056,0.01651583046180151
2017-12-31,JP1057,0.017752951501864168
2017-12-31,JP1058,0.0040244864076209586
2017-12-31,JP1059,0.017200018371124
2017-12-31,JP1060,0.005374417321365514
2017-12-31,JP1061,0.002310884313043014
2017-12-31,JP1062,0.002804816373518297
2017-12-31,JP1063,0.001124185983707674
2017-12-31,JP1064,0.002330977383377977
2017-12-31,JP1065,0.0035423879907388383
2017-12-31,JP1066,0.011636918408956464
2017-12-31,JP1067,0.03864787305869205
2017-12-31,JP1068,0.0012707837210160062
2017-12-31,JP1069,0.006999663918919517
2017-12-31,JP1070,0.0018779320855106757
2017-12-31,JP1071,0.008764637525880564
2017-12-31,JP1072,0.004579688004359567
2017-12-31,JP1073,0.0008248156268131977
2017-12-31,JP1074,0.014866929761761162
2017-12-31,JP1075,0.0031687690106810378
2017-12-31,JP1076,0.002935884661533371
2017-12-31,JP1077,0.0016298977973943478
2017-12-31,JP1078,0.0027490521704410065
2017-12-31,JP1079,0.0072833162274964025
2017-12-31,JP1080,0.004580879476925155
2017-12-31,JP1081,0.007342554519447277
2017-12-31,JP1082,0.009502397518385181
2017-12-31,JP1083,0.02199049961547205
2017-12-31,JP1084,0.00322831063982433
2017-12-31,JP1085,0.0010984306665129174
2017-12-31,JP1086,0.012163583909069204
2017-12-31,JP1087,0.0029369050611533563
2017-12-31,JP1088,0.015620658650614603
2017-12-31,JP1089,0.006597942921565204
2017-12-31,JP1090,0.005236221876317978
2017-12-31,JP1091,0.008062201184343082
2017-12-31,JP1092,0.03469106968731034
2017-12-31,JP1093,0.039125266657568984
2017-12-31,JP1094,0.006299924254046659
2017-12-31,JP1095,0.007058767787301776
2017-12-31,JP1096,0.013539340327403015
2017-12-31,JP1097,0.0019558792422753727
2017-12-31,JP1098,0.006859128804597973
2017-12-31,JP1099,0.005154527743529824
2017-12-31,JP1100,0.006587409826325562
2017-12-31,JP1101,0.0023035969435001085
2017-12-31,JP1102,0.0012561877632611634
2017-12-31,JP1103,0.000553791300913715
2017-12-31,JP1104,0.0015851316730379319
2017-12-31,JP1105,0.0027877775542414812
2017-12-31,JP1106,0.0034756069008869913
2017-12-31,JP1107,0.03413702910248034
2017-12-31,JP1108,0.01423767233180572
2017-12-31,JP1109,0.0020391352473738454
2017-12-31,JP1110,0.007282128967958819
2017-12-31,JP1111,0.0034744731327929156
2017-12-31,JP1112,0.0036972361844318513
2017-12-31,JP1113,0.005968430709029949
2017-12-31,JP1114,0.009085877105636473
2017-12-31,JP1115,0.003520119445683122
2017-12-31,JP1116,0.015307939925986006
2017-12-31,JP1117,0.0013342000311601858
2017-12-31,JP1118,0.005247503157155455
2017-12-31,JP1119,0.06239092609044036
2018-01-31,JP1000,0.004713434940657809
2018-01-31,JP1001,0.007437917512480202
2018-01-31,JP1002,0.014955675073904457
2018-01-31,JP1003,0.001987449454596036
2018-01-31,JP1004,0.0048065228303703555
2018-01-31,JP1005,0.02301220999517672
2018-01-31,JP1006,0.0026166799454495145
2018-01-31,JP1007,0.0021371842579874355
2018-01-31,JP1008,0.0073010254362139045
2018-01-31,JP1009,0.010079585232566525
2018-01-31,JP1010,0.005202690990115199
2018-01-31,JP1011,0.018590941775281637
2018-01-31,JP1012,0.0113250204309232
2018-01-31,JP1013,0.012263769285985791
2018-01-31,JP1014,0.00797154720791324
2018-01-31,JP1015,0.06518021567948362
2018-01-31,JP1016,0.003647118593848772
2018-01-31,JP1017,0.0006285501680857737
2018-01-31,JP1018,0.02296555902462523
2018-01-31,JP1019,0.003308384629337956
2018-01-31,JP1020,0.00631952797037847
2018-01-31,JP1021,0.02001458059304753
2018-01-31,JP1022,0.0011963611207106905
2018-01-31,JP1023,0.0013497719382370185
2018-01-31,JP1024,0.0011039601722266906
2018-01-31,JP1025,0.002247502744690812
2018-01-31,JP1026,0.00813970289779812
2018-01-31,JP1027,0.009673262287844039
2018-01-31,JP1028,0.005705078880024214
2018-01-31,JP1029,0.0015229429810645538
2018-01-31,JP1030,0.0005014165058593624
2018-01-31,JP1031,0.0046089519888521885
2018-01-31,JP1032,0.002983952837409429
2018-01-31,JP1033,0.00819829296100846
2018-01-31,JP1034,0.009649978464257074
2018-01-31,JP1035,0.004795901980504034
2018-01-31,JP1036,0.01106871492535423
2018-01-31,JP1037,0.005997520176936784
2018-01-31,JP1038,0.009295109140999605
2018-01-31,JP1039,0.002276860825324165
2018-01-31,JP1040,0.005370125095545898
2018-01-31,JP1041,0.006569571874790641
2018-01-31,JP1042,0.01187597654548574
2018-01-31,JP1043,0.003679882534200222
2018-01-31,JP1044,0.007194563593316112
2018-01-31,JP1045,0.0037388387165891933
2018-01-31,JP1046,0.005447024912078042
2018-01-31,JP1047,0.011379522123435527
2018-01-31,JP1048,0.0006941735410410178
2018-01-31,JP1049,0.0013380152856535467
2018-01-31,JP1050,0.0013479367243683352
2018-01-31,JP1051,0.0004849207091738197
2018-01-31,JP1052,0.0022952957261232042
2018-01-31,JP1053,0.014035994616501837
2018-01-31,JP1054,0.0033599404540399012
2018-01-31,JP1055,0.006186451884760089
2018-01-31,JP1056,0.014004066175786293
2018-01-31,JP1057,0.018026370010199078
2018-01-31,JP1058,0.004302466585612517
2018-01-31,JP1059,0.01880074197225044
2018-01-31,JP1060,0.006201800454839849
2018-01-31,JP1061,0.001834391494964055
2018-01-31,JP1062,0.0032090985374444796
2018-01-31,JP1063,0.0013003233395787151
2018-01-31,JP1064,0.0022190556727575573
2018-01-31,JP1065,0.0036288290550471895
2018-01-31,JP1066,0.011770055077578598
2018-01-31,JP1067,0.033030148535572124
2018-01-31,JP1068,0.0010806359099459772
2018-01-31,JP1069,0.008165076530982905
2018-01-31,JP1070,0.00168059605931956
2018-01-31,JP1071,0.008949355359914377
2018-01-31,JP1072,0.004228566205114597
2018-01-31,JP1073,0.0008816949297060124
2018-01-31,JP1074,0.011109028101933956
2018-01-31,JP1075,0.002363282653039743
2018-01-31,JP1076,0.0029716077602819184
2018-01-31,JP1077,0.0020301511603839843
2018-01-31,JP1078,0.0028113219782738338
2018-01-31,JP1079,0.008290510513989558
2018-01-31,JP1080,0.004623188888530138
2018-01-31,JP1081,0.006843327041217621
2018-01-31,JP1082,0.007824864360707812
2018-01-31,JP1083,0.018119777483394533
2018-01-31,JP1084,0.0035258516828224123
2018-01-31,JP1085,0.001148511659110407
2018-01-31,JP1086,0.014111348161164269
2018-01-31,JP1087,0.003655439877878149
2018-01-31,JP1088,0.015232728393284791
2018-01-31,JP1089,0.007007074469613788
2018-01-31,JP1090,0.004433156954276983
2018-01-31,JP1091,0.007378808421128427
2018-01-31,JP1092,0.03230867575410689
2018-01-31,JP1093,0.0426503650150219
2018-01-31,JP1094,0.005229537203893106
2018-01-31,JP1095,0.006136905549542673
2018-01-31,JP1096,0.014069651413435831
2018-01-31,JP1097,0.002444151846637829
2018-01-31,JP1098,0.007869477004168936
2018-01-31,JP1099,0.004497438160537323
2018-01-31,JP1100,0.00739436179817306
2018-01-31,JP1101,0.002574275182567144
2018-01-31,JP1102,0.0009511574169383182
2018-01-31,JP1103,0.0005912187411063185
2018-01-31,JP1104,0.0018047669942221195
2018-01-31,JP1105,0.002843161194267386
2018-01-31,JP1106,0.0035373108136208626
2018-01-31,JP1107,0.03213913033047281
2018-01-31,JP1108,0.01669403485955452
2018-01-31,JP1109,0.001827548716914497
2018-01-31,JP1110,0.007053738600131784
2018-01-31,JP1111,0.003165778515994458
2018-01-31,JP1112,0.0043266655919731965
2018-01-31,JP1113,0.005661543825720601
2018-01-31,JP1114,0.008270713438712404
2018-01-31,JP1115,0.0031593677935045712
2018-01-31,JP1116,0.015919219588336357
2018-01-31,JP1117,0.0017664253861684762
2018-01-31,JP1118,0.005844518306349438
2018-01-31,JP1119,0.06069650129564657
2018-02-28,JP1000,0.0043492505450791275
2018-02-28,JP1001,0.00667413470321592
2018-02-28,JP1002,0.01572409699977857
2018-02-28,JP1003,0.0016358782748297645
2018-02-28,JP1004,0.005212480260216023
2018-02-28,JP1005,0.02182966546906392
2018-02-28,JP1006,0.002446974687441763
2018-02-28,JP1007,0.002616838601136212
2018-02-28,JP1008,0.005448193623327586
2018-02-28,JP1009,0.010670706976361013
2018-02-28,JP1010,0.004987321128134164
2018-02-28,JP1011,0.018974414344892214
2018-02-28,JP1012,0.01562900712510887
2018-02-28,JP1013,0.010817244706899404
2018-02-28,JP1014,0.007782046967895011
2018-02-28,JP1015,0.04756976015870569
2018-02-28,JP1016,0.004246857398933452
2018-02-28,JP1017,0.0007216672942564255
2018-02-28,JP1018,0.023610069872021574
2018-02-28,JP1019,0.003230160548863507
2018-02-28,JP1020,0.006893151182263474
2018-02-28,JP1021,0.01893846788088491
2018-02-28,JP1022,0.0010596801522234744
2018-02-28,JP1023,0.0017601152069372462
2018-02-28,JP1024,0.0009579565562082796
2018-02-28,JP1025,0.002133258229712287
2018-02-28,JP1026,0.00754432823744993
2018-02-28,JP1027,0.008162287407093197
2018-02-28,JP1028,0.005597390607681639
2018-02-28,JP1029,0.0012575447244795733
2018-02-28,JP1030,0.0005167057847059344
2018-02-28,JP1031,0.005279837858059419
2018-02-28,JP1032,0.003257951777408089
2018-02-28,JP1033,0.008275706653911885
2018-02-28,JP1034,0.009011180529661426
2018-02-28,JP1035,0.0060208779340521585
2018-02-28,JP1036,0.011520314455592708
2018-02-28,JP1037,0.005460983412858
2018-02-28,JP1038,0.010019207151977976
2018-02-28,JP1039,0.0022252622302775882
2018-02-28,JP1040,0.003798827370876498
2018-02-28,JP1041,0.006328728113192752
2018-02-28,JP1042,0.012208421648311539
2018-02-28,JP1043,0.003714163989507934
2018-02-28,JP1044,0.00907382728848684
2018-02-28,JP1045,0.003707354556729092
2018-02-28,JP1046,0.004578821360595427
2018-02-28,JP1047,0.011313307218683677
2018-02-28,JP1048,0.0007064472035565724
2018-02-28,JP1049,0.0014028431462191622
2018-02-28,JP1050,0.0011001553528964308
2018-02-28,JP1051,0.00047701361127843307
2018-02-28,JP1052,0.0021482268596953805
2018-02-28,JP1053,0.0117115385868979
2018-02-28,JP1054,0.003947171878912925
2018-02-28,JP1055,0.004929559953482022
2018-02-28,JP1056,0.01638983264202487
2018-02-28,JP1057,0.019115719548061925
2018-02-28,JP1058,0.0043288742154444695
2018-02-28,JP1059,0.017799511796722102
2018-02-28,JP1060,0.005214442083489664
2018-02-28,JP1061,0.0020088790921352065
2018-02-28,JP1062,0.002596095293261893
2018-02-28,JP1063,0.0013739015885885376
2018-02-28,JP1064,0.0021751690895554475
2018-02-28,JP1065,0.004365409511032518
2018-02-28,JP1066,0.011638127237142618
2018-02-28,JP1067,0.03016927617432698
2018-02-28,JP1068,0.0011710205381608137
2018-02-28,JP1069,0.0074198013764904475
2018-02-28,JP1070,0.0017849951566511774
2018-02-28,JP1071,0.008713155335778227
2018-02-28,JP1072,0.0044463905263748505
2018-02-28,JP1073,0.0008456536346338051
2018-02-28,JP1074,0.01330283855193002
2018-02-28,JP1075,0.002698891621245331
2018-02-28,JP1076,0.0028681244468983205
2018-02-28,JP1077,0.0016347271887271417
2018-02-28,JP1078,0.0029507953682093115
2018-02-28,JP1079,0.0075819842340626754
2018-02-28,JP1080,0.004356953469723399
2018-02-28,JP1081,0.006966647694040958
2018-02-28,JP1082,0.008136102454111208
2018-02-28,JP1083,0.015642327601424654
2018-02-28,JP1084,0.003727129967738202
2018-02-28,JP1085,0.001026113938058396
2018-02-28,JP1086,0.015400811836059956
2018-02-28,JP1087,0.0036037855365213217
2018-02-28,JP1088,0.013395033338481261
2018-02-28,JP1089,0.007731236028438375
2018-02-28,JP1090,0.004569520654967946
2018-02-28,JP1091,0.007055316431877795
2018-02-28,JP1092,0.035469872014878716
2018-02-28,JP1093,0.04131639090482813
2018-02-28,JP1094,0.006143108064973818
2018-02-28,JP1095,0.005794363093865424
2018-02-28,JP1096,0.016538169481377225
2018-02-28,JP1097,0.0021786852495157983
2018-02-28,JP1098,0.00809115502814369
2018-02-28,JP1099,0.004848894027307863
2018-02-28,JP1100,0.0065234504621966005
2018-02-28,JP1101,0.0019837543818562496
2018-02-28,JP1102,0.0010358047036479452
2018-02-28,JP1103,0.0005920447325286471
2018-02-28,JP1104,0.0019178262424281412
2018-02-28,JP1105,0.0029515519566700363
2018-02-28,JP1106,0.0035464025892073957
2018-02-28,JP1107,0.03746724675553062
2018-02-28,JP1108,0.017334525792129345
2018-02-28,JP1109,0.002094136044614666
2018-02-28,JP1110,0.008018124793234929
2018-02-28,JP1111,0.00336365376023607
2018-02-28,JP1112,0.0038081797011819915
2018-02-28,JP1113,0.007497945834389604
2018-02-28,JP1114,0.011204613873932998
2018-02-28,JP1115,0.0038973210638365155
2018-02-28,JP1116,0.016488115433752122
2018-02-28,JP1117,0.001771882777656203
2018-02-28,JP1118,0.004544279889342523
2018-02-28,JP1119,0.0681585203454229
2018-03-31,JP1000,0.004448464915766948
2018-03-31,JP1001,0.006824555439344458
2018-03-31,JP1002,0.011685134193990669
2018-03-31,JP1003,0.0016187956552641538
2018-03-31,JP1004,0.004903134462540014
2018-03-31,JP1005,0.023095957001478644
2018-03-31,JP1006,0.0026012896876547766
2018-03-31,JP1007,0.0023290931894972217
2018-03-31,JP1008,0.005656710036499936
2018-03-31,JP1009,0.012736337634112539
2018-03-31,JP1010,0.0054326089402735684
2018-03-31,JP1011,0.018908881329981843
2018-03-31,JP1012,0.012002290009562796
2018-03-31,JP1013,0.01272395092310426
2018-03-31,JP1014,0.008179172908238478
2018-03-31,JP1015,0.05790830788837892
2018-03-31,JP1016,0.004365650357470003
2018-03-31,JP1017,0.000683261899630262
2018-03-31,JP1018,0.02936482314353895
2018-03-31,JP1019,0.002815913939294756
2018-03-31,JP1020,0.005388577478235471
2018-03-31,JP1021,0.017527044170958208
2018-03-31,JP1022,0.0010575649281900433
2018-03-31,JP1023,0.0016307068264607052
2018-03-31,JP1024,0.0009257411058571968
2018-03-31,JP1025,0.003186212734722051
2018-03-31,JP1026,0.007357943225544428
2018-03-31,JP1027,0.008870007610931374
2018-03-31,JP1028,0.006678959913585868
2018-03-31,JP1029,0.001238956176233572
2018-03-31,JP1030,0.00046443896868240676
2018-03-31,JP1031,0.005950812096973018
2018-03-31,JP1032,0.0029015680715431774
2018-03-31,JP1033,0.006718818546847673
2018-03-31,JP1034,0.00913554955488926
2018-03-31,JP1035,0.00672070095769644
2018-03-31,JP1036,0.012275428340696495
2018-03-31,JP1037,0.005211706108007808
2018-03-31,JP1038,0.009335806137513704
2018-03-31,JP1039,0.002053514897462036
2018-03-31,JP1040,0.004221055711267788
2018-03-31,JP1041,0.005465307597179186
2018-03-31,JP1042,0.012578966495440047
2018-03-31,JP1043,0.0036115765064143345
2018-03-31,JP1044,0.009407851868866264
2018-03-31,JP1045,0.003769930971190103
2018-03-31,JP1046,0.004418253149803535
2018-03-31,JP1047,0.009994289975036064
2018-03-31,JP1048,0.0006227006541138465
2018-03-31,JP1049,0.0015231803426864572
2018-03-31,JP1050,0.0011935840210943979
2018-03-31,JP1051,0.0004962064762889474
2018-03-31,JP1052,0.002916447891176605
2018-03-31,JP1053,0.009410622886094046
2018-03-31,JP1054,0.004094113407600035
2018-03-31,JP1055,0.00548651840656721
2018-03-31,JP1056,0.017451478067257782
2018-03-31,JP1057,0.02017719515288442
2018-03-31,JP1058,0.005205582802976916
2018-03-31,JP1059,0.018280605287383952
2018-03-31,JP1060,0.006908523542370251
2018-03-31,JP1061,0.0026774826129791203
2018-03-31,JP1062,0.0029184627265498504
2018-03-31,JP1063,0.0012961639869057673
2018-03-31,JP1064,0.0020220198374330213
2018-03-31,JP1065,0.0031191316724911424
2018-03-31,JP1066,0.012250705601108143
2018-03-31,JP1067,0.025822811982994503
2018-03-31,JP1068,0.0014495598568151297
2018-03-31,JP1069,0.008331410306798046
2018-03-31,JP1070,0.0018319808079432904
2018-03-31,JP1071,0.008289968264893413
2018-03-31,JP1072,0.004905032220742974
2018-03-31,JP1073,0.0008344103600122679
2018-03-31,JP1074,0.012308256324967357
2018-03-31,JP1075,0.0023773062740766455
2018-03-31,JP1076,0.0032687550666461967
2018-03-31,JP1077,0.0018027458108111172
2018-03-31,JP1078,0.00346843053167153
2018-03-31,JP1079,0.0076961391139145074
2018-03-31,JP1080,0.004320532802915953
2018-03-31,JP1081,0.0072690951648096865
2018-03-31,JP1082,0.007763373382839384
2018-03-31,JP1083,0.017225541050506603
2018-03-31,JP1084,0.0035676666695600005
2018-03-31,JP1085,0.0012564968729874293
2018-03-31,JP1086,0.01424442408725364
2018-03-31,JP1087,0.003935154588328317
2018-03-31,JP1088,0.015590839116796939
2018-03-31,JP1089,0.007736765329965684
2018-03-31,JP1090,0.0049848114311285075
2018-03-31,JP1091,0.007017870320260324
2018-03-31,JP1092,0.030822560429966454
2018-03-31,JP1093,0.03936062693583279
2018-03-31,JP1094,0.004999035937339865
2018-03-31,JP1095,0.0048068234110826375
2018-03-31,JP1096,0.014702116441544351
2018-03-31,JP1097,0.0022181233430752325
2018-03-31,JP1098,0.007826895716593774
2018-03-31,JP1099,0.004404494825332874
2018-03-31,JP1100,0.0069948927680289
2018-03-31,JP1101,0.0024641817165281907
2018-03-31,JP1102,0.0009756876745560029
2018-03-31,JP1103,0.0006723731594518015
2018-03-31,JP1104,0.001944115566643188
2018-03-31,JP1105,0.0026578107342763945
2018-03-31,JP1106,0.00388255448622646
2018-03-31,JP1107,0.03948574080754837
2018-03-31,JP1108,0.014780984892539283
2018-03-31,JP1109,0.002223326160445593
2018-03-31,JP1110,0.007641165128015237
2018-03-31,JP1111,0.004024002058883547
2018-03-31,JP1112,0.004040231970380718
2018-03-31,JP1113,0.007337505861044412
2018-03-31,JP1114,0.009694808966088582
2018-03-31,JP1115,0.003146785378511301
2018-03-31,JP1116,0.013779348130665914
2018-03-31,JP1117,0.001790182526311814
2018-03-31,JP1118,0.005632917367129447
2018-03-31,JP1119,0.06595898080850401
2018-04-30,JP1000,0.003921166139775444
2018-04-30,JP1001,0.006449098843300531
2018-04-30,JP1002,0.011649994313343345
2018-04-30,JP1003,0.0019014004435244417
2018-04-30,JP1004,0.00388748664028332
2018-04-30,JP1005,0.023662485979719303
2018-04-30,JP1006,0.0023423049281358563
2018-04-30,JP1007,0.0020713954448644666
2018-04-30,JP1008,0.005640463838814071
2018-04-30,JP1009,0.012092030730646068
2018-04-30,JP1010,0.004775709827698177
2018-04-30,JP1011,0.019220850497849044
2018-04-30,JP1012,0.012484238953529318
2018-04-30,JP1013,0.012561273309801424
2018-04-30,JP1014,0.009728705899455518
2018-04-30,JP1015,0.053072466846406464
2018-04-30,JP1016,0.003733557937550027
2018-04-30,JP1017,0.0007193428336470341
2018-04-30,JP1018,0.027042428796805774
2018-04-30,JP1019,0.003163493610199005
2018-04-30,JP1020,0.005510318774296231
2018-04-30,JP1021,0.024157641956401205
2018-04-30,JP1022,0.0009011961755846171
2018-04-30,JP1023,0.0015299767922912337
2018-04-30,JP1024,0.0011398054059300598
2018-04-30,JP1025,0.0022239158303718636
2018-04-30,JP1026,0.0077703660549650125
2018-04-30,JP1027,0.008261230302736504
2018-04-30,JP1028,0.006711542157973057
2018-04-30,JP1029,0.0013562393912285471
2018-04-30,JP1030,0.0004953989466163004
2018-04-30,JP1031,0.007337110813960804
2018-04-30,JP1032,0.0030358229800632706
2018-04-30,JP1033,0.009250426254657718
2018-04-30,JP1034,0.010846890577800403
2018-04-30,JP1035,0.005909853767836814
2018-04-30,JP1036,0.012613170408716947
2018-04-30,JP1037,0.005456110063755685
2018-04-30,JP1038,0.009026050489846517
2018-04-30,JP1039,0.0023425055094046425
2018-04-30,JP1040,0.004072765026267513
2018-04-30,JP1041,0.005906232865742541
2018-04-30,JP1042,0.01050318337587868
2018-04-30,JP1043,0.0029111062198847047
2018-04-30,JP1044,0.00891359842019188
2018-04-30,JP1045,0.003877174099890668
2018-04-30,JP1046,0.004392642775965196
2018-04-30,JP1047,0.012590831049763716
2018-04-30,JP1048,0.0007259061481059824
2018-04-30,JP1049,0.0013557792350200207
2018-04-30,JP1050,0.0015690013192048897
2018-04-30,JP1051,0.0005464650616606049
2018-04-30,JP1052,0.003299424219862871
2018-04-30,JP1053,0.010334323678413129
2018-04-30,JP1054,0.003925988589608849
2018-04-30,JP1055,0.005482139801598967
2018-04-30,JP1056,0.014639187509356147
2018-04-30,JP1057,0.0181164895530084
2018-04-30,JP1058,0.006410549121881528
2018-04-30,JP1059,0.01839116715740515
2018-04-30,JP1060,0.005453489180979261
2018-04-30,JP1061,0.0019055431560975307
2018-04-30,JP1062,0.0029638951382243853
2018-04-30,JP1063,0.0010586275342775932
2018-04-30,JP1064,0.0022961942141698703
2018-04-30,JP1065,0.0029763067758314886
2018-04-30,JP1066,0.011234113913590778
2018-04-30,JP1067,0.023658493529112767
2018-04-30,JP1068,0.0012168913495160445
2018-04-30,JP1069,0.0073275302872043676
2018-04-30,JP1070,0.001693987569379256
2018-04-30,JP1071,0.007785070068135263
2018-04-30,JP1072,0.004921249787088265
2018-04-30,JP1073,0.001014171425715116
2018-04-30,JP1074,0.01332657358134914
2018-04-30,JP1075,0.002551106717434374
2018-04-30,JP1076,0.0030042857403102564
2018-04-30,JP1077,0.0016859901475289602
2018-04-30,JP1078,0.002892694305731854
2018-04-30,JP1079,0.008038229979439844
2018-04-30,JP1080,0.0035984691107911254
2018-04-30,JP1081,0.007893091591635143
2018-04-30,JP1082,0.008053753464540936
2018-04-30,JP1083,0.022146885334454514
2018-04-30,JP1084,0.0034318590204227297
2018-04-30,JP1085,0.0011981418574881987
2018-04-30,JP1086,0.013148097782321221
2018-04-30,JP1087,0.0036361291331892505
2018-04-30,JP1088,0.016148437925336604
2018-04-30,JP1089,0.007009762917143724
2018-04-30,JP1090,0.004621081699151013
2018-04-30,JP1091,0.007338307624877207
2018-04-30,JP1092,0.034245708521669777
2018-04-30,JP1093,0.04672409635113048
2018-04-30,JP1094,0.005330628784188034
2018-04-30,JP1095,0.006055747430180805
2018-04-30,JP1096,0.01289812789357824
2018-04-30,JP1097,0.0023020278725563673
2018-04-30,JP1098,0.006772791566222319
2018-04-30,JP1099,0.0054596822536309535
2018-04-30,JP1100,0.006112439345152493
2018-04-30,JP1101,0.0023099669865942057
2018-04-30,JP1102,0.0008350691286746913
2018-04-30,JP1103,0.0006812238749827588
2018-04-30,JP1104,0.0016366769998907703
2018-04-30,JP1105,0.0033494374613099475
2018-04-30,JP1106,0.003576284832022145
2018-04-30,JP1107,0.03213139521750135
2018-04-30,JP1108,0.014732786763131186
2018-04-30,JP1109,0.0019830626183943764
2018-04-30,JP1110,0.007636182937214002
2018-04-30,JP1111,0.0034932707328960227
2018-04-30,JP1112,0.003488571799219742
2018-04-30,JP1113,0.007364166955566292
2018-04-30,JP1114,0.009776532470227198
2018-04-30,JP1115,0.0034076994278445785
2018-04-30,JP1116,0.015391353597161095
2018-04-30,JP1117,0.0016672788153172273
2018-04-30,JP1118,0.0050346201555105845
2018-04-30,JP1119,0.06641528364726687
2018-05-31,JP1000,0.004812170999750504
2018-05-31,JP1001,0.008589099406024163
2018-05-31,JP1002,0.011290957362875997
2018-05-31,JP1003,0.0018276042032573851
2018-05-31,JP1004,0.004778914267139603
2018-05-31,JP1005,0.019367881428228338
2018-05-31,JP1006,0.002253681992577346
2018-05-31,JP1007,0.002061377440899757
2018-05-31,JP1008,0.00735757158775618
2018-05-31,JP1009,0.013639353790518116
2018-05-31,JP1010,0.0045843000691049565
2018-05-31,JP1011,0.016221943171061997
2018-05-31,JP1012,0.012647008966131905
2018-05-31,JP1013,0.012176938573107834
2018-05-31,JP1014,0.009794734198205658
2018-05-31,JP1015,0.04583622449175409
2018-05-31,JP1016,0.004351503755530984
2018-05-31,JP1017,0.0006229000844856474
2018-05-31,JP1018,0.026308702403681068
2018-05-31,JP1019,0.0031327703182063384
2018-05-31,JP1020,0.006694399676923526
2018-05-31,JP1021,0.019252080205489155
2018-05-31,JP1022,0.0009701254273560592
2018-05-31,JP1023,0.0014411986882864928
2018-05-31,JP1024,0.0009920312008716845
2018-05-31,JP1025,0.0020012042800047563
2018-05-31,JP1026,0.009350734389588082
2018-05-31,JP1027,0.009849186650101904
2018-05-31,JP1028,0.006436422646058734
2018-05-31,JP1029,0.0012976452195931473
2018-05-31,JP1030,0.0006055419484514257
2018-05-31,JP1031,0.005937999430516233
2018-05-31,JP1032,0.0030066120759822718
2018-05-31,JP1033,0.007798404120720463
2018-05-31,JP1034,0.008444617402412032
2018-05-31,JP1035,0.006165983660267218
2018-05-31,JP1036,0.012034128705433644
2018-05-31,JP1037,0.007081679193743395
2018-05-31,JP1038,0.009056636424320788
2018-05-31,JP1039,0.0025443887938036407
2018-05-31,JP1040,0.003758186112864358
2018-05-31,JP1041,0.006246842362039607
2018-05-31,JP1042,0.010598275925042788
2018-05-31,JP1043,0.0035328532607928668
2018-05-31,JP1044,0.007753231308913227
2018-05-31,JP1045,0.0040123290134925094
2018-05-31,JP1046,0.005043494712357158
2018-05-31,JP1047,0.011829107967424894
2018-05-31,JP1048,0.0006998526725234323
2018-05-31,JP1049,0.0014890814073651702
2018-05-31,JP1050,0.001347400433193051
2018-05-31,JP1051,0.00047662966791626636
2018-05-31,JP1052,0.0026569180515363215
2018-05-31,JP1053,0.012229929934998508
2018-05-31,JP1054,0.003996319779023268
2018-05-31,JP1055,0.0049574000356026925
2018-05-31,JP1056,0.013749255885250897
2018-05-31,JP1057,0.020208825307780134
2018-05-31,JP1058,0.004455654050451944
2018-05-31,JP1059,0.022219058694113284
2018-05-31,JP1060,0.006561689548408177
2018-05-31,JP1061,0.0020277084694764534
2018-05-31,JP1062,0.002473609559137712
2018-05-31,JP1063,0.0010905414495461284
2018-05-31,JP1064,0.001960703787778087
2018-05-31,JP1065,0.0040508275914908866
2018-05-31,JP1066,0.010007958641961762
2018-05-31,JP1067,0.029914458183206344
2018-05-31,JP1068,0.0014332310080713941
2018-05-31,JP1069,0.00798910368880696
2018-05-31,JP1070,0.0018338739667536476
2018-05-31,JP1071,0.00786014483251212
2018-05-31,JP1072,0.005244291100970896
2018-05-31,JP1073,0.0007771652077901481
2018-05-31,JP1074,0.013824667360885144
2018-05-31,JP1075,0.002671005064394872
2018-05-31,JP1076,0.002423610853725693
2018-05-31,JP1077,0.001659659367043487
2018-05-31,JP1078,0.0025431854347322063
2018-05-31,JP1079,0.0075148419284477306
2018-05-31,JP1080,0.003849925178556762
2018-05-31,JP1081,0.007349028301285053
2018-05-31,JP1082,0.007682614087880273
2018-05-31,JP1083,0.018054750354428033
2018-05-31,JP1084,0.0034182248288051427
2018-05-31,JP1085,0.001021633094515846
2018-05-31,JP1086,0.014820149582949069
2018-05-31,JP1087,0.004094451770358459
2018-05-31,JP1088,0.01738805056061381
2018-05-31,JP1089,0.006867439052098945
2018-05-31,JP1090,0.0053191350715867365
2018-05-31,JP1091,0.006792967032671471
2018-05-31,JP1092,0.03158706348501667
2018-05-31,JP1093,0.034609387527908
2018-05-31,JP1094,0.004783073927690305
2018-05-31,JP1095,0.006030890258519245
2018-05-31,JP1096,0.014208250373415835
2018-05-31,JP1097,0.0020026418683066153
2018-05-31,JP1098,0.006370385142543288
2018-05-31,JP1099,0.004344255811994547
2018-05-31,JP1100,0.006222989349441499
2018-05-31,JP1101,0.002390493008418343
2018-05-31,JP1102,0.001214211896342913
2018-05-31,JP1103,0.0007534155486959738
2018-05-31,JP1104,0.0017413377556840018
2018-05-31,JP1105,0.002990456869366811
2018-05-31,JP1106,0.0034672304281563493
2018-05-31,JP1107,0.03719499496426049
2018-05-31,JP1108,0.014653608407144761
2018-05-31,JP1109,0.0019786792988367155
2018-05-31,JP1110,0.008534197388266504
2018-05-31,JP1111,0.0033801959615793503
2018-05-31,JP1112,0.004696184498412117
2018-05-31,JP1113,0.005343961494605654
2018-05-31,JP1114,0.00965274586804421
2018-05-31,JP1115,0.003652618221054845
2018-05-31,JP1116,0.01304979557258496
2018-05-31,JP1117,0.0017186797201841494
2018-05-31,JP1118,0.005828438495334925
2018-05-31,JP1119,0.0832018656643966
2018-06-30,JP1000,0.004073944916569364
2018-06-30,JP1001,0.006024844924858789
2018-06-30,JP1002,0.012943189087997511
2018-06-30,JP1003,0.001814305221779077
2018-06-30,JP1004,0.004385987277243471
2018-06-30,JP1005,0.025139044697736746
2018-06-30,JP1006,0.0027067245231871067
2018-06-30,JP1007,0.0021968399922912395
2018-06-30,JP1008,0.005339822913645606
2018-06-30,JP1009,0.01056112045870695
2018-06-30,JP1010,0.005203413784085067
2018-06-30,JP1011,0.016670133780046403
2018-06-30,JP1012,0.011717978118993047
2018-06-30,JP1013,0.01380539468808958
2018-06-30,JP1014,0.009295300084001888
2018-06-30,JP1015,0.053161209361122355
2018-06-30,JP1016,0.003788121079762765
2018-06-30,JP1017,0.0007087592049052169
2018-06-30,JP1018,0.02501588536889025
2018-06-30,JP1019,0.0033443532665110034
2018-06-30,JP1020,0.006182355308556423
2018-06-30,JP1021,0.020915115774026122
2018-06-30,JP1022,0.001053100436316282
2018-06-30,JP1023,0.001553723282849116
2018-06-30,JP1024,0.0009886974458656185
2018-06-30,JP1025,0.002612296515346603
2018-06-30,JP1026,0.0073304237072694825
2018-06-30,JP1027,0.008538199016212115
2018-06-30,JP1028,0.007698650396859648
2018-06-30,JP1029,0.001197429245496998
2018-06-30,JP1030,0.0004479503342568648
2018-06-30,JP1031,0.0052298764274220835
2018-06-30,JP1032,0.003700642613399133
2018-06-30,JP1033,0.0065105324034646864
2018-06-30,JP1034,0.01052025065722974
2018-06-30,JP1035,0.005561957802048754
2018-06-30,JP1036,0.010853404014585946
2018-06-30,JP1037,0.006268054767409121
2018-06-30,JP1038,0.009652549915629055
2018-06-30,JP1039,0.0025646361895851144
2018-06-30,JP1040,0.004770977223460641
2018-06-30,JP1041,0.007144182101817187
2018-06-30,JP1042,0.011759098314694778
2018-06-30,JP1043,0.0033582437140950135
2018-06-30,JP1044,0.009024965984966781
2018-06-30,JP1045,0.004188275160632955
2018-06-30,JP1046,0.004088744056581428
2018-06-30,JP1047,0.012112458033717452
2018-06-30,JP1048,0.0006857053626950364
2018-06-30,JP1049,0.001353375598876829
2018-06-30,JP1050,0.0010939874085982594
2018-06-30,JP1051,0.000469973463845817
2018-06-30,JP1052,0.002969544976761596
2018-06-30,JP1053,0.01052910930769565
2018-06-30,JP1054,0.00435184926915166
2018-06-30,JP1055,0.006372563549826008
2018-06-30,JP1056,0.013695333085254903
2018-06-30,JP1057,0.019843411318538177
2018-06-30,JP1058,0.004276689371495781
2018-06-30,JP1059,0.021229878283821165
2018-06-30,JP1060,0.00554257066935056
2018-06-30,JP1061,0.002433253011371489
2018-06-30,JP1062,0.003287289359959625
2018-06-30,JP1063,0.000987121707900437
2018-06-30,JP1064,0.0020276159191536477
2018-06-30,JP1065,0.003196787506780805
2018-06-30,JP1066,0.014303728402687711
2018-06-30,JP1067,0.027600880693280087
2018-06-30,JP1068,0.0011358898458266266
2018-06-30,JP1069,0.009563659253623354
2018-06-30,JP1070,0.001695466402126471
2018-06-30,JP1071,0.007054178325943982
2018-06-30,JP1072,0.004031677389944278
2018-06-30,JP1073,0.0008390561770351217
2018-06-30,JP1074,0.013117940853745437
2018-06-30,JP1075,0.0025922030614972985
2018-06-30,JP1076,0.002882632893415829
2018-06-30,JP1077,0.001780091523904259
2018-06-30,JP1078,0.0030624556214571452
2018-06-30,JP1079,0.008185198190328985
2018-06-30,JP1080,0.004037187004229067
2018-06-30,JP1081,0.007007132668277565
2018-06-30,JP1082,0.008004484416297234
2018-06-30,JP1083,0.022868889135386036
2018-06-30,JP1084,0.003280061189920652
2018-06-30,JP1085,0.0013174028057230263
2018-06-30,JP1086,0.014542184077235901
2018-06-30,JP1087,0.003149356777705173
2018-06-30,JP1088,0.01311134731823991
2018-06-30,JP1089,0.008652979092832741
2018-06-30,JP1090,0.005234688261255534
2018-06-30,JP1091,0.006910049020891929
2018-06-30,JP1092,0.03554882788650678
2018-06-30,JP1093,0.03446187785036008
2018-06-30,JP1094,0.0059696859381057395
2018-06-30,JP1095,0.006040348050856703
2018-06-30,JP1096,0.012963290071440939
2018-06-30,JP1097,0.002261259892796486
2018-06-30,JP1098,0.006266612181232589
2018-06-30,JP1099,0.005317460871825076
2018-06-30,JP1100,0.006339099183839575
2018-06-30,JP1101,0.0023197216511418707
2018-06-30,JP1102,0.00098633260758576
2018-06-30,JP1103,0.0005125052799731814
2018-06-30,JP1104,0.001865149306950935
2018-06-30,JP1105,0.0036238146567990344
2018-06-30,JP1106,0.0036536956650021542
2018-06-30,JP1107,0.036810486234328345
2018-06-30,JP1108,0.016296009382662995
2018-06-30,JP1109,0.0020669351753612834
2018-06-30,JP1110,0.008683089443693986
2018-06-30,JP1111,0.00358124558007627
2018-06-30,JP1112,0.0037470900003985187
2018-06-30,JP1113,0.006483278705105912
2018-06-30,JP1114,0.009182370593409955
2018-06-30,JP1115,0.003304533144068944
2018-06-30,JP1116,0.01689359669585287
2018-06-30,JP1117,0.0017377425959330263
2018-06-30,JP1118,0.004311501410897197
2018-06-30,JP1119,0.06474239677568644
2018-07-31,JP1000,0.0044899509948084036
2018-07-31,JP1001,0.0071804073341433265
2018-07-31,JP1002,0.013609098836007586
2018-07-31,JP1003,0.0016430875053684913
2018-07-31,JP1004,0.004400324194345473
2018-07-31,JP1005,0.023417910200838266
2018-07-31,JP1006,0.0023237381735887685
2018-07-31,JP1007,0.0021357243820086694
2018-07-31,JP1008,0.00653647632783835
2018-07-31,JP1009,0.012505160909561941
2018-07-31,JP1010,0.0045358626485841914
2018-07-31,JP1011,0.01892356475267659
2018-07-31,JP1012,0.011231877637005075
2018-07-31,JP1013,0.011675937685280033
2018-07-31,JP1014,0.01009309414175918
2018-07-31,JP1015,0.05340412993311483
2018-07-31,JP1016,0.005081472356377572
2018-07-31,JP1017,0.0006926540660647665
2018-07-31,JP1018,0.02458033571578948
2018-07-31,JP1019,0.0031729779836946054
2018-07-31,JP1020,0.005677333571182012
2018-07-31,JP1021,0.01922428030183225
2018-07-31,JP1022,0.0009165689112040083
2018-07-31,JP1023,0.0014040697982858224
2018-07-31,JP1024,0.0009423492714475612
2018-07-31,JP1025,0.002517242777285919
2018-07-31,JP1026,0.0064327877312673806
2018-07-31,JP1027,0.008621131979008904
2018-07-31,JP1028,0.005690484831094198
2018-07-31,JP1029,0.0012773609198024384
2018-07-31,JP1030,0.0004791911620202346
2018-07-31,JP1031,0.00442385894762506
2018-07-31,JP1032,0.0034445224493773186
2018-07-31,JP1033,0.006184742079098586
2018-07-31,JP1034,0.010106208411225222
2018-07-31,JP1035,0.006182351708938828
2018-07-31,JP1036,0.012331346398599358
2018-07-31,JP1037,0.005379169239799294
2018-07-31,JP1038,0.008107589284273173
2018-07-31,JP1039,0.002767737754494818
2018-07-31,JP1040,0.004710767792270876
2018-07-31,JP1041,0.0069531076271880056
2018-07-31,JP1042,0.014746781614267146
2018-07-31,JP1043,0.0032211157031454404
2018-07-31,JP1044,0.008782347125093437
2018-07-31,JP1045,0.0037207044162189257
2018-07-31,JP1046,0.003666672989987903
2018-07-31,JP1047,0.011414186392985904
2018-07-31,JP1048,0.0005609303309543696
2018-07-31,JP1049,0.0013044520544985047
2018-07-31,JP1050,0.0009854440199112311
2018-07-31,JP1051,0.0005089567915814761
2018-07-31,JP1052,0.002358960799323564
2018-07-31,JP1053,0.008892883479556666
2018-07-31,JP1054,0.004120687636248912
2018-07-31,JP1055,0.005764700386578256
2018-07-31,JP1056,0.014301229848609853
2018-07-31,JP1057,0.017188639259319117
2018-07-31,JP1058,0.00525987854128092
2018-07-31,JP1059,0.01998488106874006
2018-07-31,JP1060,0.005181818536507893
2018-07-31,JP1061,0.0017959542072660396
2018-07-31,JP1062,0.0035644198992958883
2018-07-31,JP1063,0.0013933884027516092
2018-07-31,JP1064,0.0023881394720747773
2018-07-31,JP1065,0.003273973530219352
2018-07-31,JP1066,0.010674188634105871
2018-07-31,JP1067,0.029229387446702507
2018-07-31,JP1068,0.001153466057863529
2018-07-31,JP1069,0.006741118078663385
2018-07-31,JP1070,0.002053714630899711
2018-07-31,JP1071,0.00803270476651799
2018-07-31,JP1072,0.003940330890319297
2018-07-31,JP1073,0.0008857674446422693
2018-07-31,JP1074,0.012004065825208745
2018-07-31,JP1075,0.002251061951357314
2018-07-31,JP1076,0.0026299287729316446
2018-07-31,JP1077,0.0016371165565620997
2018-07-31,JP1078,0.002669926420343488
2018-07-31,JP1079,0.007841282883340581
2018-07-31,JP1080,0.004701449810223281
2018-07-31,JP1081,0.006816164786069538
2018-07-31,JP1082,0.006887407871269747
2018-07-31,JP1083,0.021316993490322584
2018-07-31,JP1084,0.003933077266612171
2018-07-31,JP1085,0.0011231471182376693
2018-07-31,JP1086,0.015040756646059064
2018-07-31,JP1087,0.0034394715999759872
2018-07-31,JP1088,0.01363601575775495
2018-07-31,JP1089,0.009183780860389986
2018-07-31,JP1090,0.004174572179004911
2018-07-31,JP1091,0.0073346773060737076
2018-07-31,JP1092,0.030380959098394854
2018-07-31,JP1093,0.043162149491504875
2018-07-31,JP1094,0.004773756928017329
2018-07-31,JP1095,0.006974946817604684
2018-07-31,JP1096,0.01764265262790026
2018-07-31,JP1097,0.002282431048602537
2018-07-31,JP1098,0.007091499254726706
2018-07-31,JP1099,0.004805369274145179
2018-07-31,JP1100,0.006844819319272126
2018-07-31,JP1101,0.002274801868855968
2018-07-31,JP1102,0.0010343210956986373
2018-07-31,JP1103,0.0006973452157890309
2018-07-31,JP1104,0.0014994889138315467
2018-07-31,JP1105,0.0037005120673968142
2018-07-31,JP1106,0.003592616577686406
2018-07-31,JP1107,0.032361890680708105
2018-07-31,JP1108,0.015746099939987566
2018-07-31,JP1109,0.0020035134910933706
2018-07-31,JP1110,0.0059797555823447365
2018-07-31,JP1111,0.0031872199138435683
2018-07-31,JP1112,0.0030427734422434597
2018-07-31,JP1113,0.005652473247105754
2018-07-31,JP1114,0.008760430444268021
2018-07-31,JP1115,0.0036870469980065505
2018-07-31,JP1116,0.013455799579490429
2018-07-31,JP1117,0.0015178505919202414
2018-07-31,JP1118,0.005760740842238055
2018-07-31,JP1119,0.08296602536327717
2018-08-31,JP1000,0.004978424833105823
2018-08-31,JP1001,0.007302020718136986
2018-08-31,JP1002,0.01388479460905217
2018-08-31,JP1003,0.0015907508712630371
2018-08-31,JP1004,0.004387892068736916
2018-08-31,JP1005,0.027331045429332342
2018-08-31,JP1006,0.00262702079648252
2018-08-31,JP1007,0.002028203521803061
2018-08-31,JP1008,0.0073839657845132835
2018-08-31,JP1009,0.012393174980273317
2018-08-31,JP1010,0.005631235748509517
2018-08-31,JP1011,0.020325451717158226
2018-08-31,JP1012,0.012586568251471338
2018-08-31,JP1013,0.00973676659306975
2018-08-31,JP1014,0.009960953972091395
2018-08-31,JP1015,0.041933287527899585
2018-08-31,JP1016,0.00461955112432268
2018-08-31,JP1017,0.000697882014020502
2018-08-31,JP1018,0.027706338039752934
2018-08-31,JP1019,0.003293665454293033
2018-08-31,JP1020,0.006335166178758851
2018-08-31,JP1021,0.019011154732185936
2018-08-31,JP1022,0.0010615111805096086
2018-08-31,JP1023,0.0015260599282378956
2018-08-31,JP1024,0.0012466334758302901
2018-08-31,JP1025,0.0024589922845085098
2018-08-31,JP1026,0.006971369773677842
2018-08-31,JP1027,0.008179657452249935
2018-08-31,JP1028,0.007170210326536521
2018-08-31,JP1029,0.0014149145186199807
2018-08-31,JP1030,0.000473094255662517
2018-08-31,JP1031,0.006767973825845253
2018-08-31,JP1032,0.003253218307351319
2018-08-31,JP1033,0.008459608702659108
2018-08-31,JP1034,0.00911942436980823
2018-08-31,JP1035,0.006577465561879251
2018-08-31,JP1036,0.010479438255349518
2018-08-31,JP1037,0.0059803763389133765
2018-08-31,JP1038,0.008433448993482754
2018-08-31,JP1039,0.002907998070707763
2018-08-31,JP1040,0.00448538021387605
2018-08-31,JP1041,0.005707196834390932
2018-08-31,JP1042,0.011038078603851649
2018-08-31,JP1043,0.003979180498545864
2018-08-31,JP1044,0.008426567919636413
2018-08-31,JP1045,0.004153963222619298
2018-08-31,JP1046,0.0049373716955184764
2018-08-31,JP1047,0.008343649277325754
2018-08-31,JP1048,0.0007923430251962074
2018-08-31,JP1049,0.0012867928128840102
2018-08-31,JP1050,0.0011225649439573538
2018-08-31,JP1051,0.000579364317548617
2018-08-31,JP1052,0.0030050326627732455
2018-08-31,JP1053,0.01138813812132888
2018-08-31,JP1054,0.004144657835151035
2018-08-31,JP1055,0.006885699069347018
2018-08-31,JP1056,0.01756816924675885
2018-08-31,JP1057,0.022585054922434872
2018-08-31,JP1058,0.004833122293393343
2018-08-31,JP1059,0.018425080215605315
2018-08-31,JP1060,0.005476530581658161
2018-08-31,JP1061,0.0022460703780849416
2018-08-31,JP1062,0.002812723746216551
2018-08-31,JP1063,0.0010534828792384216
2018-08-31,JP1064,0.0022020879348920025
2018-08-31,JP1065,0.0030619897586902337
2018-08-31,JP1066,0.011541903261996413
2018-08-31,JP1067,0.02906632409193377
2018-08-31,JP1068,0.0013010907694430284
2018-08-31,JP1069,0.00826317880013199
2018-08-31,JP1070,0.0019448348720041502
2018-08-31,JP1071,0.010286427731556835
2018-08-31,JP1072,0.004267390766956414
2018-08-31,JP1073,0.000844414238003549
2018-08-31,JP1074,0.013245807361237979
2018-08-31,JP1075,0.0028453279450237697
2018-08-31,JP1076,0.00264712659013585
2018-08-31,JP1077,0.0015616772527581619
2018-08-31,JP1078,0.002665052555985208
2018-08-31,JP1079,0.006713775475906955
2018-08-31,JP1080,0.004100855176082689
2018-08-31,JP1081,0.006670991170531867
2018-08-31,JP1082,0.007141940498275644
2018-08-31,JP1083,0.02149359016926856
2018-08-31,JP1084,0.003264937746946417
2018-08-31,JP1085,0.0012763220025004095
2018-08-31,JP1086,0.014068722281165577
2018-08-31,JP1087,0.003517311653321299
2018-08-31,JP1088,0.01636275013338176
2018-08-31,JP1089,0.007314236621794725
2018-08-31,JP1090,0.004110218133450265
2018-08-31,JP1091,0.006997889275691503
2018-08-31,JP1092,0.030180909866552856
2018-08-31,JP1093,0.04247685710745316
2018-08-31,JP1094,0.004027140376255168
2018-08-31,JP1095,0.006572228442588055
2018-08-31,JP1096,0.01598461601291841
2018-08-31,JP1097,0.0025814283107906356
2018-08-31,JP1098,0.008891879921659407
2018-08-31,JP1099,0.005482573765535741
2018-08-31,JP1100,0.0065865396269140985
2018-08-31,JP1101,0.002766972716736315
2018-08-31,JP1102,0.0009276503350201587
2018-08-31,JP1103,0.0005329149738143242
2018-08-31,JP1104,0.0020172247671472274
2018-08-31,JP1105,0.0034395510058846945
2018-08-31,JP1106,0.003167957522698988
2018-08-31,JP1107,0.031048659966463537
2018-08-31,JP1108,0.016362338825501855
2018-08-31,JP1109,0.0017945832239007944
2018-08-31,JP1110,0.006746028563668009
2018-08-31,JP1111,0.004151311942327223
2018-08-31,JP1112,0.004779404615966871
2018-08-31,JP1113,0.006258010341278107
2018-08-31,JP1114,0.009374396309528918
2018-08-31,JP1115,0.00399421650831494
2018-08-31,JP1116,0.014034958859121316
2018-08-31,JP1117,0.001308484588663145
2018-08-31,JP1118,0.003911991251971574
2018-08-31,JP1119,0.0683180700768532
2018-09-30,JP1000,0.004225941414227225
2018-09-30,JP1001,0.009913876217840149
2018-09-30,JP1002,0.012941614423543819
2018-09-30,JP1003,0.001784447270361828
2018-09-30,JP1004,0.004211610319178304
2018-09-30,JP1005,0.020944572059895854
2018-09-30,JP1006,0.002736025746212577
2018-09-30,JP1007,0.002390164763161084
2018-09-30,JP1008,0.005056601880833574
2018-09-30,JP1009,0.010339691918790528
2018-09-30,JP1010,0.004911892850525825
2018-09-30,JP1011,0.017656549599305023
2018-09-30,JP1012,0.00997237482726284
2018-09-30,JP1013,0.011556615542394042
2018-09-30,JP1014,0.007100473482160587
2018-09-30,JP1015,0.05112051367282251
2018-09-30,JP1016,0.004313257673695124
2018-09-30,JP1017,0.0007244147282228931
2018-09-30,JP1018,0.024135419165026577
2018-09-30,JP1019,0.0036227725345635985
2018-09-30,JP1020,0.005668363948671373
2018-09-30,JP1021,0.019845766230878015
2018-09-30,JP1022,0.0009212457653125655
2018-09-30,JP1023,0.0016394711945366593
2018-09-30,JP1024,0.0009923134705631031
2018-09-30,JP1025,0.0026049104529975186
2018-09-30,JP1026,0.008752237803587934
2018-09-30,JP1027,0.008531874793489104
2018-09-30,JP1028,0.006757820010188461
2018-09-30,JP1029,0.0011771520116487782
2018-09-30,JP1030,0.0004501545811661035
2018-09-30,JP1031,0.005516429857513568
2018-09-30,JP1032,0.0032429572995913585
2018-09-30,JP1033,0.006628483188157326
2018-09-30,JP1034,0.009850608188197496
2018-09-30,JP1035,0.0061650752966284
2018-09-30,JP1036,0.01218937019830266
2018-09-30,JP1037,0.00665654450384955
2018-09-30,JP1038,0.007186437107351373
2018-09-30,JP1039,0.0021896457468227374
2018-09-30,JP1040,0.00397349618618744
2018-09-30,JP1041,0.006893057681524783
2018-09-30,JP1042,0.010524210090545513
2018-09-30,JP1043,0.0036912911483622662
2018-09-30,JP1044,0.007788992179387925
2018-09-30,JP1045,0.003979994639443769
2018-09-30,JP1046,0.00398410408870396
2018-09-30,JP1047,0.011067304097067819
2018-09-30,JP1048,0.0005990776591464681
2018-09-30,JP1049,0.0015553414542622968
2018-09-30,JP1050,0.0010430893636390358
2018-09-30,JP1051,0.0004088228752519928
2018-09-30,JP1052,0.0021232784750062467
2018-09-30,JP1053,0.010326858274385618
2018-09-30,JP1054,0.0035366027835698087
2018-09-30,JP1055,0.006401420600520949
2018-09-30,JP1056,0.014290047786482523
2018-09-30,JP1057,0.020866400531429387
2018-09-30,JP1058,0.004420168989894176
2018-09-30,JP1059,0.021117277985024826
2018-09-30,JP1060,0.004907322313822075
2018-09-30,JP1061,0.0018333152382215701
2018-09-30,JP1062,0.002502082262955352
2018-09-30,JP1063,0.0010004467926970925
2018-09-30,JP1064,0.0017890066458144034
2018-09-30,JP1065,0.003586604781544427
2018-09-30,JP1066,0.0107082111148078
2018-09-30,JP1067,0.027904971297691882
2018-09-30,JP1068,0.0013026894128443918
2018-09-30,JP1069,0.0061602371709441476
2018-09-30,JP1070,0.0018409957422167284
2018-09-30,JP1071,0.007014883363694609
2018-09-30,JP1072,0.004075888787911284
2018-09-30,JP1073,0.0006529459644495369
2018-09-30,JP1074,0.013297984514504438
2018-09-30,JP1075,0.0022703873878410674
2018-09-30,JP1076,0.00255984410530452
2018-09-30,JP1077,0.001508848761362632
2018-09-30,JP1078,0.0025261545478537446
2018-09-30,JP1079,0.007432193215571241
2018-09-30,JP1080,0.004418511815716161
2018-09-30,JP1081,0.006767031655368356
2018-09-30,JP1082,0.00778622678439695
2018-09-30,JP1083,0.01915285091557944
2018-09-30,JP1084,0.003178862410852035
2018-09-30,JP1085,0.0010515657226241074
2018-09-30,JP1086,0.01664547215803603
2018-09-30,JP1087,0.003995274861993559
2018-09-30,JP1088,0.016294991466580557
2018-09-30,JP1089,0.007946912717834521
2018-09-30,JP1090,0.0045232578737408975
2018-09-30,JP1091,0.007214869057365915
2018-09-30,JP1092,0.034807801015597634
2018-09-30,JP1093,0.046559121460649056
2018-09-30,JP1094,0.005036809128029933
2018-09-30,JP1095,0.0059184706404571165
2018-09-30,JP1096,0.012173611248581588
2018-09-30,JP1097,0.0018314806446695217
2018-09-30,JP1098,0.008235417643887901
2018-09-30,JP1099,0.005102204291463507
2018-09-30,JP1100,0.006596213962000139
2018-09-30,JP1101,0.002156143339150866
2018-09-30,JP1102,0.0008767597894573664
2018-09-30,JP1103,0.000593369510334193
2018-09-30,JP1104,0.001391886040392804
2018-09-30,JP1105,0.003021192594845986
2018-09-30,JP1106,0.0039302299961487845
2018-09-30,JP1107,0.03574529841575804
2018-09-30,JP1108,0.01743993678630081
2018-09-30,JP1109,0.0019371923918836953
2018-09-30,JP1110,0.005439666161051094
2018-09-30,JP1111,0.003982245863167602
2018-09-30,JP1112,0.0034056108026156297
2018-09-30,JP1113,0.006021843600196634
2018-09-30,JP1114,0.009236947003763374
2018-09-30,JP1115,0.003591927152101504
2018-09-30,JP1116,0.01433228801723968
2018-09-30,JP1117,0.0015816789156913133
2018-09-30,JP1118,0.004340687849116612
2018-09-30,JP1119,0.08564659624399147
2018-10-31,JP1000,0.004123795337094498
2018-10-31,JP1001,0.006384862197240152
2018-10-31,JP1002,0.014575123425507784
2018-10-31,JP1003,0.0018401531205472946
2018-10-31,JP1004,0.005223149028460934
2018-10-31,JP1005,0.025964596470351178
2018-10-31,JP1006,0.002413707495300718
2018-10-31,JP1007,0.002433235526209102
2018-10-31,JP1008,0.006281246067270199
2018-10-31,JP1009,0.011142665673836413
2018-10-31,JP1010,0.004917231467512383
2018-10-31,JP1011,0.020125431184324912
2018-10-31,JP1012,0.017720424381880304
2018-10-31,JP1013,0.013035013133351522
2018-10-31,JP1014,0.008916369324481782
2018-10-31,JP1015,0.05379410349747981
2018-10-31,JP1016,0.004269329375370307
2018-10-31,JP1017,0.0006680317372690883
2018-10-31,JP1018,0.026816918301455463
2018-10-31,JP1019,0.0031139307358404224
2018-10-31,JP1020,0.0050322181918253045
2018-10-31,JP1021,0.019430586826180582
2018-10-31,JP1022,0.0010707997269162363
2018-10-31,JP1023,0.0014090332979627893
2018-10-31,JP1024,0.0010396035819866419
2018-10-31,JP1025,0.002487017703129617
2018-10-31,JP1026,0.0077182465123059076
2018-10-31,JP1027,0.008073757938585464
2018-10-31,JP1028,0.0061378478858704595
2018-10-31,JP1029,0.0011864755312813063
2018-10-31,JP1030,0.0005784040294300999
2018-10-31,JP1031,0.005174016479817887
2018-10-31,JP1032,0.003232644651827819
2018-10-31,JP1033,0.007660440885112632
2018-10-31,JP1034,0.009680002235185845
2018-10-31,JP1035,0.005256381267950855
2018-10-31,JP1036,0.010797256594392074
2018-10-31,JP1037,0.005969327922762266
2018-10-31,JP1038,0.009646187580507762
2018-10-31,JP1039,0.0024441761600396197
2018-10-31,JP1040,0.00415813692742958
2018-10-31,JP1041,0.005976825324998505
2018-10-31,JP1042,0.01178428064172437
2018-10-31,JP1043,0.003913692918613962
2018-10-31,JP1044,0.00758612752421867
2018-10-31,JP1045,0.003939578692239809
2018-10-31,JP1046,0.003798899445055808
2018-10-31,JP1047,0.012948390191973535
2018-10-31,JP1048,0.0006738535108873898
2018-10-31,JP1049,0.00117723446004369
2018-10-31,JP1050,0.0009993690922892537
2018-10-31,JP1051,0.0005256627089927922
2018-10-31,JP1052,0.0021477138906416003
2018-10-31,JP1053,0.010874214795652697
2018-10-31,JP1054,0.003601652937071379
2018-10-31,JP1055,0.005974173966005498
2018-10-31,JP1056,0.013887157601884475
2018-10-31,JP1057,0.017142019707045805
2018-10-31,JP1058,0.004442645385149719
2018-10-31,JP1059,0.02048953997823295
2018-10-31,JP1060,0.005322802221741133
2018-10-31,JP1061,0.002256594122715095
2018-10-31,JP1062,0.0026925999980146214
2018-10-31,JP1063,0.0012089105233118384
2018-10-31,JP1064,0.002143611397651382
2018-10-31,JP1065,0.0033103132803980017
2018-10-31,JP1066,0.010148732886886596
2018-10-31,JP1067,0.030736986432221045
2018-10-31,JP1068,0.0011567463984036167
2018-10-31,JP1069,0.007783744886799375
2018-10-31,JP1070,0.0017712702620517797
2018-10-31,JP1071,0.007671578780390629
2018-10-31,JP1072,0.004576761582167634
2018-10-31,JP1073,0.0009185247694268889
2018-10-31,JP1074,0.013463465885020415
2018-10-31,JP1075,0.002765053159134998
2018-10-31,JP1076,0.00344656964638051
2018-10-31,JP1077,0.001450564030024078
2018-10-31,JP1078,0.0023247854280257396
2018-10-31,JP1079,0.007319756142536782
2018-10-31,JP1080,0.00476748828175089
2018-10-31,JP1081,0.0076299201604815535
2018-10-31,JP1082,0.00604616896785295
2018-10-31,JP1083,0.01792427157857837
2018-10-31,JP1084,0.0031079482855962356
2018-10-31,JP1085,0.0011368129843948097
2018-10-31,JP1086,0.01590346894757076
2018-10-31,JP1087,0.00395590267772267
2018-10-31,JP1088,0.015650845394795245
2018-10-31,JP1089,0.007028734559535624
2018-10-31,JP1090,0.004342516884456578
2018-10-31,JP1091,0.007585477004652274
2018-10-31,JP1092,0.04447265514647507
2018-10-31,JP1093,0.035431532849621465
2018-10-31,JP1094,0.006280173901417836
2018-10-31,JP1095,0.006011821688010733
2018-10-31,JP1096,0.01591714908976209
2018-10-31,JP1097,0.002185811525913707
2018-10-31,JP1098,0.00802547892641958
2018-10-31,JP1099,0.0050341107658613575
2018-10-31,JP1100,0.00641195131068454
2018-10-31,JP1101,0.0022722583622484653
2018-10-31,JP1102,0.0011413840614883182
2018-10-31,JP1103,0.0006288701896980607
2018-10-31,JP1104,0.0013288838993458338
2018-10-31,JP1105,0.003123527397248717
2018-10-31,JP1106,0.003764989410043204
2018-10-31,JP1107,0.03453143127970375
2018-10-31,JP1108,0.014376245104921099
2018-10-31,JP1109,0.002180037709582468
2018-10-31,JP1110,0.005581978470650617
2018-10-31,JP1111,0.003358354422676089
2018-10-31,JP1112,0.003802147120593654
2018-10-31,JP1113,0.007418245538386479
2018-10-31,JP1114,0.009270702638124266
2018-10-31,JP1115,0.0037226508591097405
2018-10-31,JP1116,0.014665303366358937
2018-10-31,JP1117,0.0016106473852294358
2018-10-31,JP1118,0.00600004256639454
2018-10-31,JP1119,0.06007777526933285
2018-11-30,JP1000,0.003898346268969048
2018-11-30,JP1001,0.00807209900584419
2018-11-30,JP1002,0.012549355132037459
2018-11-30,JP1003,0.0017473672665871006
2018-11-30,JP1004,0.004063177254179067
2018-11-30,JP1005,0.019964159622410545
2018-11-30,JP1006,0.002710124648241332
2018-11-30,JP1007,0.0026325599759562503
2018-11-30,JP1008,0.007093192488922989
2018-11-30,JP1009,0.010249006900322544
2018-11-30,JP1010,0.004518122515489644
2018-11-30,JP1011,0.023493592045714683
2018-11-30,JP1012,0.01171991952425506
2018-11-30,JP1013,0.010321919555408246
2018-11-30,JP1014,0.009897373400820638
2018-11-30,JP1015,0.05268447455115849
2018-11-30,JP1016,0.004400495832291044
2018-11-30,JP1017,0.0005502502420000408
2018-11-30,JP1018,0.024570734531018094
2018-11-30,JP1019,0.003550576971536302
2018-11-30,JP1020,0.0053322508191210455
2018-11-30,JP1021,0.021391206547771057
2018-11-30,JP1022,0.0009012200327246236
2018-11-30,JP1023,0.0014434325123998549
2018-11-30,JP1024,0.001213056755475046
2018-11-30,JP1025,0.002055886240929522
2018-11-30,JP1026,0.008139376091919783
2018-11-30,JP1027,0.009139695102270794
2018-11-30,JP1028,0.0067892723503466925
2018-11-30,JP1029,0.0012118626081999305
2018-11-30,JP1030,0.0004640300027924917
2018-11-30,JP1031,0.005495543097657006
2018-11-30,JP1032,0.003151528240155019
2018-11-30,JP1033,0.006998427556368649
2018-11-30,JP1034,0.011494487568398855
2018-11-30,JP1035,0.005350369232936352
2018-11-30,JP1036,0.009478544150553613
2018-11-30,JP1037,0.006047061161202488
2018-11-30,JP1038,0.00793054660794434
2018-11-30,JP1039,0.00245820608716877
2018-11-30,JP1040,0.0037662231403416775
2018-11-30,JP1041,0.006498052028842103
2018-11-30,JP1042,0.013310627281691648
2018-11-30,JP1043,0.0034791030882491917
2018-11-30,JP1044,0.007438490249290455
2018-11-30,JP1045,0.003570724254316661
2018-11-30,JP1046,0.004639075261354819
2018-11-30,JP1047,0.009609506619668572
2018-11-30,JP1048,0.0006148300585896667
2018-11-30,JP1049,0.0011837726459780816
2018-11-30,JP1050,0.0011726741458484224
2018-11-30,JP1051,0.0006141789246941266
2018-11-30,JP1052,0.002283172635209923
2018-11-30,JP1053,0.011716476248441231
2018-11-30,JP1054,0.0036279128260383177
2018-11-30,JP1055,0.005450470882139758
2018-11-30,JP1056,0.01773534581833029
2018-11-30,JP1057,0.023893340367275938
2018-11-30,JP1058,0.004962836858596213
2018-11-30,JP1059,0.02048650056996122
2018-11-30,JP1060,0.005630976793064175
2018-11-30,JP1061,0.0021764744441391424
2018-11-30,JP1062,0.002914029197715997
2018-11-30,JP1063,0.0012423497377194222
2018-11-30,JP1064,0.0024796797447656817
2018-11-30,JP1065,0.0033859658220963484
2018-11-30,JP1066,0.01154500506496962
2018-11-30,JP1067,0.028271488480199565
2018-11-30,JP1068,0.0014192859487434685
2018-11-30,JP1069,0.009609620682952746
2018-11-30,JP1070,0.002004193454817255
2018-11-30,JP1071,0.008885766141659665
2018-11-30,JP1072,0.004901934862256821
2018-11-30,JP1073,0.0009284540857606033
2018-11-30,JP1074,0.01643923616405329
2018-11-30,JP1075,0.00235464499146607
2018-11-30,JP1076,0.003177162372280131
2018-11-30,JP1077,0.001352636744023276
2018-11-30,JP1078,0.002917658119560536
2018-11-30,JP1079,0.008272389830459753
2018-11-30,JP1080,0.0039988314022962
2018-11-30,JP1081,0.005428094457198153
2018-11-30,JP1082,0.007318545337726432
2018-11-30,JP1083,0.019548041215602323
2018-11-30,JP1084,0.003599634353791012
2018-11-30,JP1085,0.0010951907979370478
2018-11-30,JP1086,0.013564726349216188
2018-11-30,JP1087,0.0036446578532229224
2018-11-30,JP1088,0.01435838360597082
2018-11-30,JP1089,0.008119238355042904
2018-11-30,JP1090,0.004441185756664495
2018-11-30,JP1091,0.006087506207590151
2018-11-30,JP1092,0.036547460872999
2018-11-30,JP1093,0.04245008361431136
2018-11-30,JP1094,0.006430865480745102
2018-11-30,JP1095,0.006572759153369227
2018-11-30,JP1096,0.013684999084618135
2018-11-30,JP1097,0.0025265401076112917
2018-11-30,JP1098,0.0061990519066248235
2018-11-30,JP1099,0.004987242007721611
2018-11-30,JP1100,0.007532629834195611
2018-11-30,JP1101,0.002566209601833636
2018-11-30,JP1102,0.0012576586969732977
2018-11-30,JP1103,0.0007293643707374285
2018-11-30,JP1104,0.0016468817200490148
2018-11-30,JP1105,0.003418565816801079
2018-11-30,JP1106,0.00389299202965618
2018-11-30,JP1107,0.0329904089413181
2018-11-30,JP1108,0.015246653764164083
2018-11-30,JP1109,0.0023340854339922194
2018-11-30,JP1110,0.007707961983913213
2018-11-30,JP1111,0.0041736365471617375
2018-11-30,JP1112,0.0034463493496167392
2018-11-30,JP1113,0.005912679433619605
2018-11-30,JP1114,0.009881123042787229
2018-11-30,JP1115,0.003915356984611466
2018-11-30,JP1116,0.014615788246653718
2018-11-30,JP1117,0.001764806523978527
2018-11-30,JP1118,0.005559810783296606
2018-11-30,JP1119,0.059668881887320724
2018-12-31,JP1000,0.004396715546934747
2018-12-31,JP1001,0.007649007712713957
2018-12-31,JP1002,0.014986673529891035
2018-12-31,JP1003,0.0017972210216194932
2018-12-31,JP1004,0.004945290434801009
2018-12-31,JP1005,0.024703657214178894
2018-12-31,JP1006,0.0021633285172003875
2018-12-31,JP1007,0.002104313945775501
2018-12-31,JP1008,0.006167220148571635
2018-12-31,JP1009,0.010933413619749975
2018-12-31,JP1010,0.004978554422410691
2018-12-31,JP1011,0.01963143868791175
2018-12-31,JP1012,0.011734487994031102
2018-12-31,JP1013,0.011703604203126305
2018-12-31,JP1014,0.007987664893544532
2018-12-31,JP1015,0.05439885785114368
2018-12-31,JP1016,0.004289672234747907
2018-12-31,JP1017,0.0006301946867764897
2018-12-31,JP1018,0.022042611535126513
2018-12-31,JP1019,0.0036087840587643535
2018-12-31,JP1020,0.0066908694617701225
2018-12-31,JP1021,0.01912636010336075
2018-12-31,JP1022,0.0009798241252594046
2018-12-31,JP1023,0.001601637325874481
2018-12-31,JP1024,0.0010658823076429335
2018-12-31,JP1025,0.002231867872394749
2018-12-31,JP1026,0.008623490266549743
2018-12-31,JP1027,0.00785594345657861
2018-12-31,JP1028,0.006204280901950213
2018-12-31,JP1029,0.0012733397068172654
2018-12-31,JP1030,0.0005062961785501746
2018-12-31,JP1031,0.005675322188991062
2018-12-31,JP1032,0.0035452295320533766
2018-12-31,JP1033,0.006835890241940667
2018-12-31,JP1034,0.010215382286707469
2018-12-31,JP1035,0.007003397025587909
2018-12-31,JP1036,0.01016066165806236
2018-12-31,JP1037,0.005904899597799786
2018-12-31,JP1038,0.006848377896724829
2018-12-31,JP1039,0.0025182077155602115
2018-12-31,JP1040,0.004466009505268654
2018-12-31,JP1041,0.006505691222415871
2018-12-31,JP1042,0.0103281088994472
2018-12-31,JP1043,0.003398836976421778
2018-12-31,JP1044,0.008683005429489812
2018-12-31,JP1045,0.003886145620552688
2018-12-31,JP1046,0.0040189602712072565
2018-12-31,JP1047,0.011649877233275817
2018-12-31,JP1048,0.0006335153821481611
2018-12-31,JP1049,0.0011438305598617156
2018-12-31,JP1050,0.0012262872347866777
2018-12-31,JP1051,0.0004958079196491635
2018-12-31,JP1052,0.0027154859740921447
2018-12-31,JP1053,0.010115149847272867
2018-12-31,JP1054,0.004038268371938638
2018-12-31,JP1055,0.006807662025301086
2018-12-31,JP1056,0.01786176214641584
2018-12-31,JP1057,0.020637658672514117
2018-12-31,JP1058,0.004890951559569155
2018-12-31,JP1059,0.017007311826530546
2018-12-31,JP1060,0.005471320434563278
2018-12-31,JP1061,0.0018934138693267955
2018-12-31,JP1062,0.0025644855888031183
2018-12-31,JP1063,0.0013951684594936695
2018-12-31,JP1064,0.0018731259057689553
2018-12-31,JP1065,0.0027892420687780552
2018-12-31,JP1066,0.012218454665914976
2018-12-31,JP1067,0.02635107238384488
2018-12-31,JP1068,0.0013670635995563334
2018-12-31,JP1069,0.006644970900057343
2018-12-31,JP1070,0.0017072954923600043
2018-12-31,JP1071,0.009136990677673713
2018-12-31,JP1072,0.0038758196899365965
2018-12-31,JP1073,0.0007947031927230871
2018-12-31,JP1074,0.013137533384481582
2018-12-31,JP1075,0.002562854368187394
2018-12-31,JP1076,0.0030293335048220235
2018-12-31,JP1077,0.0017330072697856898
2018-12-31,JP1078,0.0027654872811083433
2018-12-31,JP1079,0.009301315223097887
2018-12-31,JP1080,0.005453854480751777
2018-12-31,JP1081,0.007337812409350874
2018-12-31,JP1082,0.007162995659226167
2018-12-31,JP1083,0.019743007644231033
2018-12-31,JP1084,0.0034974546887709852
2018-12-31,JP1085,0.0009826028945349235
2018-12-31,JP1086,0.014593981486290009
2018-12-31,JP1087,0.0040340441391951065
2018-12-31,JP1088,0.013278730957566917
2018-12-31,JP1089,0.0067057406458371485
2018-12-31,JP1090,0.004173325219817394
2018-12-31,JP1091,0.00741908791582838
2018-12-31,JP1092,0.04500431321214168
2018-12-31,JP1093,0.037117730278529285
2018-12-31,JP1094,0.0054550866248571995
2018-12-31,JP1095,0.0059228295980710425
2018-12-31,JP1096,0.01435590584896529
2018-12-31,JP1097,0.0021546203652048034
2018-12-31,JP1098,0.0067170058402526945
2018-12-31,JP1099,0.00646550262568905
2018-12-31,JP1100,0.007440377444960699
2018-12-31,JP1101,0.0020939717634069887
2018-12-31,JP1102,0.001158164641937271
2018-12-31,JP1103,0.0006509851925754647
2018-12-31,JP1104,0.0016594006402261487
2018-12-31,JP1105,0.003130425728701508
2018-12-31,JP1106,0.0036687495941436924
2018-12-31,JP1107,0.03097808260870967
2018-12-31,JP1108,0.012892851658801338
2018-12-31,JP1109,0.0019997630764259514
2018-12-31,JP1110,0.007004452887157927
2018-12-31,JP1111,0.003664569207465185
2018-12-31,JP1112,0.00347186456471605
2018-12-31,JP1113,0.005438901674297604
2018-12-31,JP1114,0.010123251102132802
2018-12-31,JP1115,0.003487738456294241
2018-12-31,JP1116,0.0159183218078081
2018-12-31,JP1117,0.0016151918777982707
2018-12-31,JP1118,0.006123520639768257
2018-12-31,JP1119,0.07306092614992195
2019-01-31,JP1000,0.004616525390432145
2019-01-31,JP1001,0.008544346092210464
2019-01-31,JP1002,0.012801238569566626
2019-01-31,JP1003,0.0016147117918504522
2019-01-31,JP1004,0.004965439494076987
2019-01-31,JP1005,0.023056558597771355
2019-01-31,JP1006,0.002360772676541011
2019-01-31,JP1007,0.002399776887261704
2019-01-31,JP1008,0.00633371403172901
2019-01-31,JP1009,0.013509657677470812
2019-01-31,JP1010,0.005083094289284487
2019-01-31,JP1011,0.019841533424745185
2019-01-31,JP1012,0.013233740977176618
2019-01-31,JP1013,0.009144995109258446
2019-01-31,JP1014,0.009813027910918922
2019-01-31,JP1015,0.049073152539678956
2019-01-31,JP1016,0.004310278994147573
2019-01-31,JP1017,0.0008017647635810203
2019-01-31,JP1018,0.024284396772034072
2019-01-31,JP1019,0.003043226554804796
2019-01-31,JP1020,0.005576580187424806
2019-01-31,JP1021,0.016126940952947116
2019-01-31,JP1022,0.0012634201042944868
2019-01-31,JP1023,0.0014337174687020088
2019-01-31,JP1024,0.001196559891035959
2019-01-31,JP1025,0.0022005614523824706
2019-01-31,JP1026,0.007839748365071718
2019-01-31,JP1027,0.009344461659077095
2019-01-31,JP1028,0.005943048943748427
2019-01-31,JP1029,0.001213063122570862
2019-01-31,JP1030,0.0005470289080927109
2019-01-31,JP1031,0.005202918732342475
2019-01-31,JP1032,0.0029924310939136033
2019-01-31,JP1033,0.008909143893977097
2019-01-31,JP1034,0.011684167829930026
2019-01-31,JP1035,0.006755954936948903
2019-01-31,JP1036,0.010062378087136068
2019-01-31,JP1037,0.005974194916987653
2019-01-31,JP1038,0.008158630134901448
2019-01-31,JP1039,0.0026733927760456723
2019-01-31,JP1040,0.0037317540507319177
2019-01-31,JP1041,0.005467995188544167
2019-01-31,JP1042,0.01064685174808831
2019-01-31,JP1043,0.003091344615121019
2019-01-31,JP1044,0.00926063720545473
2019-01-31,JP1045,0.004187182101434027
2019-01-31,JP1046,0.004265072937769204
2019-01-31,JP1047,0.011316953866808433
2019-01-31,JP1048,0.0005321317789964549
2019-01-31,JP1049,0.0013151549315526222
2019-01-31,JP1050,0.001294830147404239
2019-01-31,JP1051,0.0004636485066322728
2019-01-31,JP1052,0.002290234236685739
2019-01-31,JP1053,0.012221857914613674
2019-01-31,JP1054,0.0033866373170650097
2019-01-31,JP1055,0.007160398788171965
2019-01-31,JP1056,0.01996894504377714
2019-01-31,JP1057,0.018782357097945814
2019-01-31,JP1058,0.00531966036407302
2019-01-31,JP1059,0.01649178015679311
2019-01-31,JP1060,0.004650627184967678
2019-01-31,JP1061,0.0020119383322022813
2019-01-31,JP1062,0.003016240565491339
2019-01-31,JP1063,0.0011454613319647556
2019-01-31,JP1064,0.0020327621650491185
2019-01-31,JP1065,0.0030927767476611775
2019-01-31,JP1066,0.011100826882096024
2019-01-31,JP1067,0.026379263336198763
2019-01-31,JP1068,0.001152275267862384
2019-01-31,JP1069,0.006741354562803878
2019-01-31,JP1070,0.001812703822778025
2019-01-31,JP1071,0.007529539912407133
2019-01-31,JP1072,0.0044124548088888965
2019-01-31,JP1073,0.0006759490113183993
2019-01-31,JP1074,0.013393646040126404
2019-01-31,JP1075,0.002815782488348561
2019-01-31,JP1076,0.0028838678849715123
2019-01-31,JP1077,0.0017551755094354666
2019-01-31,JP1078,0.0028728458508243413
2019-01-31,JP1079,0.006680407648092216
2019-01-31,JP1080,0.004193747868507028
2019-01-31,JP1081,0.006136887093934802
2019-01-31,JP1082,0.007292542551952001
2019-01-31,JP1083,0.01837416910794179
2019-01-31,JP1084,0.003564031186029002
2019-01-31,JP1085,0.001251262521579903
2019-01-31,JP1086,0.01588289862416871
2019-01-31,JP1087,0.004028331650672847
2019-01-31,JP1088,0.014748247124529785
2019-01-31,JP1089,0.007923743486231411
2019-01-31,JP1090,0.004644556416784403
2019-01-31,JP1091,0.006874538716501503
2019-01-31,JP1092,0.03583418807765202
2019-01-31,JP1093,0.039643677474494946
2019-01-31,JP1094,0.006203039015412586
2019-01-31,JP1095,0.006406940165045508
2019-01-31,JP1096,0.01427947490855179
2019-01-31,JP1097,0.0020750064482190898
2019-01-31,JP1098,0.007729169909187692
2019-01-31,JP1099,0.005608614150644748
2019-01-31,JP1100,0.007110917588134496
2019-01-31,JP1101,0.0023365091370822037
2019-01-31,JP1102,0.0011698964351215145
2019-01-31,JP1103,0.0006223252353713881
2019-01-31,JP1104,0.0016605228502322247
2019-01-31,JP1105,0.003340655746688938
2019-01-31,JP1106,0.0035969208214070513
2019-01-31,JP1107,0.04140100822634815
2019-01-31,JP1108,0.014561232343549608
2019-01-31,JP1109,0.0019351930465064265
2019-01-31,JP1110,0.008632340162822496
2019-01-31,JP1111,0.002781286992063146
2019-01-31,JP1112,0.0038705692205908593
2019-01-31,JP1113,0.005671414842879048
2019-01-31,JP1114,0.009349824951337642
2019-01-31,JP1115,0.00317822571718246
2019-01-31,JP1116,0.014054368233334526
2019-01-31,JP1117,0.0016107647465830456
2019-01-31,JP1118,0.005187960440052182
2019-01-31,JP1119,0.07395137341144861
2019-02-28,JP1000,0.004651785777604957
2019-02-28,JP1001,0.008572401710639674
2019-02-28,JP1002,0.01745006752807191
2019-02-28,JP1003,0.0018013296710706372
2019-02-28,JP1004,0.004347605133982499
2019-02-28,JP1005,0.021547940173319093
2019-02-28,JP1006,0.0021950752635449913
2019-02-28,JP1007,0.002336973337540845
2019-02-28,JP1008,0.005924580966443437
2019-02-28,JP1009,0.012459477896971579
2019-02-28,JP1010,0.004685228084294314
2019-02-28,JP1011,0.01833192568419425
2019-02-28,JP1012,0.01250740063027271
2019-02-28,JP1013,0.011653665142063391
2019-02-28,JP1014,0.007303659710190253
2019-02-28,JP1015,0.052061463644766125
2019-02-28,JP1016,0.003822681475544861
2019-02-28,JP1017,0.0007717549935786484
2019-02-28,JP1018,0.027872949612232318
2019-02-28,JP1019,0.0025607462626687496
2019-02-28,JP1020,0.0061369110493836865
2019-02-28,JP1021,0.01958515416636959
2019-02-28,JP1022,0.0008830507318885765
2019-02-28,JP1023,0.0015880015301781084
2019-02-28,JP1024,0.0009021493452865092
2019-02-28,JP1025,0.0025771721107756265
2019-02-28,JP1026,0.007398734446341831
2019-02-28,JP1027,0.007379266977130052
2019-02-28,JP1028,0.008286603419557692
2019-02-28,JP1029,0.0010606611724496085
2019-02-28,JP1030,0.0004656063922565613
2019-02-28,JP1031,0.005051335884434739
2019-02-28,JP1032,0.003031168914422913
2019-02-28,JP1033,0.008632680889354457
2019-02-28,JP1034,0.010319507283111581
2019-02-28,JP1035,0.006455696472485288
2019-02-28,JP1036,0.011286597934536081
2019-02-28,JP1037,0.005409748340832731
2019-02-28,JP1038,0.009127954453289596
2019-02-28,JP1039,0.00257280973711371
2019-02-28,JP1040,0.003991698838615797
2019-02-28,JP1041,0.007617435962132813
2019-02-28,JP1042,0.012276102446892574
2019-02-28,JP1043,0.0037686720473992137
2019-02-28,JP1044,0.009441508321785865
2019-02-28,JP1045,0.0037376125502059875
2019-02-28,JP1046,0.004816692755479061
2019-02-28,JP1047,0.0120301130544521
2019-02-28,JP1048,0.0006554247910543256
2019-02-28,JP1049,0.0012307953386526081
2019-02-28,JP1050,0.0011578084576571272
2019-02-28,JP1051,0.0005227604294717611
2019-02-28,JP1052,0.0025848075292975265
2019-02-28,JP1053,0.010564443336564025
2019-02-28,JP1054,0.003834898347168226
2019-02-28,JP1055,0.006021782743268997
2019-02-28,JP1056,0.017644791137721633
2019-02-28,JP1057,0.019707542099155474
2019-02-28,JP1058,0.0045199774024086495
2019-02-28,JP1059,0.0164294338066062
2019-02-28,JP1060,0.005466819464467532
2019-02-28,JP1061,0.0020775941794444514
2019-02-28,JP1062,0.0026392499008051047
2019-02-28,JP1063,0.0012712692521852154
2019-02-28,JP1064,0.0021088249730813998
2019-02-28,JP1065,0.0030042561021767287
2019-02-28,JP1066,0.012082515400082858
2019-02-28,JP1067,0.024260690377810305
2019-02-28,JP1068,0.001368125646590112
2019-02-28,JP1069,0.00718223876012606
2019-02-28,JP1070,0.0018120122666780742
2019-02-28,JP1071,0.008153910446427782
2019-02-28,JP1072,0.004394667443516474
2019-02-28,JP1073,0.0008322168497502573
2019-02-28,JP1074,0.012971784945106219
2019-02-28,JP1075,0.003347666107693651
2019-02-28,JP1076,0.003048915025790414
2019-02-28,JP1077,0.0017882856572319636
2019-02-28,JP1078,0.0024622013614825416
2019-02-28,JP1079,0.008103297992053933
2019-02-28,JP1080,0.003798809576352022
2019-02-28,JP1081,0.007924553444676496
2019-02-28,JP1082,0.0062951418642247185
2019-02-28,JP1083,0.017506758064678846
2019-02-28,JP1084,0.0030666684066967204
2019-02-28,JP1085,0.0012109410112730813
2019-02-28,JP1086,0.014169988789182991
2019-02-28,JP1087,0.003909446304953819
2019-02-28,JP1088,0.014059868889888203
2019-02-28,JP1089,0.007868094083465865
2019-02-28,JP1090,0.004726274817673577
2019-02-28,JP1091,0.007361375973098731
2019-02-28,JP1092,0.0358875739218814
2019-02-28,JP1093,0.04114044260342311
2019-02-28,JP1094,0.004975884178985812
2019-02-28,JP1095,0.005359951009094738
2019-02-28,JP1096,0.01575123244755378
2019-02-28,JP1097,0.002103833297513428
2019-02-28,JP1098,0.007423872075384027
2019-02-28,JP1099,0.005786497540719367
2019-02-28,JP1100,0.006649114265735215
2019-02-28,JP1101,0.002081134864341138
2019-02-28,JP1102,0.001004304619426474
2019-02-28,JP1103,0.0006422387702205031
2019-02-28,JP1104,0.0017688346910460977
2019-02-28,JP1105,0.003205208746467388
2019-02-28,JP1106,0.004669043856277832
2019-02-28,JP1107,0.03680402849595851
2019-02-28,JP1108,0.01661601524579647
2019-02-28,JP1109,0.0019357871450450127
2019-02-28,JP1110,0.007966002277480604
2019-02-28,JP1111,0.0033157560408766506
2019-02-28,JP1112,0.003587677249325421
2019-02-28,JP1113,0.0067002934687288565
2019-02-28,JP1114,0.009390827899862527
2019-02-28,JP1115,0.003711956815215491
2019-02-28,JP1116,0.016253869460446598
2019-02-28,JP1117,0.0016458407015545085
2019-02-28,JP1118,0.005041508700594655
2019-02-28,JP1119,0.06474298088619418
2019-03-31,JP1000,0.003610589769305837
2019-03-31,JP1001,0.007145673288720975
2019-03-31,JP1002,0.010903128568678104
2019-03-31,JP1003,0.0018189361263826064
2019-03-31,JP1004,0.004353573175969726
2019-03-31,JP1005,0.022024683082142088
2019-03-31,JP1006,0.0021972117142642616
2019-03-31,JP1007,0.002085065211091579
2019-03-31,JP1008,0.006655899692819819
2019-03-31,JP1009,0.010223755678567316
2019-03-31,JP1010,0.005397471627715124
2019-03-31,JP1011,0.01766833739670784
2019-03-31,JP1012,0.010100950486520117
2019-03-31,JP1013,0.01330833136589074
2019-03-31,JP1014,0.010084205412454434
2019-03-31,JP1015,0.04928610090931647
2019-03-31,JP1016,0.003911209354014251
2019-03-31,JP1017,0.0006671943121205346
2019-03-31,JP1018,0.023270434137225692
2019-03-31,JP1019,0.0030127450383061693
2019-03-31,JP1020,0.00591104327044763
2019-03-31,JP1021,0.02312411161003379
2019-03-31,JP1022,0.0009862999925090371
2019-03-31,JP1023,0.0016073695249108609
2019-03-31,JP1024,0.0010596588907905568
2019-03-31,JP1025,0.0019397827613294972
2019-03-31,JP1026,0.007854831344255173
2019-03-31,JP1027,0.008441148966402887
2019-03-31,JP1028,0.007742028865666283
2019-03-31,JP1029,0.0014357469792702648
2019-03-31,JP1030,0.0005228358821298125
2019-03-31,JP1031,0.00604792541382227
2019-03-31,JP1032,0.003119035320890342
2019-03-31,JP1033,0.008982310814390654
2019-03-31,JP1034,0.010339000232519832
2019-03-31,JP1035,0.006500926446442117
2019-03-31,JP1036,0.012231442899941967
2019-03-31,JP1037,0.006853724687487796
2019-03-31,JP1038,0.008003202077910405
2019-03-31,JP1039,0.0024041782163344017
2019-03-31,JP1040,0.00457016778970722
2019-03-31,JP1041,0.006753480079275502
2019-03-31,JP1042,0.011708362051273194
2019-03-31,JP1043,0.003316684094684588
2019-03-31,JP1044,0.008707998194558936
2019-03-31,JP1045,0.0037819866615024286
2019-03-31,JP1046,0.004389004724885562
2019-03-31,JP1047,0.014146371936242257
2019-03-31,JP1048,0.0006592362770151586
2019-03-31,JP1049,0.0014597166208071403
2019-03-31,JP1050,0.001170045727793192
2019-03-31,JP1051,0.0004350322844977958
2019-03-31,JP1052,0.0022695226823929125
2019-03-31,JP1053,0.010646784901813035
2019-03-31,JP1054,0.003138617005415479
2019-03-31,JP1055,0.00742435982349036
2019-03-31,JP1056,0.014541284751044433
2019-03-31,JP1057,0.01830735290926072
2019-03-31,JP1058,0.005350041082415354
2019-03-31,JP1059,0.019364659858932227
2019-03-31,JP1060,0.0059367792830985495
2019-03-31,JP1061,0.002073585256625713
2019-03-31,JP1062,0.002812514136475392
2019-03-31,JP1063,0.0012715633217221373
2019-03-31,JP1064,0.0019148142517101388
2019-03-31,JP1065,0.0037385305164811125
2019-03-31,JP1066,0.008898383827209911
2019-03-31,JP1067,0.032177135114320306
2019-03-31,JP1068,0.0012045579424203201
2019-03-31,JP1069,0.007449877001285005
2019-03-31,JP1070,0.001774638077595703
2019-03-31,JP1071,0.00739753776590926
2019-03-31,JP1072,0.004005570903420874
2019-03-31,JP1073,0.0008565560074782629
2019-03-31,JP1074,0.013586359917340389
2019-03-31,JP1075,0.002535542814245559
2019-03-31,JP1076,0.00313974610068043
2019-03-31,JP1077,0.0018403813553965354
2019-03-31,JP1078,0.002539153139757256
2019-03-31,JP1079,0.00683787287037547
2019-03-31,JP1080,0.004182617011816864
2019-03-31,JP1081,0.007308996549391381
2019-03-31,JP1082,0.007242534050442099
2019-03-31,JP1083,0.017909800042732186
2019-03-31,JP1084,0.003772910016235686
2019-03-31,JP1085,0.0013147025411571129
2019-03-31,JP1086,0.013655311030330394
2019-03-31,JP1087,0.003534765206311442
2019-03-31,JP1088,0.02034514903881175
2019-03-31,JP1089,0.007662970342703224
2019-03-31,JP1090,0.003920101633516981
2019-03-31,JP1091,0.006854829487943433
2019-03-31,JP1092,0.033090832601288735
2019-03-31,JP1093,0.042054048214221235
2019-03-31,JP1094,0.005607414023411467
2019-03-31,JP1095,0.005587196702825593
2019-03-31,JP1096,0.017918022659621963
2019-03-31,JP1097,0.0021963306951723886
2019-03-31,JP1098,0.006762774070235836
2019-03-31,JP1099,0.004375237379569986
2019-03-31,JP1100,0.006349445408152805
2019-03-31,JP1101,0.0019463671097607995
2019-03-31,JP1102,0.0010154293251182346
2019-03-31,JP1103,0.0005841812403109325
2019-03-31,JP1104,0.0017949013980283065
2019-03-31,JP1105,0.003024716304804644
2019-03-31,JP1106,0.00411551638540341
2019-03-31,JP1107,0.03697765079222377
2019-03-31,JP1108,0.016354121206449666
2019-03-31,JP1109,0.0021202194372453736
2019-03-31,JP1110,0.008766841552783252
2019-03-31,JP1111,0.003101723197649025
2019-03-31,JP1112,0.0041544161123790654
2019-03-31,JP1113,0.006353928932005837
2019-03-31,JP1114,0.010479646694727068
2019-03-31,JP1115,0.0036537610839356234
2019-03-31,JP1116,0.016533497350122505
2019-03-31,JP1117,0.0014230995333057725
2019-03-31,JP1118,0.004617456477919224
2019-03-31,JP1119,0.06437262755367977
2019-04-30,JP1000,0.004156821838892464
2019-04-30,JP1001,0.007903976998637775
2019-04-30,JP1002,0.01379080017757771
2019-04-30,JP1003,0.0017537437712436166
2019-04-30,JP1004,0.004403746231186114
2019-04-30,JP1005,0.02593902824004502
2019-04-30,JP1006,0.0023560292506031497
2019-04-30,JP1007,0.002416310013932024
2019-04-30,JP1008,0.006574646465736443
2019-04-30,JP1009,0.012824140645237216
2019-04-30,JP1010,0.004609015572023037
2019-04-30,JP1011,0.020445057750528968
2019-04-30,JP1012,0.012287029669714062
2019-04-30,JP1013,0.010390975560902054
2019-04-30,JP1014,0.008592933776974326
2019-04-30,JP1015,0.0650492281386157
2019-04-30,JP1016,0.003950021210234849
2019-04-30,JP1017,0.000655587179814615
2019-04-30,JP1018,0.026242720934795072
2019-04-30,JP1019,0.0030230818670809526
2019-04-30,JP1020,0.005697280999579455
2019-04-30,JP1021,0.01786284850062074
2019-04-30,JP1022,0.0010576424755247152
2019-04-30,JP1023,0.0014336553172762745
2019-04-30,JP1024,0.001236128878044277
2019-04-30,JP1025,0.0022899447424587645
2019-04-30,JP1026,0.007655610634245581
2019-04-30,JP1027,0.009442254249320997
2019-04-30,JP1028,0.005784772383624794
2019-04-30,JP1029,0.001454219966682298
2019-04-30,JP1030,0.00045344185620003325
2019-04-30,JP1031,0.005999412986096846
2019-04-30,JP1032,0.0036398709294665015
2019-04-30,JP1033,0.007575114182870442
2019-04-30,JP1034,0.009747838969660758
2019-04-30,JP1035,0.0057281173244804855
2019-04-30,JP1036,0.011477068551434969
2019-04-30,JP1037,0.005740055283910408
2019-04-30,JP1038,0.008475718007855942
2019-04-30,JP1039,0.0024158411812310585
2019-04-30,JP1040,0.0037558725367052544
2019-04-30,JP1041,0.005530835841183736
2019-04-30,JP1042,0.011604772659022917
2019-04-30,JP1043,0.0034396669319099325
2019-04-30,JP1044,0.007868227499900909
2019-04-30,JP1045,0.003896772678921634
2019-04-30,JP1046,0.004203114667820436
2019-04-30,JP1047,0.013174609105292797
2019-04-30,JP1048,0.0006802497437898018
2019-04-30,JP1049,0.0015393256821628044
2019-04-30,JP1050,0.0009671602508007056
2019-04-30,JP1051,0.0005049599014287733
2019-04-30,JP1052,0.00271666959647538
2019-04-30,JP1053,0.010524531275742733
2019-04-30,JP1054,0.0035941009239166166
2019-04-30,JP1055,0.006052460709809164
2019-04-30,JP1056,0.01614365826858216
2019-04-30,JP1057,0.016855821498541246
2019-04-30,JP1058,0.005047910155966436
2019-04-30,JP1059,0.020155672080220847
2019-04-30,JP1060,0.0053876575233948966
2019-04-30,JP1061,0.002135837394487798
2019-04-30,JP1062,0.0028006427557411783
2019-04-30,JP1063,0.0013544408685302806
2019-04-30,JP1064,0.002148413520125892
2019-04-30,JP1065,0.0032084160657507737
2019-04-30,JP1066,0.010784592384111405
2019-04-30,JP1067,0.0251378655324332
2019-04-30,JP1068,0.0010480202805640932
2019-04-30,JP1069,0.006650399792422504
2019-04-30,JP1070,0.0018031352919619765
2019-04-30,JP1071,0.009208768377147741
2019-04-30,JP1072,0.004886879548277596
2019-04-30,JP1073,0.000720097526266702
2019-04-30,JP1074,0.011782263064281723
2019-04-30,JP1075,0.002507269171262974
2019-04-30,JP1076,0.00228416858071671
2019-04-30,JP1077,0.0017015622078357683
2019-04-30,JP1078,0.002840856241497244
2019-04-30,JP1079,0.007543714375094741
2019-04-30,JP1080,0.003676779691797439
2019-04-30,JP1081,0.006437951881999031
2019-04-30,JP1082,0.0070083371052140015
2019-04-30,JP1083,0.02040432602754946
2019-04-30,JP1084,0.003514844672430581
2019-04-30,JP1085,0.0012271524390494442
2019-04-30,JP1086,0.014543607705950546
2019-04-30,JP1087,0.003707115227423795
2019-04-30,JP1088,0.013994141985994439
2019-04-30,JP1089,0.0069092142149549335
2019-04-30,JP1090,0.003901436367258036
2019-04-30,JP1091,0.007591314135502137
2019-04-30,JP1092,0.034465448469268606
2019-04-30,JP1093,0.02808626702210006
2019-04-30,JP1094,0.005672102488646932
2019-04-30,JP1095,0.006525176497880962
2019-04-30,JP1096,0.013641715094348634
2019-04-30,JP1097,0.002271478055157714
2019-04-30,JP1098,0.006890618732975832
2019-04-30,JP1099,0.003976565020736655
2019-04-30,JP1100,0.008391910892185366
2019-04-30,JP1101,0.002147538950847035
2019-04-30,JP1102,0.0010498395781534165
2019-04-30,JP1103,0.0005960806779158302
2019-04-30,JP1104,0.0016017970437332038
2019-04-30,JP1105,0.0032399381390852567
2019-04-30,JP1106,0.003389280746252634
2019-04-30,JP1107,0.04145841659591653
2019-04-30,JP1108,0.016574598741498785
2019-04-30,JP1109,0.002029227175852204
2019-04-30,JP1110,0.0070398967334212754
2019-04-30,JP1111,0.003110747880173933
2019-04-30,JP1112,0.004206825834207373
2019-04-30,JP1113,0.006452439471861422
2019-04-30,JP1114,0.009000608239160194
2019-04-30,JP1115,0.003223128868428724
2019-04-30,JP1116,0.0124824611016532
2019-04-30,JP1117,0.001614430522227737
2019-04-30,JP1118,0.004950605684580341
2019-04-30,JP1119,0.0762715090621465
2019-05-31,JP1000,0.004169746162640236
2019-05-31,JP1001,0.006483997452812622
2019-05-31,JP1002,0.010846074603625426
2019-05-31,JP1003,0.002085337907837936
2019-05-31,JP1004,0.004946851326687941
2019-05-31,JP1005,0.02264059042374726
2019-05-31,JP1006,0.0026711535294848825
2019-05-31,JP1007,0.0023171497480290923
2019-05-31,JP1008,0.006077342383765095
2019-05-31,JP1009,0.010279942537061519
2019-05-31,JP1010,0.0061234013989075915
2019-05-31,JP1011,0.01808503504106639
2019-05-31,JP1012,0.011340532866640543
2019-05-31,JP1013,0.011651023891315141
2019-05-31,JP1014,0.008753091525504667
2019-05-31,JP1015,0.05432323958053011
2019-05-31,JP1016,0.004265781439458164
2019-05-31,JP1017,0.000636748616083846
2019-05-31,JP1018,0.02494494877212129
2019-05-31,JP1019,0.0033415565508893496
2019-05-31,JP1020,0.005214846639640342
2019-05-31,JP1021,0.02141399090840117
2019-05-31,JP1022,0.0010055589783739085
2019-05-31,JP1023,0.0016787151088690955
2019-05-31,JP1024,0.0008775132915936434
2019-05-31,JP1025,0.0024136857084894733
2019-05-31,JP1026,0.007102365929936241
2019-05-31,JP1027,0.007929333627950433
2019-05-31,JP1028,0.00721807004054057
2019-05-31,JP1029,0.0011903111084550489
2019-05-31,JP1030,0.0006436926399240817
2019-05-31,JP1031,0.0055621498235435
2019-05-31,JP1032,0.002910936109752067
2019-05-31,JP1033,0.008341092123023013
2019-05-31,JP1034,0.009855818056419047
2019-05-31,JP1035,0.006241839107735872
2019-05-31,JP1036,0.010384795192861455
2019-05-31,JP1037,0.006551587239149563
2019-05-31,JP1038,0.008668851106925841
2019-05-31,JP1039,0.002491781555356307
2019-05-31,JP1040,0.004638526404598018
2019-05-31,JP1041,0.005084919308043258
2019-05-31,JP1042,0.011474278163375085
2019-05-31,JP1043,0.003145490155878264
2019-05-31,JP1044,0.007360519267102905
2019-05-31,JP1045,0.003526157589942357
2019-05-31,JP1046,0.004179997966305963
2019-05-31,JP1047,0.01119887838394036
2019-05-31,JP1048,0.0007050411439846482
2019-05-31,JP1049,0.0014442430113773166
2019-05-31,JP1050,0.0010906088251370588
2019-05-31,JP1051,0.0005681751921874981
2019-05-31,JP1052,0.0024459433479645945
2019-05-31,JP1053,0.008711261020380261
2019-05-31,JP1054,0.003634549304654424
2019-05-31,JP1055,0.006124728535456474
2019-05-31,JP1056,0.010716120114416985
2019-05-31,JP1057,0.02129022489512257
2019-05-31,JP1058,0.0046217929637868945
2019-05-31,JP1059,0.017256253928649233
2019-05-31,JP1060,0.004982551086592026
2019-05-31,JP1061,0.0023363797000715415
2019-05-31,JP1062,0.003015664138804138
2019-05-31,JP1063,0.0010665351421038243
2019-05-31,JP1064,0.0017970839131913302
2019-05-31,JP1065,0.00354273732689844
2019-05-31,JP1066,0.011528869883785172
2019-05-31,JP1067,0.029580787586971493
2019-05-31,JP1068,0.0011868871831303
2019-05-31,JP1069,0.007318796493500275
2019-05-31,JP1070,0.0017705649170057002
2019-05-31,JP1071,0.008856986540992673
2019-05-31,JP1072,0.005011183072506583
2019-05-31,JP1073,0.0009408152826142068
2019-05-31,JP1074,0.01441649967776996
2019-05-31,JP1075,0.0032745279559239972
2019-05-31,JP1076,0.0032454181038634794
2019-05-31,JP1077,0.0016179187790535889
2019-05-31,JP1078,0.003031010008882202
2019-05-31,JP1079,0.006686407366154046
2019-05-31,JP1080,0.005243716277880039
2019-05-31,JP1081,0.006302628617475926
2019-05-31,JP1082,0.00785001138639881
2019-05-31,JP1083,0.021648049393610102
2019-05-31,JP1084,0.0037172017290005082
2019-05-31,JP1085,0.0009304707382107786
2019-05-31,JP1086,0.013226949035015525
2019-05-31,JP1087,0.0037211081141700388
2019-05-31,JP1088,0.016248211630890144
2019-05-31,JP1089,0.007208971345622975
2019-05-31,JP1090,0.004419932051392817
2019-05-31,JP1091,0.006120929864541449
2019-05-31,JP1092,0.04202548032361105
2019-05-31,JP1093,0.03843680565195068
2019-05-31,JP1094,0.005801319120511152
2019-05-31,JP1095,0.006755622491566987
2019-05-31,JP1096,0.013073197515586369
2019-05-31,JP1097,0.0021748698428892084
2019-05-31,JP1098,0.0071756823927971196
2019-05-31,JP1099,0.0047500750016790634
2019-05-31,JP1100,0.007511776936670932
2019-05-31,JP1101,0.0020334524938711127
2019-05-31,JP1102,0.001026093202366002
2019-05-31,JP1103,0.000606382316679008
2019-05-31,JP1104,0.002064728005768981
2019-05-31,JP1105,0.0029590641896400545
2019-05-31,JP1106,0.0040193947180453245
2019-05-31,JP1107,0.041542771565342015
2019-05-31,JP1108,0.013790571891206476
2019-05-31,JP1109,0.001929518513766032
2019-05-31,JP1110,0.006416645529972558
2019-05-31,JP1111,0.0027222481653104078
2019-05-31,JP1112,0.0034797579457879085
2019-05-31,JP1113,0.0056866290311711
2019-05-31,JP1114,0.008827806806108862
2019-05-31,JP1115,0.0034577065337191896
2019-05-31,JP1116,0.014502087317409729
2019-05-31,JP1117,0.0014165295923456453
2019-05-31,JP1118,0.005213906602030482
2019-05-31,JP1119,0.07585588238071846
2019-06-30,JP1000,0.0037341321097698866
2019-06-30,JP1001,0.007413843112654134
2019-06-30,JP1002,0.013902818823163158
2019-06-30,JP1003,0.001681914133324519
2019-06-30,JP1004,0.004031447989834297
2019-06-30,JP1005,0.024697861632398878
2019-06-30,JP1006,0.0021097184672711324
2019-06-30,JP1007,0.0022669693559889594
2019-06-30,JP1008,0.006675888247674453
2019-06-30,JP1009,0.011986154411410441
2019-06-30,JP1010,0.005800620963909259
2019-06-30,JP1011,0.01709595288911703
2019-06-30,JP1012,0.011035566551871573
2019-06-30,JP1013,0.011235938578166694
2019-06-30,JP1014,0.012263249478172342
2019-06-30,JP1015,0.05469948166539448
2019-06-30,JP1016,0.0044271707572836674
2019-06-30,JP1017,0.0007299592526879718
2019-06-30,JP1018,0.025420530763122957
2019-06-30,JP1019,0.0035632216881394097
2019-06-30,JP1020,0.004684554401373528
2019-06-30,JP1021,0.01931088499464373
2019-06-30,JP1022,0.0010660742441375175
2019-06-30,JP1023,0.0016058262284868498
2019-06-30,JP1024,0.0009108059993692187
2019-06-30,JP1025,0.0020566442593397184
2019-06-30,JP1026,0.00710763460220938
2019-06-30,JP1027,0.009023575429203564
2019-06-30,JP1028,0.007052297279030098
2019-06-30,JP1029,0.0011226303944496996
2019-06-30,JP1030,0.0006094154621630167
2019-06-30,JP1031,0.00550915630093723
2019-06-30,JP1032,0.00320292773813509
2019-06-30,JP1033,0.007862022071769835
2019-06-30,JP1034,0.01122814703202634
2019-06-30,JP1035,0.006053348662901676
2019-06-30,JP1036,0.01309904083409294
2019-06-30,JP1037,0.00564766498149228
2019-06-30,JP1038,0.00738114729973712
2019-06-30,JP1039,0.0023273764752900303
2019-06-30,JP1040,0.004477856140730144
2019-06-30,JP1041,0.0059143864955384
2019-06-30,JP1042,0.01307957697911314
2019-06-30,JP1043,0.0032881456753874653
2019-06-30,JP1044,0.009514137504889853
2019-06-30,JP1045,0.0035769333508399175
2019-06-30,JP1046,0.005074276196521251
2019-06-30,JP1047,0.013327840544367179
2019-06-30,JP1048,0.0006530391480811261
2019-06-30,JP1049,0.0014563082002385069
2019-06-30,JP1050,0.0011829447182421307
2019-06-30,JP1051,0.0005176144285619614
2019-06-30,JP1052,0.002925893798466328
2019-06-30,JP1053,0.011824525588442016
2019-06-30,JP1054,0.004014641167389204
2019-06-30,JP1055,0.006602947048578685
2019-06-30,JP1056,0.013272728088314223
2019-06-30,JP1057,0.019049005619139896
2019-06-30,JP1058,0.004238173604000637
2019-06-30,JP1059,0.019593359412941158
2019-06-30,JP1060,0.006216632152657764
2019-06-30,JP1061,0.0021931023608334497
2019-06-30,JP1062,0.002178118412459386
2019-06-30,JP1063,0.0010389434257071437
2019-06-30,JP1064,0.0022108912617809294
2019-06-30,JP1065,0.003358494133225623
2019-06-30,JP1066,0.012248336786309162
2019-06-30,JP1067,0.025115109202948075
2019-06-30,JP1068,0.0013223508563947439
2019-06-30,JP1069,0.00784159737418998
2019-06-30,JP1070,0.0019384078044926854
2019-06-30,JP1071,0.007633884817186569
2019-06-30,JP1072,0.00480815496801184
2019-06-30,JP1073,0.0009447554531130783
2019-06-30,JP1074,0.010221039790343646
2019-06-30,JP1075,0.0027831693445329094
2019-06-30,JP1076,0.0024815553544202296
2019-06-30,JP1077,0.0015962366306509217
2019-06-30,JP1078,0.002438248709333446
2019-06-30,JP1079,0.007726578050891734
2019-06-30,JP1080,0.004357639548195476
2019-06-30,JP1081,0.007710485044816748
2019-06-30,JP1082,0.007476350322389289
2019-06-30,JP1083,0.020316739888213774
2019-06-30,JP1084,0.0032309775002312886
2019-06-30,JP1085,0.0012868904906279885
2019-06-30,JP1086,0.010602193469924472
2019-06-30,JP1087,0.0042401633656663825
2019-06-30,JP1088,0.017685289704098127
2019-06-30,JP1089,0.008018916244440998
2019-06-30,JP1090,0.005557674778129268
2019-06-30,JP1091,0.006000332021283882
2019-06-30,JP1092,0.03856619217266386
2019-06-30,JP1093,0.04101393561448001
2019-06-30,JP1094,0.005568971859834893
2019-06-30,JP1095,0.0052976025052150445
2019-06-30,JP1096,0.01547369782013794
2019-06-30,JP1097,0.002253629588419756
2019-06-30,JP1098,0.006603049701562634
2019-06-30,JP1099,0.00490712665930954
2019-06-30,JP1100,0.006085315563967251
2019-06-30,JP1101,0.00211808435075356
2019-06-30,JP1102,0.0011387544007356598
2019-06-30,JP1103,0.0007036445197422069
2019-06-30,JP1104,0.001791237656615313
2019-06-30,JP1105,0.0035281872408307983
2019-06-30,JP1106,0.004168580951775564
2019-06-30,JP1107,0.03299306030775202
2019-06-30,JP1108,0.015853159337382766
2019-06-30,JP1109,0.0021597827030538134
2019-06-30,JP1110,0.006253698007988993
2019-06-30,JP1111,0.002938239461603629
2019-06-30,JP1112,0.0033035313705484224
2019-06-30,JP1113,0.005104856782014192
2019-06-30,JP1114,0.00847831097768313
2019-06-30,JP1115,0.0034267606871687
2019-06-30,JP1116,0.01709015974375596
2019-06-30,JP1117,0.001549194484963784
2019-06-30,JP1118,0.0043847069502341695
2019-06-30,JP1119,0.06924932004037791
2019-07-31,JP1000,0.004666316894637188
2019-07-31,JP1001,0.008097492325290735
2019-07-31,JP1002,0.013517566367395985
2019-07-31,JP1003,0.0016882912069229518
2019-07-31,JP1004,0.004403186436152092
2019-07-31,JP1005,0.023185724435283023
2019-07-31,JP1006,0.0019502029369618643
2019-07-31,JP1007,0.0023802514447283317
2019-07-31,JP1008,0.006349914109193104
2019-07-31,JP1009,0.012329840562679524
2019-07-31,JP1010,0.005165218393344183
2019-07-31,JP1011,0.01700565884214909
2019-07-31,JP1012,0.010912061456439739
2019-07-31,JP1013,0.013972105973538642
2019-07-31,JP1014,0.008438025147288423
2019-07-31,JP1015,0.05747378105595564
2019-07-31,JP1016,0.003779138696237647
2019-07-31,JP1017,0.0006961935123703647
2019-07-31,JP1018,0.02460821501438718
2019-07-31,JP1019,0.003178613322589597
2019-07-31,JP1020,0.005566544142275537
2019-07-31,JP1021,0.022127852902772832
2019-07-31,JP1022,0.001262865527142857
2019-07-31,JP1023,0.0015143860008659071
2019-07-31,JP1024,0.0010003465581427272
2019-07-31,JP1025,0.002045894774491897
2019-07-31,JP1026,0.006977731736109596
2019-07-31,JP1027,0.01009477286898414
2019-07-31,JP1028,0.00588442422100355
2019-07-31,JP1029,0.001204536300821566
2019-07-31,JP1030,0.0005211702933838145
2019-07-31,JP1031,0.004208437955727688
2019-07-31,JP1032,0.0028464106789387773
2019-07-31,JP1033,0.0071594804771352135
2019-07-31,JP1034,0.009759853151080194
2019-07-31,JP1035,0.0060921678813151674
2019-07-31,JP1036,0.012253419675315657
2019-07-31,JP1037,0.006084533836255094
2019-07-31,JP1038,0.008387923586768129
2019-07-31,JP1039,0.002525055146122321
2019-07-31,JP1040,0.003985764678533504
2019-07-31,JP1041,0.006563023234517053
2019-07-31,JP1042,0.012283932961605218
2019-07-31,JP1043,0.0026564629158375083
2019-07-31,JP1044,0.009281321017603513
2019-07-31,JP1045,0.004013951358318069
2019-07-31,JP1046,0.004717263982566452
2019-07-31,JP1047,0.013334741974254088
2019-07-31,JP1048,0.0005893143083536567
2019-07-31,JP1049,0.0012471648154052672
2019-07-31,JP1050,0.001166123454153645
2019-07-31,JP1051,0.0003973811303343775
2019-07-31,JP1052,0.002568866499186934
2019-07-31,JP1053,0.011904716950100477
2019-07-31,JP1054,0.0040457788926515715
2019-07-31,JP1055,0.006350818887224393
2019-07-31,JP1056,0.015011842454918075
2019-07-31,JP1057,0.018686350980590172
2019-07-31,JP1058,0.004596100934323909
2019-07-31,JP1059,0.020478027874303285
2019-07-31,JP1060,0.004854624087237296
2019-07-31,JP1061,0.0025903877988225294
2019-07-31,JP1062,0.0026504514930042835
2019-07-31,JP1063,0.0012437433288699266
2019-07-31,JP1064,0.0021442647532553473
2019-07-31,JP1065,0.003220425981422616
2019-07-31,JP1066,0.01314111384525205
2019-07-31,JP1067,0.03219497616526469
2019-07-31,JP1068,0.0011092082779839334
2019-07-31,JP1069,0.007601645213620171
2019-07-31,JP1070,0.001864675364469905
2019-07-31,JP1071,0.006756179922702165
2019-07-31,JP1072,0.0036683910288771104
2019-07-31,JP1073,0.0007623284281022361
2019-07-31,JP1074,0.0114715396137089
2019-07-31,JP1075,0.0025435004199283596
2019-07-31,JP1076,0.002658304757341441
2019-07-31,JP1077,0.0017522531697430415
2019-07-31,JP1078,0.0024580869480988403
2019-07-31,JP1079,0.008865624203089645
2019-07-31,JP1080,0.004356534750171923
2019-07-31,JP1081,0.007775576467209171
2019-07-31,JP1082,0.00627133574423468
2019-07-31,JP1083,0.01818748212288913
2019-07-31,JP1084,0.0037200225627024197
2019-07-31,JP1085,0.0012353252651251016
2019-07-31,JP1086,0.014088334195538841
2019-07-31,JP1087,0.0035299832022722415
2019-07-31,JP1088,0.015155034682238987
2019-07-31,JP1089,0.00736312939128982
2019-07-31,JP1090,0.005630377398214224
2019-07-31,JP1091,0.007560932020265291
2019-07-31,JP1092,0.036521253045865384
2019-07-31,JP1093,0.03637835499549905
2019-07-31,JP1094,0.004897578071801283
2019-07-31,JP1095,0.005940326207549213
2019-07-31,JP1096,0.016982305477954412
2019-07-31,JP1097,0.0021756321163302356
2019-07-31,JP1098,0.007101695161986973
2019-07-31,JP1099,0.004676764680501188
2019-07-31,JP1100,0.005945503328105656
2019-07-31,JP1101,0.0023471807436044787
2019-07-31,JP1102,0.0010282843818633317
2019-07-31,JP1103,0.0006801199728028012
2019-07-31,JP1104,0.0017176779562441216
2019-07-31,JP1105,0.00296776448350935
2019-07-31,JP1106,0.003944190249141384
2019-07-31,JP1107,0.0315325490664271
2019-07-31,JP1108,0.01596888048299735
2019-07-31,JP1109,0.0019630893611885867
2019-07-31,JP1110,0.008539160038743008
2019-07-31,JP1111,0.003155437082898477
2019-07-31,JP1112,0.0034070323543852338
2019-07-31,JP1113,0.005970935714569697
2019-07-31,JP1114,0.010205981685800175
2019-07-31,JP1115,0.0027839295893520364
2019-07-31,JP1116,0.016351164073826602
2019-07-31,JP1117,0.001616227107976749
2019-07-31,JP1118,0.004641521988576394
2019-07-31,JP1119,0.06693911282457406
2019-08-31,JP1000,0.00508023527031158
2019-08-31,JP1001,0.007856876991781813
2019-08-31,JP1002,0.01517031447369357
2019-08-31,JP1003,0.0017445537437651333
2019-08-31,JP1004,0.004747405680900126
2019-08-31,JP1005,0.019895909918588174
2019-08-31,JP1006,0.002514639574061301
2019-08-31,JP1007,0.002099788308974486
2019-08-31,JP1008,0.007200693033319578
2019-08-31,JP1009,0.012083527189748462
2019-08-31,JP1010,0.005571254871150367
2019-08-31,JP1011,0.019987364048205326
2019-08-31,JP1012,0.014546225693876954
2019-08-31,JP1013,0.010233751605694726
2019-08-31,JP1014,0.008869729015529489
2019-08-31,JP1015,0.048016841770853226
2019-08-31,JP1016,0.0034204853151208188
2019-08-31,JP1017,0.0006274333768802958
2019-08-31,JP1018,0.028828525192227786
2019-08-31,JP1019,0.0032517407391266604
2019-08-31,JP1020,0.005617073286847724
2019-08-31,JP1021,0.020631277075528483
2019-08-31,JP1022,0.001050421099120846
2019-08-31,JP1023,0.0015676748451841243
2019-08-31,JP1024,0.001073488795542177
2019-08-31,JP1025,0.0024597048079989976
2019-08-31,JP1026,0.007649002944001384
2019-08-31,JP1027,0.009667831284546702
2019-08-31,JP1028,0.006019284472910219
2019-08-31,JP1029,0.0012442632271022834
2019-08-31,JP1030,0.0005709213272082159
2019-08-31,JP1031,0.005359413768146709
2019-08-31,JP1032,0.003080358664389048
2019-08-31,JP1033,0.01025881445783326
2019-08-31,JP1034,0.011985771456340022
2019-08-31,JP1035,0.006003317006283823
2019-08-31,JP1036,0.010004077392465375
2019-08-31,JP1037,0.005288900125562836
2019-08-31,JP1038,0.009401209037333446
2019-08-31,JP1039,0.002891631917309
2019-08-31,JP1040,0.004481120299861327
2019-08-31,JP1041,0.00528891703536562
2019-08-31,JP1042,0.011899160130574482
2019-08-31,JP1043,0.003311764686578453
2019-08-31,JP1044,0.0088219270577986
2019-08-31,JP1045,0.004799018418638966
2019-08-31,JP1046,0.004959502435083875
2019-08-31,JP1047,0.01251632676662389
2019-08-31,JP1048,0.0006992916480719183
2019-08-31,JP1049,0.0014694417382528809
2019-08-31,JP1050,0.001089174649905332
2019-08-31,JP1051,0.0005282344241615361
2019-08-31,JP1052,0.0025658919072379413
2019-08-31,JP1053,0.010045409489358998
2019-08-31,JP1054,0.004206048200886658
2019-08-31,JP1055,0.00502558615687265
2019-08-31,JP1056,0.014507452702661166
2019-08-31,JP1057,0.020675007415236688
2019-08-31,JP1058,0.005437002842024813
2019-08-31,JP1059,0.02091912092025946
2019-08-31,JP1060,0.005284750433703337
2019-08-31,JP1061,0.0022197974803421657
2019-08-31,JP1062,0.002928922272241556
2019-08-31,JP1063,0.0013708409115704514
2019-08-31,JP1064,0.0023252635180770038
2019-08-31,JP1065,0.003953825896969767
2019-08-31,JP1066,0.0115887450865454
2019-08-31,JP1067,0.02588279928376862
2019-08-31,JP1068,0.0011242563322989728
2019-08-31,JP1069,0.007408354148711453
2019-08-31,JP1070,0.0019528826352395473
2019-08-31,JP1071,0.007880693511392638
2019-08-31,JP1072,0.004787643091904084
2019-08-31,JP1073,0.000763023124799023
2019-08-31,JP1074,0.012233307209790293
2019-08-31,JP1075,0.003240435407460084
2019-08-31,JP1076,0.0032631546503135316
2019-08-31,JP1077,0.0017151596121677182
2019-08-31,JP1078,0.0024659300601096697
2019-08-31,JP1079,0.00869448885680757
2019-08-31,JP1080,0.004656709627640288
2019-08-31,JP1081,0.007633062656591096
2019-08-31,JP1082,0.007272109652065227
2019-08-31,JP1083,0.017306981303727036
2019-08-31,JP1084,0.00365332489460528
2019-08-31,JP1085,0.0013550110353442012
2019-08-31,JP1086,0.013683982074715278
2019-08-31,JP1087,0.003717920842438412
2019-08-31,JP1088,0.01850570532730282
2019-08-31,JP1089,0.007336495302637616
2019-08-31,JP1090,0.004463894956086996
2019-08-31,JP1091,0.0063830310549592515
2019-08-31,JP1092,0.03859952813518502
2019-08-31,JP1093,0.0381997190634168
2019-08-31,JP1094,0.0047295412744330105
2019-08-31,JP1095,0.005499967374740791
2019-08-31,JP1096,0.015440473408229377
2019-08-31,JP1097,0.001889355727082851
2019-08-31,JP1098,0.006261352819992398
2019-08-31,JP1099,0.005312024346120294
2019-08-31,JP1100,0.007004670942604265
2019-08-31,JP1101,0.002044472243109796
2019-08-31,JP1102,0.0010183800770258574
2019-08-31,JP1103,0.0007716231854322526
2019-08-31,JP1104,0.001916875445683644
2019-08-31,JP1105,0.0032235679072483716
2019-08-31,JP1106,0.004171743563284511
2019-08-31,JP1107,0.03620650864028469
2019-08-31,JP1108,0.013045997355182687
2019-08-31,JP1109,0.0016201207937265281
2019-08-31,JP1110,0.006663751419440336
2019-08-31,JP1111,0.0029307368440172174
2019-08-31,JP1112,0.003985649452595283
2019-08-31,JP1113,0.005872257391611599
2019-08-31,JP1114,0.009990268304060503
2019-08-31,JP1115,0.003837106417114377
2019-08-31,JP1116,0.01600276798896504
2019-08-31,JP1117,0.0014991632343124787
2019-08-31,JP1118,0.005461992562084775
2019-08-31,JP1119,0.06293075009976909
2019-09-30,JP1000,0.0043171859003940626
2019-09-30,JP1001,0.007025903214663656
2019-09-30,JP1002,0.014807040996878056
2019-09-30,JP1003,0.0014996229631710181
2019-09-30,JP1004,0.00393067043132572
2019-09-30,JP1005,0.025062307740536766
2019-09-30,JP1006,0.0030426516917415915
2019-09-30,JP1007,0.0023973154974828
2019-09-30,JP1008,0.006538058791622241
2019-09-30,JP1009,0.011182793094423172
2019-09-30,JP1010,0.004873033176275589
2019-09-30,JP1011,0.019685148073473168
2019-09-30,JP1012,0.013766811494300339
2019-09-30,JP1013,0.012337597459884548
2019-09-30,JP1014,0.0097580172969297
2019-09-30,JP1015,0.04766546736306549
2019-09-30,JP1016,0.004413675419617801
2019-09-30,JP1017,0.0006424413309701609
2019-09-30,JP1018,0.025698855811676843
2019-09-30,JP1019,0.003428283115611287
2019-09-30,JP1020,0.005381321986248304
2019-09-30,JP1021,0.017047777378699724
2019-09-30,JP1022,0.0010641506569647864
2019-09-30,JP1023,0.0014377113548044113
2019-09-30,JP1024,0.0010413438248663453
2019-09-30,JP1025,0.002459000633188165
2019-09-30,JP1026,0.009011865897032139
2019-09-30,JP1027,0.009195289140555398
2019-09-30,JP1028,0.007082628914154137
2019-09-30,JP1029,0.0011798335089900829
2019-09-30,JP1030,0.0004884048865372929
2019-09-30,JP1031,0.005629276018784525
2019-09-30,JP1032,0.0030650872283732055
2019-09-30,JP1033,0.008436762807523132
2019-09-30,JP1034,0.00947416702053134
2019-09-30,JP1035,0.007094737576329561
2019-09-30,JP1036,0.011108136163849683
2019-09-30,JP1037,0.006489521661028183
2019-09-30,JP1038,0.008248085334721624
2019-09-30,JP1039,0.003048975833118842
2019-09-30,JP1040,0.003755556543706352
2019-09-30,JP1041,0.005781431651741099
2019-09-30,JP1042,0.012604634664798943
2019-09-30,JP1043,0.0035197902608322426
2019-09-30,JP1044,0.008098407197929779
2019-09-30,JP1045,0.003697028459290387
2019-09-30,JP1046,0.004399740993297832
2019-09-30,JP1047,0.011797763017539084
2019-09-30,JP1048,0.0008109731460680023
2019-09-30,JP1049,0.0014802644981382945
2019-09-30,JP1050,0.001281876543226172
2019-09-30,JP1051,0.00047290223123720287
2019-09-30,JP1052,0.002722322701702554
2019-09-30,JP1053,0.00922698114637725
2019-09-30,JP1054,0.003902067671820361
2019-09-30,JP1055,0.006282468968228381
2019-09-30,JP1056,0.018165716450478743
2019-09-30,JP1057,0.022457431121861073
2019-09-30,JP1058,0.004632955520123326
2019-09-30,JP1059,0.01817503217226519
2019-09-30,JP1060,0.005162053148480741
2019-09-30,JP1061,0.0021410881839843765
2019-09-30,JP1062,0.0032025605990051876
2019-09-30,JP1063,0.0012081994168113206
2019-09-30,JP1064,0.0022074630733191327
2019-09-30,JP1065,0.003862369777010614
2019-09-30,JP1066,0.010302084261588188
2019-09-30,JP1067,0.02652375768558879
2019-09-30,JP1068,0.0013471869866557695
2019-09-30,JP1069,0.006980441738363288
2019-09-30,JP1070,0.0015449509955571576
2019-09-30,JP1071,0.007349378794210702
2019-09-30,JP1072,0.004965561570566825
2019-09-30,JP1073,0.0007865201060129508
2019-09-30,JP1074,0.013184725365519488
2019-09-30,JP1075,0.0025090986857056303
2019-09-30,JP1076,0.0031025272684492805
2019-09-30,JP1077,0.0017014235929971471
2019-09-30,JP1078,0.0027690753500004997
2019-09-30,JP1079,0.007450485789648117
2019-09-30,JP1080,0.004434261076863716
2019-09-30,JP1081,0.006713615779975378
2019-09-30,JP1082,0.007257725632418884
2019-09-30,JP1083,0.018572288111926266
2019-09-30,JP1084,0.0036255809606760077
2019-09-30,JP1085,0.001196290558790317
2019-09-30,JP1086,0.01409625270779209
2019-09-30,JP1087,0.0036136810273823313
2019-09-30,JP1088,0.015822263497996838
2019-09-30,JP1089,0.007864215389151996
2019-09-30,JP1090,0.004434570939645958
2019-09-30,JP1091,0.006607778693716527
2019-09-30,JP1092,0.03615571075624875
2019-09-30,JP1093,0.043475252022107544
2019-09-30,JP1094,0.004779064884224171
2019-09-30,JP1095,0.005239473529260502
2019-09-30,JP1096,0.013987945782574947
2019-09-30,JP1097,0.002145307465232669
2019-09-30,JP1098,0.005706214534015263
2019-09-30,JP1099,0.005257854714847801
2019-09-30,JP1100,0.006847146159655028
2019-09-30,JP1101,0.0017501441043222613
2019-09-30,JP1102,0.0009298728596328942
2019-09-30,JP1103,0.0006219690672900992
2019-09-30,JP1104,0.0013958996016989675
2019-09-30,JP1105,0.0035485808569624966
2019-09-30,JP1106,0.0038716030757384467
2019-09-30,JP1107,0.037834714061934255
2019-09-30,JP1108,0.013891376251254181
2019-09-30,JP1109,0.0020283508876659732
2019-09-30,JP1110,0.006751880440354699
2019-09-30,JP1111,0.003326270874993077
2019-09-30,JP1112,0.003971310325379272
2019-09-30,JP1113,0.0060890742583807975
2019-09-30,JP1114,0.010259355421839075
2019-09-30,JP1115,0.0036796815689183987
2019-09-30,JP1116,0.01409352989002885
2019-09-30,JP1117,0.001769198766858178
2019-09-30,JP1118,0.005696667126133605
2019-09-30,JP1119,0.06903477029562904
2019-10-31,JP1000,0.0036094540135074957
2019-10-31,JP1001,0.007506586829877023
2019-10-31,JP1002,0.014811579778902434
2019-10-31,JP1003,0.0015985805425888962
2019-10-31,JP1004,0.0041314108671040035
2019-10-31,JP1005,0.021575141881777463
2019-10-31,JP1006,0.002168652825384141
2019-10-31,JP1007,0.0024228708912525476
2019-10-31,JP1008,0.0055971916817127085
2019-10-31,JP1009,0.011030014630089693
2019-10-31,JP1010,0.004682930913433501
2019-10-31,JP1011,0.02087460227747603
2019-10-31,JP1012,0.011501885831693936
2019-10-31,JP1013,0.0141534146259297
2019-10-31,JP1014,0.009009845145336122
2019-10-31,JP1015,0.0575308395661333
2019-10-31,JP1016,0.003940217811514134
2019-10-31,JP1017,0.0006132642077719138
2019-10-31,JP1018,0.024773219006006462
2019-10-31,JP1019,0.0029541800319058133
2019-10-31,JP1020,0.0045578564326548675
2019-10-31,JP1021,0.020485710243526353
2019-10-31,JP1022,0.0010098882443473074
2019-10-31,JP1023,0.0013326207034896494
2019-10-31,JP1024,0.0010462100334416612
2019-10-31,JP1025,0.002269096848695711
2019-10-31,JP1026,0.008930216080718789
2019-10-31,JP1027,0.008813586352263893
2019-10-31,JP1028,0.006484451062488708
2019-10-31,JP1029,0.0013039548553009052
2019-10-31,JP1030,0.0004941703729021145
2019-10-31,JP1031,0.005373942331375617
2019-10-31,JP1032,0.0035242426450542777
2019-10-31,JP1033,0.007038207203610175
2019-10-31,JP1034,0.009248405706440248
2019-10-31,JP1035,0.005502104620139957
2019-10-31,JP1036,0.010398432942876035
2019-10-31,JP1037,0.007054672763793355
2019-10-31,JP1038,0.007370014569657882
2019-10-31,JP1039,0.0024625605052655463
2019-10-31,JP1040,0.003951659792143692
2019-10-31,JP1041,0.007211300112283527
2019-10-31,JP1042,0.012400516705214703
2019-10-31,JP1043,0.0034519972315252135
2019-10-31,JP1044,0.009270862721923573
2019-10-31,JP1045,0.003356981246643177
2019-10-31,JP1046,0.005441382675436583
2019-10-31,JP1047,0.010529265521613018
2019-10-31,JP1048,0.0007721777869562475
2019-10-31,JP1049,0.0014441453493761077
2019-10-31,JP1050,0.0011654088852801135
2019-10-31,JP1051,0.0005470206404557306
2019-10-31,JP1052,0.0028016784337017804
2019-10-31,JP1053,0.010686668524623391
2019-10-31,JP1054,0.0036030509970376365
2019-10-31,JP1055,0.00616518345386763
2019-10-31,JP1056,0.014698739591471818
2019-10-31,JP1057,0.01952918806307309
2019-10-31,JP1058,0.0051641779825635425
2019-10-31,JP1059,0.020272547973772197
2019-10-31,JP1060,0.005581393882630391
2019-10-31,JP1061,0.0020259323221978355
2019-10-31,JP1062,0.0028487783024441337
2019-10-31,JP1063,0.0009595365210795263
2019-10-31,JP1064,0.0018982650081666708
2019-10-31,JP1065,0.0037114864620597823
2019-10-31,JP1066,0.012193812483120773
2019-10-31,JP1067,0.027869374709602136
2019-10-31,JP1068,0.0012798494469633557
2019-10-31,JP1069,0.007680452765727584
2019-10-31,JP1070,0.0018897122568919153
2019-10-31,JP1071,0.007872542634014469
2019-10-31,JP1072,0.003972685115754966
2019-10-31,JP1073,0.0008324655215434033
2019-10-31,JP1074,0.015378223193950703
2019-10-31,JP1075,0.0024882481745849166
2019-10-31,JP1076,0.0028928244567081205
2019-10-31,JP1077,0.0016494598334307565
2019-10-31,JP1078,0.00330640493552149
2019-10-31,JP1079,0.00696322558504845
2019-10-31,JP1080,0.0040695595559994075
2019-10-31,JP1081,0.006692706141514234
2019-10-31,JP1082,0.006330075111054929
2019-10-31,JP1083,0.016421979818733976
2019-10-31,JP1084,0.003754207102386911
2019-10-31,JP1085,0.0012248671504123468
2019-10-31,JP1086,0.013737060383230783
2019-10-31,JP1087,0.004129830578130877
2019-10-31,JP1088,0.01216223973866223
2019-10-31,JP1089,0.006464688325699426
2019-10-31,JP1090,0.0040358434933054485
2019-10-31,JP1091,0.007075976691028909
2019-10-31,JP1092,0.0336074162801458
2019-10-31,JP1093,0.03908351371715771
2019-10-31,JP1094,0.005622135812213569
2019-10-31,JP1095,0.0067850553787061445
2019-10-31,JP1096,0.015883933756859602
2019-10-31,JP1097,0.0021571312735607384
2019-10-31,JP1098,0.006916301300442506
2019-10-31,JP1099,0.005436324688631713
2019-10-31,JP1100,0.008257786798553641
2019-10-31,JP1101,0.0023147123016911547
2019-10-31,JP1102,0.0009706852291375955
2019-10-31,JP1103,0.0006451736932278588
2019-10-31,JP1104,0.0017323381432400062
2019-10-31,JP1105,0.0029880919812509104
2019-10-31,JP1106,0.004064166909375601
2019-10-31,JP1107,0.03560407988009573
2019-10-31,JP1108,0.016967234383077137
2019-10-31,JP1109,0.0017316238617124907
2019-10-31,JP1110,0.0059440196091646615
2019-10-31,JP1111,0.003197826285869625
2019-10-31,JP1112,0.003769094423626507
2019-10-31,JP1113,0.005023165364508474
2019-10-31,JP1114,0.008733360229635903
2019-10-31,JP1115,0.004046781937224724
2019-10-31,JP1116,0.01527175131887151
2019-10-31,JP1117,0.001617221339885541
2019-10-31,JP1118,0.0045248550090218834
2019-10-31,JP1119,0.07606032982510728
2019-11-30,JP1000,0.004206897712502704
2019-11-30,JP1001,0.0071929054498220246
2019-11-30,JP1002,0.014841124056275011
2019-11-30,JP1003,0.002077697578750891
2019-11-30,JP1004,0.005602561518027013
2019-11-30,JP1005,0.022574174702221207
2019-11-30,JP1006,0.0023376158946954396
2019-11-30,JP1007,0.0021326002171952957
2019-11-30,JP1008,0.006568767689693761
2019-11-30,JP1009,0.011584343748460492
2019-11-30,JP1010,0.0050382209829529885
2019-11-30,JP1011,0.01893881567059993
2019-11-30,JP1012,0.010842572038444527
2019-11-30,JP1013,0.009295220474509864
2019-11-30,JP1014,0.008232524896169598
2019-11-30,JP1015,0.05999738297979702
2019-11-30,JP1016,0.004743550160719953
2019-11-30,JP1017,0.0007492788091816452
2019-11-30,JP1018,0.02394552398612993
2019-11-30,JP1019,0.0029569227672208596
2019-11-30,JP1020,0.006627581806609738
2019-11-30,JP1021,0.016812751404352615
2019-11-30,JP1022,0.001022837025672994
2019-11-30,JP1023,0.0017129243495017953
2019-11-30,JP1024,0.0010325346625194571
2019-11-30,JP1025,0.0022197971523904205
2019-11-30,JP1026,0.008815578147090527
2019-11-30,JP1027,0.008604531295737242
2019-11-30,JP1028,0.006799106418741482
2019-11-30,JP1029,0.0014327638095872495
2019-11-30,JP1030,0.00038918672247270934
2019-11-30,JP1031,0.005535254254599811
2019-11-30,JP1032,0.002922653287464366
2019-11-30,JP1033,0.007842544638306978
2019-11-30,JP1034,0.010320675151394053
2019-11-30,JP1035,0.005428127784247758
2019-11-30,JP1036,0.011066087103967772
2019-11-30,JP1037,0.006610423737626512
2019-11-30,JP1038,0.00876976647295338
2019-11-30,JP1039,0.002527847349042716
2019-11-30,JP1040,0.00417672910837543
2019-11-30,JP1041,0.0060975235818579625
2019-11-30,JP1042,0.011581021191229808
2019-11-30,JP1043,0.0031047002270991756
2019-11-30,JP1044,0.009670488602963653
2019-11-30,JP1045,0.0038418338182771255
2019-11-30,JP1046,0.004318983732305939
2019-11-30,JP1047,0.01206131646658956
2019-11-30,JP1048,0.0006813838751925679
2019-11-30,JP1049,0.0015662590457662775
2019-11-30,JP1050,0.0012563149992071713
2019-11-30,JP1051,0.0004948887952522365
2019-11-30,JP1052,0.0028194081240920984
2019-11-30,JP1053,0.010955708569731019
2019-11-30,JP1054,0.003389236407174236
2019-11-30,JP1055,0.006737417949663338
2019-11-30,JP1056,0.01242950178673789
2019-11-30,JP1057,0.013422071661747161
2019-11-30,JP1058,0.005060987290583703
2019-11-30,JP1059,0.020467577292206728
2019-11-30,JP1060,0.005758642789139764
2019-11-30,JP1061,0.00251546421245658
2019-11-30,JP1062,0.0027843875898976617
2019-11-30,JP1063,0.001107979819292274
2019-11-30,JP1064,0.002253377140603446
2019-11-30,JP1065,0.0032920282208920705
2019-11-30,JP1066,0.011030608633822046
2019-11-30,JP1067,0.028989307068239895
2019-11-30,JP1068,0.0013125509782229902
2019-11-30,JP1069,0.007245821071364583
2019-11-30,JP1070,0.0017011560395107023
2019-11-30,JP1071,0.007268901028655212
2019-11-30,JP1072,0.004100446089868093
2019-11-30,JP1073,0.0009722939867880119
2019-11-30,JP1074,0.012461441867020097
2019-11-30,JP1075,0.0028146118006404618
2019-11-30,JP1076,0.002554539248497138
2019-11-30,JP1077,0.002242224817004297
2019-11-30,JP1078,0.0024120334265375657
2019-11-30,JP1079,0.006898354618674375
2019-11-30,JP1080,0.004160092519962805
2019-11-30,JP1081,0.006425754097385616
2019-11-30,JP1082,0.0075331998372457085
2019-11-30,JP1083,0.01628748815781424
2019-11-30,JP1084,0.0040221584046432075
2019-11-30,JP1085,0.0012687447398710653
2019-11-30,JP1086,0.014530563551685386
2019-11-30,JP1087,0.0030767066885840698
2019-11-30,JP1088,0.014214563405149556
2019-11-30,JP1089,0.0074672708668637585
2019-11-30,JP1090,0.003930282376445692
2019-11-30,JP1091,0.006455248332379223
2019-11-30,JP1092,0.039521403368220805
2019-11-30,JP1093,0.04099180403878118
2019-11-30,JP1094,0.005488275675492456
2019-11-30,JP1095,0.006257848579878915
2019-11-30,JP1096,0.014596149847898369
2019-11-30,JP1097,0.0021582296939903632
2019-11-30,JP1098,0.007385870956143236
2019-11-30,JP1099,0.005343791250828104
2019-11-30,JP1100,0.007276270429189307
2019-11-30,JP1101,0.0025435733386088484
2019-11-30,JP1102,0.0010343730104483187
2019-11-30,JP1103,0.0005561035937009519
2019-11-30,JP1104,0.001844748319518647
2019-11-30,JP1105,0.0031196350028546817
2019-11-30,JP1106,0.003493273714347539
2019-11-30,JP1107,0.03768891493136757
2019-11-30,JP1108,0.015862700175593197
2019-11-30,JP1109,0.0017005198797403066
2019-11-30,JP1110,0.0076573915240464785
2019-11-30,JP1111,0.0040602857941321804
2019-11-30,JP1112,0.003931015825133864
2019-11-30,JP1113,0.005933458051977787
2019-11-30,JP1114,0.007949789721179717
2019-11-30,JP1115,0.004422757000129626
2019-11-30,JP1116,0.013916224981894645
2019-11-30,JP1117,0.001402368842450212
2019-11-30,JP1118,0.005146533940797137
2019-11-30,JP1119,0.0751434186527952
2019-12-31,JP1000,0.00472235318815384
2019-12-31,JP1001,0.008167215503377484
2019-12-31,JP1002,0.010734677973050926
2019-12-31,JP1003,0.0016649698520613933
2019-12-31,JP1004,0.0051012838730713
2019-12-31,JP1005,0.02326795438111204
2019-12-31,JP1006,0.002519761654125015
2019-12-31,JP1007,0.0023659564488031117
2019-12-31,JP1008,0.005660039170164136
2019-12-31,JP1009,0.01209516643768665
2019-12-31,JP1010,0.005395779639352232
2019-12-31,JP1011,0.01942743531472795
2019-12-31,JP1012,0.011524190532158982
2019-12-31,JP1013,0.01175206663472638
2019-12-31,JP1014,0.007902030111361815
2019-12-31,JP1015,0.05548354158233682
2019-12-31,JP1016,0.003590611448022942
2019-12-31,JP1017,0.0006324648994865442
2019-12-31,JP1018,0.027097745324370513
2019-12-31,JP1019,0.0033146229316517407
2019-12-31,JP1020,0.005400454305639943
2019-12-31,JP1021,0.015884155638420005
2019-12-31,JP1022,0.0010203491290875814
2019-12-31,JP1023,0.001366636789350341
2019-12-31,JP1024,0.001076571498317027
2019-12-31,JP1025,0.0021841330058063
2019-12-31,JP1026,0.006629885813695482
2019-12-31,JP1027,0.007484485853920697
2019-12-31,JP1028,0.006427543243149596
2019-12-31,JP1029,0.001252483607709405
2019-12-31,JP1030,0.00044956515844594833
2019-12-31,JP1031,0.004980462359338226
2019-12-31,JP1032,0.003436621879907331
2019-12-31,JP1033,0.009001289802108934
2019-12-31,JP1034,0.010555665865462763
2019-12-31,JP1035,0.005678887781169563
2019-12-31,JP1036,0.010226775259963029
2019-12-31,JP1037,0.006754111752573933
2019-12-31,JP1038,0.008376628445422266
2019-12-31,JP1039,0.002757590105177718
2019-12-31,JP1040,0.004686446718356686
2019-12-31,JP1041,0.006454654377526035
2019-12-31,JP1042,0.0109987767166732
2019-12-31,JP1043,0.0032911531298803285
2019-12-31,JP1044,0.007270424389187471
2019-12-31,JP1045,0.0038803032699349454
2019-12-31,JP1046,0.004486649920647563
2019-12-31,JP1047,0.010163309304382195
2019-12-31,JP1048,0.0008784227560005953
2019-12-31,JP1049,0.0014713347997095054
2019-12-31,JP1050,0.001062673282681497
2019-12-31,JP1051,0.0006058158229918724
2019-12-31,JP1052,0.002457509201924457
2019-12-31,JP1053,0.011698790558474866
2019-12-31,JP1054,0.0038608866316910103
2019-12-31,JP1055,0.005921749263841253
2019-12-31,JP1056,0.014622201186143383
2019-12-31,JP1057,0.022161775148153144
2019-12-31,JP1058,0.0051836152328111375
2019-12-31,JP1059,0.019460038660861816
2019-12-31,JP1060,0.004545382657791571
2019-12-31,JP1061,0.0022706411286813792
2019-12-31,JP1062,0.0024792840162647855
2019-12-31,JP1063,0.0012218186506556378
2019-12-31,JP1064,0.0019493157536283215
2019-12-31,JP1065,0.0033469790668600747
2019-12-31,JP1066,0.010663153744375226
2019-12-31,JP1067,0.03149532062982508
2019-12-31,JP1068,0.0010705894505513426
2019-12-31,JP1069,0.008114246304816632
2019-12-31,JP1070,0.0018602368160026339
2019-12-31,JP1071,0.008120983048883016
2019-12-31,JP1072,0.0042679182045932745
2019-12-31,JP1073,0.000856209693878526
2019-12-31,JP1074,0.012321090575690153
2019-12-31,JP1075,0.0026567666754542655
2019-12-31,JP1076,0.0030026426436126274
2019-12-31,JP1077,0.0020735058180763617
2019-12-31,JP1078,0.0022737881776981935
2019-12-31,JP1079,0.00820692673280096
2019-12-31,JP1080,0.004151497337098275
2019-12-31,JP1081,0.006914496043491808
2019-12-31,JP1082,0.006272922693548498
2019-12-31,JP1083,0.015992197207151625
2019-12-31,JP1084,0.0037367815990341845
2019-12-31,JP1085,0.001023497435195138
2019-12-31,JP1086,0.016376987573727884
2019-12-31,JP1087,0.0033000697688761005
2019-12-31,JP1088,0.016390596726913866
2019-12-31,JP1089,0.007048321517351037
2019-12-31,JP1090,0.004193266657009562
2019-12-31,JP1091,0.006582456880635067
2019-12-31,JP1092,0.03740153977560148
2019-12-31,JP1093,0.04362172818740477
2019-12-31,JP1094,0.0052848570531001575
2019-12-31,JP1095,0.00633651451893717
2019-12-31,JP1096,0.014947120147197531
2019-12-31,JP1097,0.0019115870582255892
2019-12-31,JP1098,0.0073738602625802166
2019-12-31,JP1099,0.0048119436798728585
2019-12-31,JP1100,0.005362853822379524
2019-12-31,JP1101,0.002126700330629645
2019-12-31,JP1102,0.0008764287550570132
2019-12-31,JP1103,0.0005660234619854115
2019-12-31,JP1104,0.0016237501553324235
2019-12-31,JP1105,0.0031925516656534352
2019-12-31,JP1106,0.003491462563279233
2019-12-31,JP1107,0.03722493625703808
2019-12-31,JP1108,0.015204004699458566
2019-12-31,JP1109,0.0018636345630563057
2019-12-31,JP1110,0.0072359855719826005
2019-12-31,JP1111,0.0038207445607638217
2019-12-31,JP1112,0.003088304109013546
2019-12-31,JP1113,0.006974744609697899
2019-12-31,JP1114,0.008886422319205719
2019-12-31,JP1115,0.003353038959873102
2019-12-31,JP1116,0.014163265652560974
2019-12-31,JP1117,0.001486477243115818
2019-12-31,JP1118,0.00461503394358268
2019-12-31,JP1119,0.07439390027690033
2020-01-31,JP1000,0.00421790976628416
2020-01-31,JP1001,0.006796734555792663
2020-01-31,JP1002,0.013089488649130676
2020-01-31,JP1003,0.0016101965521269366
2020-01-31,JP1004,0.004964038660995909
2020-01-31,JP1005,0.023663516886933647
2020-01-31,JP1006,0.0025394741111384204
2020-01-31,JP1007,0.0018772157288554578
2020-01-31,JP1008,0.007705450486026768
2020-01-31,JP1009,0.011568313345218968
2020-01-31,JP1010,0.006237793757219162
2020-01-31,JP1011,0.021086039480302153
2020-01-31,JP1012,0.011921756342312982
2020-01-31,JP1013,0.014744614540630202
2020-01-31,JP1014,0.009540939088190451
2020-01-31,JP1015,0.05191231896249342
2020-01-31,JP1016,0.004057088617377607
2020-01-31,JP1017,0.0007744597985712788
2020-01-31,JP1018,0.024418492758172435
2020-01-31,JP1019,0.003155608777964261
2020-01-31,JP1020,0.005435344532394939
2020-01-31,JP1021,0.017791551426892156
2020-01-31,JP1022,0.0009733916076000212
2020-01-31,JP1023,0.0017688610192528825
2020-01-31,JP1024,0.0011551348390943387
2020-01-31,JP1025,0.0023967986395161144
2020-01-31,JP1026,0.007611225855457114
2020-01-31,JP1027,0.008279544500608646
2020-01-31,JP1028,0.006582070015054934
2020-01-31,JP1029,0.0015081246307795553
2020-01-31,JP1030,0.0005292605175631948
2020-01-31,JP1031,0.005893469406562801
2020-01-31,JP1032,0.003296775464309054
2020-01-31,JP1033,0.007504925735143267
2020-01-31,JP1034,0.010558669314096297
2020-01-31,JP1035,0.005340907349896178
2020-01-31,JP1036,0.01248345273288761
2020-01-31,JP1037,0.0060441237242298525
2020-01-31,JP1038,0.008311274671777204
2020-01-31,JP1039,0.0027770298394714506
2020-01-31,JP1040,0.0040361621201068605
2020-01-31,JP1041,0.006169439376619801
2020-01-31,JP1042,0.009038531824671766
2020-01-31,JP1043,0.003382910185447797
2020-01-31,JP1044,0.009256572215552476
2020-01-31,JP1045,0.0037294414083057018
2020-01-31,JP1046,0.00487014243615997
2020-01-31,JP1047,0.011853707046554007
2020-01-31,JP1048,0.0007869901716680721
2020-01-31,JP1049,0.0013162239687076248
2020-01-31,JP1050,0.0011484313857465839
2020-01-31,JP1051,0.00043350833662821124
2020-01-31,JP1052,0.0026045643079546372
2020-01-31,JP1053,0.010506728416310177
2020-01-31,JP1054,0.004288191417166377
2020-01-31,JP1055,0.005930176330770012
2020-01-31,JP1056,0.014754999916087622
2020-01-31,JP1057,0.01826351774952852
2020-01-31,JP1058,0.004846786505440255
2020-01-31,JP1059,0.0244633176691749
2020-01-31,JP1060,0.004003193576117405
2020-01-31,JP1061,0.0022312387628879954
2020-01-31,JP1062,0.003214834926412758
2020-01-31,JP1063,0.001119347587822902
2020-01-31,JP1064,0.0022463422062839558
2020-01-31,JP1065,0.004073319435456065
2020-01-31,JP1066,0.011253789993336821
2020-01-31,JP1067,0.027119423082719623
2020-01-31,JP1068,0.0014277463013374397
2020-01-31,JP1069,0.008061518805352776
2020-01-31,JP1070,0.0018183991260023722
2020-01-31,JP1071,0.008851254969976644
2020-01-31,JP1072,0.005001230143416128
2020-01-31,JP1073,0.0008257440390160939
2020-01-31,JP1074,0.013512026756021851
2020-01-31,JP1075,0.0029801792473273855
2020-01-31,JP1076,0.0028998249588776904
2020-01-31,JP1077,0.002001270412642652
2020-01-31,JP1078,0.002428717744046135
2020-01-31,JP1079,0.007842069908025565
2020-01-31,JP1080,0.004628549517837731
2020-01-31,JP1081,0.0064737560420700955
2020-01-31,JP1082,0.008115632592297722
2020-01-31,JP1083,0.019775196330335015
2020-01-31,JP1084,0.004197416045646876
2020-01-31,JP1085,0.0012575408012583562
2020-01-31,JP1086,0.014815623380640644
2020-01-31,JP1087,0.0038053566035569316
2020-01-31,JP1088,0.01621735751428534
2020-01-31,JP1089,0.009303981017676339
2020-01-31,JP1090,0.0045816945469751265
2020-01-31,JP1091,0.00724067101858172
2020-01-31,JP1092,0.03573758892505017
2020-01-31,JP1093,0.04212340459389348
2020-01-31,JP1094,0.004956437712488823
2020-01-31,JP1095,0.005851228064572813
2020-01-31,JP1096,0.013732482828434327
2020-01-31,JP1097,0.002035883567214195
2020-01-31,JP1098,0.00783199900891065
2020-01-31,JP1099,0.005060684025417246
2020-01-31,JP1100,0.006582798375404476
2020-01-31,JP1101,0.002217411380507119
2020-01-31,JP1102,0.0010310365190880164
2020-01-31,JP1103,0.0006550938170443289
2020-01-31,JP1104,0.0014573837016034407
2020-01-31,JP1105,0.00293567082371447
2020-01-31,JP1106,0.0033447760457875385
2020-01-31,JP1107,0.03285188555867041
2020-01-31,JP1108,0.014562628550904712
2020-01-31,JP1109,0.001784595266231251
2020-01-31,JP1110,0.007916011319419377
2020-01-31,JP1111,0.004143969032314398
2020-01-31,JP1112,0.00423308784740051
2020-01-31,JP1113,0.005891573596112696
2020-01-31,JP1114,0.009824971301369624
2020-01-31,JP1115,0.003665033985719803
2020-01-31,JP1116,0.014121619260250561
2020-01-31,JP1117,0.0018875333403472016
2020-01-31,JP1118,0.006371263242722834
2020-01-31,JP1119,0.060063971438236885
2020-02-29,JP1000,0.004073613461258592
2020-02-29,JP1001,0.008243960142707049
2020-02-29,JP1002,0.01602299363891926
2020-02-29,JP1003,0.0016692837979992183
2020-02-29,JP1004,0.0050829986244040545
2020-02-29,JP1005,0.024937994926498914
2020-02-29,JP1006,0.0026470507098314213
2020-02-29,JP1007,0.0021048768036417862
2020-02-29,JP1008,0.006174813254047639
2020-02-29,JP1009,0.011733188235107604
2020-02-29,JP1010,0.006363681229885986
2020-02-29,JP1011,0.019260714621283582
2020-02-29,JP1012,0.011805650386368882
2020-02-29,JP1013,0.01056070179254907
2020-02-29,JP1014,0.008061052761390606
2020-02-29,JP1015,0.04887917746788904
2020-02-29,JP1016,0.004310635214399185
2020-02-29,JP1017,0.0005970138026217186
2020-02-29,JP1018,0.02375468341727244
2020-02-29,JP1019,0.002681335649833876
2020-02-29,JP1020,0.006541615004994094
2020-02-29,JP1021,0.019111775988475167
2020-02-29,JP1022,0.0010606636943316528
2020-02-29,JP1023,0.0013092668569819681
2020-02-29,JP1024,0.0011559986324120178
2020-02-29,JP1025,0.0026812498164981123
2020-02-29,JP1026,0.007976040221505222
2020-02-29,JP1027,0.008218510732895435
2020-02-29,JP1028,0.007110779748342973
2020-02-29,JP1029,0.001337533225495289
2020-02-29,JP1030,0.0005526906973205189
2020-02-29,JP1031,0.005759529989989519
2020-02-29,JP1032,0.003506913885712368
2020-02-29,JP1033,0.007540099447296467
2020-02-29,JP1034,0.011282553274090536
2020-02-29,JP1035,0.005601164458243826
2020-02-29,JP1036,0.008493093848775585
2020-02-29,JP1037,0.006128966819592392
2020-02-29,JP1038,0.00820535983913416
2020-02-29,JP1039,0.002584529933844624
2020-02-29,JP1040,0.004638081890156465
2020-02-29,JP1041,0.006335511307171158
2020-02-29,JP1042,0.014175363157580905
2020-02-29,JP1043,0.0032669887298351647
2020-02-29,JP1044,0.007046346178501919
2020-02-29,JP1045,0.00402318477286953
2020-02-29,JP1046,0.004297725074821439
2020-02-29,JP1047,0.01049672976330782
2020-02-29,JP1048,0.0006752309545225972
2020-02-29,JP1049,0.001290848404630863
2020-02-29,JP1050,0.0010826902941218277
2020-02-29,JP1051,0.000576227615058759
2020-02-29,JP1052,0.0026229016763701916
2020-02-29,JP1053,0.01051718917374581
2020-02-29,JP1054,0.004504111214000703
2020-02-29,JP1055,0.006039707792126147
2020-02-29,JP1056,0.013414253650509807
2020-02-29,JP1057,0.01686353578189572
2020-02-29,JP1058,0.004725510832284378
2020-02-29,JP1059,0.016768027675322636
2020-02-29,JP1060,0.004977830611255127
2020-02-29,JP1061,0.002126737976399114
2020-02-29,JP1062,0.0031547419446184407
2020-02-29,JP1063,0.0013214874734710914
2020-02-29,JP1064,0.0022432911926910685
2020-02-29,JP1065,0.0035669430548181274
2020-02-29,JP1066,0.010768849756384109
2020-02-29,JP1067,0.029657614057958803
2020-02-29,JP1068,0.0015313171901747454
2020-02-29,JP1069,0.007668203579124477
2020-02-29,JP1070,0.0017217982541007982
2020-02-29,JP1071,0.008077187836643938
2020-02-29,JP1072,0.0043594997858171156
2020-02-29,JP1073,0.0008642297074150484
2020-02-29,JP1074,0.011965683434611612
2020-02-29,JP1075,0.002902959532607835
2020-02-29,JP1076,0.003167773971613957
2020-02-29,JP1077,0.001812605777606274
2020-02-29,JP1078,0.0023802502174492136
2020-02-29,JP1079,0.00771415022220175
2020-02-29,JP1080,0.004007586624177442
2020-02-29,JP1081,0.0070384632663542225
2020-02-29,JP1082,0.006857713006422522
2020-02-29,JP1083,0.021652243183633048
2020-02-29,JP1084,0.0036914370904706185
2020-02-29,JP1085,0.0009914781276764964
2020-02-29,JP1086,0.012992391733588637
2020-02-29,JP1087,0.004133401821250472
2020-02-29,JP1088,0.015282347435209159
2020-02-29,JP1089,0.0072030836202237655
2020-02-29,JP1090,0.005011973541469586
2020-02-29,JP1091,0.007125909731522684
2020-02-29,JP1092,0.03186833676472179
2020-02-29,JP1093,0.036391298095875296
2020-02-29,JP1094,0.0058255044198575415
2020-02-29,JP1095,0.00733934752113549
2020-02-29,JP1096,0.016286066614873123
2020-02-29,JP1097,0.002109104135364258
2020-02-29,JP1098,0.006962313081827637
2020-02-29,JP1099,0.004998300524013812
2020-02-29,JP1100,0.005708889778586443
2020-02-29,JP1101,0.0022235194933808776
2020-02-29,JP1102,0.0011040163987227935
2020-02-29,JP1103,0.0007667638520174159
2020-02-29,JP1104,0.0018622819107843725
2020-02-29,JP1105,0.003913492993329798
2020-02-29,JP1106,0.004504062660798484
2020-02-29,JP1107,0.040723841632304754
2020-02-29,JP1108,0.015467278360329023
2020-02-29,JP1109,0.002018808950684579
2020-02-29,JP1110,0.006115365485854638
2020-02-29,JP1111,0.0034420590437063726
2020-02-29,JP1112,0.004064803520835591
2020-02-29,JP1113,0.005972124498113286
2020-02-29,JP1114,0.008126421991985688
2020-02-29,JP1115,0.004259428366915627
2020-02-29,JP1116,0.01540314525960673
2020-02-29,JP1117,0.0019352490097003263
2020-02-29,JP1118,0.005532664984332552
2020-02-29,JP1119,0.0786204038987048
2020-03-31,JP1000,0.00372158398023143
2020-03-31,JP1001,0.006837537911010309
2020-03-31,JP1002,0.01413836401303001
2020-03-31,JP1003,0.0018346953110956901
2020-03-31,JP1004,0.004127345069688705
2020-03-31,JP1005,0.0211893002116873
2020-03-31,JP1006,0.0026036874548050763
2020-03-31,JP1007,0.0024197950340056553
2020-03-31,JP1008,0.005884862396588703
2020-03-31,JP1009,0.01090177150477429
2020-03-31,JP1010,0.0043919679107278
2020-03-31,JP1011,0.019289820991685382
2020-03-31,JP1012,0.012721712519969527
2020-03-31,JP1013,0.011730695798725849
2020-03-31,JP1014,0.007900058547447276
2020-03-31,JP1015,0.061041769923416776
2020-03-31,JP1016,0.003286263579873538
2020-03-31,JP1017,0.000733119653152996
2020-03-31,JP1018,0.025309475271166046
2020-03-31,JP1019,0.0033016480191751458
2020-03-31,JP1020,0.005126641585289459
2020-03-31,JP1021,0.018166193226136045
2020-03-31,JP1022,0.0010328570608105153
2020-03-31,JP1023,0.0014120239698160654
2020-03-31,JP1024,0.0008391205356344547
2020-03-31,JP1025,0.0026707708050026685
2020-03-31,JP1026,0.008247496129099478
2020-03-31,JP1027,0.008439308972607036
2020-03-31,JP1028,0.006628884479987676
2020-03-31,JP1029,0.001434564349114739
2020-03-31,JP1030,0.00045880820139948916
2020-03-31,JP1031,0.0047720864073680066
2020-03-31,JP1032,0.0033820599065718976
2020-03-31,JP1033,0.00825573481438545
2020-03-31,JP1034,0.009081309589040546
2020-03-31,JP1035,0.006374865555359561
2020-03-31,JP1036,0.010966905779416348
2020-03-31,JP1037,0.005724005795547032
2020-03-31,JP1038,0.008884874957650554
2020-03-31,JP1039,0.00254632045593056
2020-03-31,JP1040,0.004124057092224311
2020-03-31,JP1041,0.006299438309043483
2020-03-31,JP1042,0.012042003548223558
2020-03-31,JP1043,0.003680068250974754
2020-03-31,JP1044,0.008475249458117977
2020-03-31,JP1045,0.003714904498368946
2020-03-31,JP1046,0.004534057465585085
2020-03-31,JP1047,0.012856638200491018
2020-03-31,JP1048,0.000722661869669431
2020-03-31,JP1049,0.001317990476961189
2020-03-31,JP1050,0.0011372728624076222
2020-03-31,JP1051,0.0005701836085301306
2020-03-31,JP1052,0.0027235007123414855
2020-03-31,JP1053,0.01069598443079586
2020-03-31,JP1054,0.004197155635124398
2020-03-31,JP1055,0.0057473239839856746
2020-03-31,JP1056,0.015292482533093408
2020-03-31,JP1057,0.022657741817895444
2020-03-31,JP1058,0.004960320201258203
2020-03-31,JP1059,0.022667319565397442
2020-03-31,JP1060,0.005414085582442927
2020-03-31,JP1061,0.002054915545290183
2020-03-31,JP1062,0.003085996791486072
2020-03-31,JP1063,0.0009435415295586543
2020-03-31,JP1064,0.00208577077174272
2020-03-31,JP1065,0.0038586764723308863
2020-03-31,JP1066,0.011764535122818054
2020-03-31,JP1067,0.02255085770453782
2020-03-31,JP1068,0.0010925039607147468
2020-03-31,JP1069,0.007291011404509781
2020-03-31,JP1070,0.0018444772922082229
2020-03-31,JP1071,0.008426347398421751
2020-03-31,JP1072,0.004364703481350931
2020-03-31,JP1073,0.0008584485485704791
2020-03-31,JP1074,0.013160761601189837
2020-03-31,JP1075,0.002684223594973532
2020-03-31,JP1076,0.0030805651825151965
2020-03-31,JP1077,0.001601201295000951
2020-03-31,JP1078,0.0027584036240288945
2020-03-31,JP1079,0.007017825891675575
2020-03-31,JP1080,0.004326477043489531
2020-03-31,JP1081,0.007244197759455933
2020-03-31,JP1082,0.0069399027669036
2020-03-31,JP1083,0.019873952812410153
2020-03-31,JP1084,0.004123642899453446
2020-03-31,JP1085,0.0010267454362436785
2020-03-31,JP1086,0.015925084342540363
2020-03-31,JP1087,0.003984510489690809
2020-03-31,JP1088,0.014866639893701324
2020-03-31,JP1089,0.00791469034361064
2020-03-31,JP1090,0.004257399394091735
2020-03-31,JP1091,0.008001663722573998
2020-03-31,JP1092,0.026638851507643224
2020-03-31,JP1093,0.04591182642616515
2020-03-31,JP1094,0.004775060354889621
2020-03-31,JP1095,0.00589698311137063
2020-03-31,JP1096,0.01346506318739221
2020-03-31,JP1097,0.0024824433138263967
2020-03-31,JP1098,0.006789775055533572
2020-03-31,JP1099,0.004595970821142422
2020-03-31,JP1100,0.007623071482978325
2020-03-31,JP1101,0.0023282064438960833
2020-03-31,JP1102,0.000982477660220729
2020-03-31,JP1103,0.0005673101842126794
2020-03-31,JP1104,0.0014553475269922906
2020-03-31,JP1105,0.0035754281395390555
2020-03-31,JP1106,0.003872710614533258
2020-03-31,JP1107,0.03515706273285748
2020-03-31,JP1108,0.015807265205617392
2020-03-31,JP1109,0.0015656432125459518
2020-03-31,JP1110,0.006824432275298664
2020-03-31,JP1111,0.003216771410915575
2020-03-31,JP1112,0.004133101455894521
2020-03-31,JP1113,0.005174123098743644
2020-03-31,JP1114,0.01027577642434167
2020-03-31,JP1115,0.004243706641031702
2020-03-31,JP1116,0.01214837897527998
2020-03-31,JP1117,0.0015919829857824017
2020-03-31,JP1118,0.005267345420714267
2020-03-31,JP1119,0.0729834624321941
2020-04-30,JP1000,0.004136661573663081
2020-04-30,JP1001,0.006509518681020432
2020-04-30,JP1002,0.013170737695646004
2020-04-30,JP1003,0.0017633637333821267
2020-04-30,JP1004,0.004053364554707584
2020-04-30,JP1005,0.01900266802945601
2020-04-30,JP1006,0.002696632853458603
2020-04-30,JP1007,0.002044809235298064
2020-04-30,JP1008,0.005523265745318792
2020-04-30,JP1009,0.013998272713602052
2020-04-30,JP1010,0.005662693325244475
2020-04-30,JP1011,0.021522640646681697
2020-04-30,JP1012,0.012742085410679204
2020-04-30,JP1013,0.013606582581012546
2020-04-30,JP1014,0.009777199576457405
2020-04-30,JP1015,0.05094799225845165
2020-04-30,JP1016,0.003765684908917472
2020-04-30,JP1017,0.000610033995876482
2020-04-30,JP1018,0.025226142898416626
2020-04-30,JP1019,0.00291508064413812
2020-04-30,JP1020,0.005289419347720199
2020-04-30,JP1021,0.01876357816268731
2020-04-30,JP1022,0.0011913948502449458
2020-04-30,JP1023,0.001264771291231963
2020-04-30,JP1024,0.0010400729803474893
2020-04-30,JP1025,0.002050977843573633
2020-04-30,JP1026,0.007550385071097534
2020-04-30,JP1027,0.009533093525048095
2020-04-30,JP1028,0.00622788623409105
2020-04-30,JP1029,0.0012195639036328898
2020-04-30,JP1030,0.0005176764003686119
2020-04-30,JP1031,0.0058244679261653534
2020-04-30,JP1032,0.0030374884267273853
2020-04-30,JP1033,0.009235548903923335
2020-04-30,JP1034,0.009924800628807665
2020-04-30,JP1035,0.006198287362437416
2020-04-30,JP1036,0.010791274673269244
2020-04-30,JP1037,0.006965004103702146
2020-04-30,JP1038,0.010701797744843922
2020-04-30,JP1039,0.0024723349468142425
2020-04-30,JP1040,0.004290414332036808
2020-04-30,JP1041,0.0059964619579345535
2020-04-30,JP1042,0.011017996716606259
2020-04-30,JP1043,0.00323466518225608
2020-04-30,JP1044,0.008644288807142806
2020-04-30,JP1045,0.0036475643797121053
2020-04-30,JP1046,0.00424350961909356
2020-04-30,JP1047,0.008589711986924448
2020-04-30,JP1048,0.0008049549463633223
2020-04-30,JP1049,0.0016578211351393243
2020-04-30,JP1050,0.0012464339844532333
2020-04-30,JP1051,0.00045684640114989814
2020-04-30,JP1052,0.0023001701203392583
2020-04-30,JP1053,0.009305261248760325
2020-04-30,JP1054,0.004123194303379209
2020-04-30,JP1055,0.0071129432037234435
2020-04-30,JP1056,0.015540079897742433
2020-04-30,JP1057,0.02113784845105524
2020-04-30,JP1058,0.00501755628202468
2020-04-30,JP1059,0.018432105782596676
2020-04-30,JP1060,0.006238062711149588
2020-04-30,JP1061,0.002446736660847669
2020-04-30,JP1062,0.002570621085581679
2020-04-30,JP1063,0.001268417840408218
2020-04-30,JP1064,0.0020848602124745384
2020-04-30,JP1065,0.003502547926459638
2020-04-30,JP1066,0.011944156232868196
2020-04-30,JP1067,0.029794905057621373
2020-04-30,JP1068,0.0014109783320941781
2020-04-30,JP1069,0.006997083040681561
2020-04-30,JP1070,0.001922472744133188
2020-04-30,JP1071,0.007361739231517159
2020-04-30,JP1072,0.004431039693606291
2020-04-30,JP1073,0.00081504060902342
2020-04-30,JP1074,0.01433777831068862
2020-04-30,JP1075,0.0028109482482139565
2020-04-30,JP1076,0.002937362214323308
2020-04-30,JP1077,0.0020348799022760584
2020-04-30,JP1078,0.002561039772934347
2020-04-30,JP1079,0.007526058652791119
2020-04-30,JP1080,0.003527898588089346
2020-04-30,JP1081,0.006990637011017271
2020-04-30,JP1082,0.006723102767938165
2020-04-30,JP1083,0.01878737306662711
2020-04-30,JP1084,0.00373895422521395
2020-04-30,JP1085,0.0010536161144576236
2020-04-30,JP1086,0.013770390656609273
2020-04-30,JP1087,0.0031460956323241867
2020-04-30,JP1088,0.014897708942020423
2020-04-30,JP1089,0.006865610619700836
2020-04-30,JP1090,0.005589433381705776
2020-04-30,JP1091,0.008472079699631341
2020-04-30,JP1092,0.04137980533057061
2020-04-30,JP1093,0.03605690195803641
2020-04-30,JP1094,0.005415368259834264
2020-04-30,JP1095,0.005351986784258616
2020-04-30,JP1096,0.018139985614451907
2020-04-30,JP1097,0.002398979766752263
2020-04-30,JP1098,0.006458570902243024
2020-04-30,JP1099,0.00520011529745743
2020-04-30,JP1100,0.006069330186090031
2020-04-30,JP1101,0.0022046728622884927
2020-04-30,JP1102,0.0010309415301460905
2020-04-30,JP1103,0.000696684651800254
2020-04-30,JP1104,0.0018570628653234067
2020-04-30,JP1105,0.003257478369334712
2020-04-30,JP1106,0.0037509330668040438
2020-04-30,JP1107,0.025823922583228177
2020-04-30,JP1108,0.01817054787675032
2020-04-30,JP1109,0.0018399641027894173
2020-04-30,JP1110,0.007356022754439107
2020-04-30,JP1111,0.0042906029874428975
2020-04-30,JP1112,0.003434347391265328
2020-04-30,JP1113,0.006203099373886011
2020-04-30,JP1114,0.01003875636678209
2020-04-30,JP1115,0.004086071330336222
2020-04-30,JP1116,0.014903108451082227
2020-04-30,JP1117,0.0018463602793368382
2020-04-30,JP1118,0.004964791271319363
2020-04-30,JP1119,0.07293887447432444
2020-05-31,JP1000,0.005199275776547954
2020-05-31,JP1001,0.006411955952418429
2020-05-31,JP1002,0.011406209224678197
2020-05-31,JP1003,0.0016023538078344416
2020-05-31,JP1004,0.0036890576553168936
2020-05-31,JP1005,0.021380173799578742
2020-05-31,JP1006,0.002603981951804162
2020-05-31,JP1007,0.002339062508291487
2020-05-31,JP1008,0.00701045006081613
2020-05-31,JP1009,0.012475990166399076
2020-05-31,JP1010,0.005019679567081447
2020-05-31,JP1011,0.018517357061589457
2020-05-31,JP1012,0.01271628661659769
2020-05-31,JP1013,0.010289746481707525
2020-05-31,JP1014,0.006544937083535976
2020-05-31,JP1015,0.05509282585284549
2020-05-31,JP1016,0.004308593596721998
2020-05-31,JP1017,0.0008152598934034285
2020-05-31,JP1018,0.027556597689752067
2020-05-31,JP1019,0.003372190349621264
2020-05-31,JP1020,0.005579010792096439
2020-05-31,JP1021,0.01765081400795126
2020-05-31,JP1022,0.0010121322219459304
2020-05-31,JP1023,0.0016261418730427022
2020-05-31,JP1024,0.00109136860420412
2020-05-31,JP1025,0.002564159813616771
2020-05-31,JP1026,0.008106385107344686
2020-05-31,JP1027,0.007977121909678912
2020-05-31,JP1028,0.007649774676587897
2020-05-31,JP1029,0.00140016034610442
2020-05-31,JP1030,0.0005224599229825473
2020-05-31,JP1031,0.005767820767391864
2020-05-31,JP1032,0.003389434905465497
2020-05-31,JP1033,0.007805979978140749
2020-05-31,JP1034,0.010158277122666714
2020-05-31,JP1035,0.005417411910235383
2020-05-31,JP1036,0.010762804145922239
2020-05-31,JP1037,0.007204022871903376
2020-05-31,JP1038,0.009549743291985513
2020-05-31,JP1039,0.00270071640190832
2020-05-31,JP1040,0.0047524034382524
2020-05-31,JP1041,0.0060653287939227436
2020-05-31,JP1042,0.010438915774794291
2020-05-31,JP1043,0.0034312178712447
2020-05-31,JP1044,0.008634299089432716
2020-05-31,JP1045,0.004237947309674061
2020-05-31,JP1046,0.004835316518128804
2020-05-31,JP1047,0.013104047707192791
2020-05-31,JP1048,0.0005756778511614427
2020-05-31,JP1049,0.0013048245176061615
2020-05-31,JP1050,0.0011630230848017641
2020-05-31,JP1051,0.0005255359591839002
2020-05-31,JP1052,0.003233348460600418
2020-05-31,JP1053,0.00991498408756779
2020-05-31,JP1054,0.003620009360802394
2020-05-31,JP1055,0.00603636176061641
2020-05-31,JP1056,0.014253530693383816
2020-05-31,JP1057,0.01783578024474559
2020-05-31,JP1058,0.004844276401794874
2020-05-31,JP1059,0.0220716601171593
2020-05-31,JP1060,0.005733956691835847
2020-05-31,JP1061,0.002052327322400841
2020-05-31,JP1062,0.002796368902573348
2020-05-31,JP1063,0.001059660414596126
2020-05-31,JP1064,0.002345533837590442
2020-05-31,JP1065,0.004184732077841001
2020-05-31,JP1066,0.009839602772372944
2020-05-31,JP1067,0.02954801441014777
2020-05-31,JP1068,0.0012000245657169993
2020-05-31,JP1069,0.007701839900841218
2020-05-31,JP1070,0.0018098511218612306
2020-05-31,JP1071,0.007264032241746531
2020-05-31,JP1072,0.00511480407734806
2020-05-31,JP1073,0.0008156803783325494
2020-05-31,JP1074,0.012473919130840738
2020-05-31,JP1075,0.002854721295232396
2020-05-31,JP1076,0.0027770357957532543
2020-05-31,JP1077,0.0017405932134378615
2020-05-31,JP1078,0.0022351958045856717
2020-05-31,JP1079,0.006262146346478527
2020-05-31,JP1080,0.0038809969735791234
2020-05-31,JP1081,0.00680574825626559
2020-05-31,JP1082,0.006224950969702934
2020-05-31,JP1083,0.018416699292549826
2020-05-31,JP1084,0.0034770560718257724
2020-05-31,JP1085,0.0011727248009753338
2020-05-31,JP1086,0.015974310448542865
2020-05-31,JP1087,0.0044020277230245874
2020-05-31,JP1088,0.016440725462581136
2020-05-31,JP1089,0.0068710012568262745
2020-05-31,JP1090,0.004844556361198193
2020-05-31,JP1091,0.008424805682112443
2020-05-31,JP1092,0.03250290600519129
2020-05-31,JP1093,0.037072011010912564
2020-05-31,JP1094,0.004804818197175519
2020-05-31,JP1095,0.005732117339224831
2020-05-31,JP1096,0.01573528745086265
2020-05-31,JP1097,0.002572822184439714
2020-05-31,JP1098,0.007882001054113486
2020-05-31,JP1099,0.005233257269811986
2020-05-31,JP1100,0.00710520821070748
2020-05-31,JP1101,0.0023352687888714106
2020-05-31,JP1102,0.0011027654177976028
2020-05-31,JP1103,0.0007405813913179014
2020-05-31,JP1104,0.0016868651409481907
2020-05-31,JP1105,0.0033529600249422352
2020-05-31,JP1106,0.0036998886108718636
2020-05-31,JP1107,0.036267256715185006
2020-05-31,JP1108,0.015221471325458435
2020-05-31,JP1109,0.0017529424749826977
2020-05-31,JP1110,0.007983526323318465
2020-05-31,JP1111,0.003991197309839186
2020-05-31,JP1112,0.003873806086732618
2020-05-31,JP1113,0.006429360433615052
2020-05-31,JP1114,0.010461267833084271
2020-05-31,JP1115,0.003628259236558139
2020-05-31,JP1116,0.015258779900454614
2020-05-31,JP1117,0.0016139867958802157
2020-05-31,JP1118,0.004922088061454948
2020-05-31,JP1119,0.07312544099574664
2020-06-30,JP1000,0.005408093570877038
2020-06-30,JP1001,0.008380381764438559
2020-06-30,JP1002,0.015526313374683187
2020-06-30,JP1003,0.0014943483993940475
2020-06-30,JP1004,0.0039590146418970705
2020-06-30,JP1005,0.022333944368945702
2020-06-30,JP1006,0.0022789914977059114
2020-06-30,JP1007,0.0023951224328753297
2020-06-30,JP1008,0.004714630259206016
2020-06-30,JP1009,0.012672350292003903
2020-06-30,JP1010,0.0050883241520589635
2020-06-30,JP1011,0.018317876407753852
2020-06-30,JP1012,0.014593118111515702
2020-06-30,JP1013,0.011520291709172285
2020-06-30,JP1014,0.007580178602101683
2020-06-30,JP1015,0.05495121462694439
2020-06-30,JP1016,0.004332531963875597
2020-06-30,JP1017,0.0006785348330250449
2020-06-30,JP1018,0.03221654555057464
2020-06-30,JP1019,0.0033082093225386797
2020-06-30,JP1020,0.006312022377695419
2020-06-30,JP1021,0.019588722925626023
2020-06-30,JP1022,0.0011710416915220682
2020-06-30,JP1023,0.0014167445379981943
2020-06-30,JP1024,0.000928185953957996
2020-06-30,JP1025,0.0024981093767141803
2020-06-30,JP1026,0.00818792299649605
2020-06-30,JP1027,0.009363382976029469
2020-06-30,JP1028,0.006345206506647035
2020-06-30,JP1029,0.0013078043241652039
2020-06-30,JP1030,0.0004332526020908047
2020-06-30,JP1031,0.005152446174796382
2020-06-30,JP1032,0.002976817712121179
2020-06-30,JP1033,0.008517121031485003
2020-06-30,JP1034,0.009841700411426447
2020-06-30,JP1035,0.005124614457921955
2020-06-30,JP1036,0.010343987564520523
2020-06-30,JP1037,0.006835685876189152
2020-06-30,JP1038,0.008813367592728247
2020-06-30,JP1039,0.0023488245190199713
2020-06-30,JP1040,0.004652508556242197
2020-06-30,JP1041,0.007289342670939095
2020-06-30,JP1042,0.012736958033937387
2020-06-30,JP1043,0.0027417761364895744
2020-06-30,JP1044,0.008828448840711848
2020-06-30,JP1045,0.0038693028758729855
2020-06-30,JP1046,0.00371351979504509
2020-06-30,JP1047,0.01031474216457154
2020-06-30,JP1048,0.0007557405016422728
2020-06-30,JP1049,0.0014264534787465023
2020-06-30,JP1050,0.0011723083071562652
2020-06-30,JP1051,0.0004650879123483779
2020-06-30,JP1052,0.002895218608197398
2020-06-30,JP1053,0.009578779992866425
2020-06-30,JP1054,0.0035233764874146875
2020-06-30,JP1055,0.006044271569220624
2020-06-30,JP1056,0.013062434042645607
2020-06-30,JP1057,0.017683228722538344
2020-06-30,JP1058,0.005312782546009175
2020-06-30,JP1059,0.018215151700800326
2020-06-30,JP1060,0.006069710169506617
2020-06-30,JP1061,0.002361255450021644
2020-06-30,JP1062,0.002778337250754056
2020-06-30,JP1063,0.0010107237449538827
2020-06-30,JP1064,0.002119762692168503
2020-06-30,JP1065,0.0028979361533417783
2020-06-30,JP1066,0.010845946195749677
2020-06-30,JP1067,0.029317717802284853
2020-06-30,JP1068,0.0014019571881369642
2020-06-30,JP1069,0.007468910534060956
2020-06-30,JP1070,0.0017019180052593628
2020-06-30,JP1071,0.007682858430713983
2020-06-30,JP1072,0.004285254264018077
2020-06-30,JP1073,0.0008733700421460788
2020-06-30,JP1074,0.013415392251276822
2020-06-30,JP1075,0.0027895884639421603
2020-06-30,JP1076,0.0031969586248341056
2020-06-30,JP1077,0.0017566306297009426
2020-06-30,JP1078,0.002328743922709894
2020-06-30,JP1079,0.0070283684656556
2020-06-30,JP1080,0.0044997420737117235
2020-06-30,JP1081,0.006198827620667852
2020-06-30,JP1082,0.007077501344087827
2020-06-30,JP1083,0.01896021479548862
2020-06-30,JP1084,0.0032771511487976065
2020-06-30,JP1085,0.0009895199694601295
2020-06-30,JP1086,0.013234698175343569
2020-06-30,JP1087,0.0030668023800000887
2020-06-30,JP1088,0.016590863684335853
2020-06-30,JP1089,0.007816376129671733
2020-06-30,JP1090,0.004162002328916783
2020-06-30,JP1091,0.006328967782713556
2020-06-30,JP1092,0.04047718472392306
2020-06-30,JP1093,0.04269627700319171
2020-06-30,JP1094,0.005157097641461969
2020-06-30,JP1095,0.006766604311987302
2020-06-30,JP1096,0.015227411503833237
2020-06-30,JP1097,0.0022687680790208727
2020-06-30,JP1098,0.006436401297321393
2020-06-30,JP1099,0.0042870973265637415
2020-06-30,JP1100,0.005989439864688111
2020-06-30,JP1101,0.002740200526318662
2020-06-30,JP1102,0.0009615312368600467
2020-06-30,JP1103,0.0006483208859377263
2020-06-30,JP1104,0.0017536051605070947
2020-06-30,JP1105,0.0032295376311603408
2020-06-30,JP1106,0.0037602292982542446
2020-06-30,JP1107,0.034906492564275554
2020-06-30,JP1108,0.01623362262869362
2020-06-30,JP1109,0.0017630145517795414
2020-06-30,JP1110,0.006936180897529279
2020-06-30,JP1111,0.002706468461450392
2020-06-30,JP1112,0.0031976880467324913
2020-06-30,JP1113,0.005411992412518195
2020-06-30,JP1114,0.010356790334589082
2020-06-30,JP1115,0.003548652128110947
2020-06-30,JP1116,0.01590588003950906
2020-06-30,JP1117,0.0016983325194234449
2020-06-30,JP1118,0.005288027181032159
2020-06-30,JP1119,0.0625747335947609
2020-07-31,JP1000,0.00479800570430952
2020-07-31,JP1001,0.008024133698451483
2020-07-31,JP1002,0.013469942031263154
2020-07-31,JP1003,0.0018674345269493438
2020-07-31,JP1004,0.004569978931277307
2020-07-31,JP1005,0.020773633428911392
2020-07-31,JP1006,0.0024391340677191913
2020-07-31,JP1007,0.0023938633429586745
2020-07-31,JP1008,0.006585547633615941
2020-07-31,JP1009,0.010247959456129984
2020-07-31,JP1010,0.0053655081670353
2020-07-31,JP1011,0.019756023474993775
2020-07-31,JP1012,0.010164704138174592
2020-07-31,JP1013,0.011167092884661615
2020-07-31,JP1014,0.009537533083303082
2020-07-31,JP1015,0.0614416918996957
2020-07-31,JP1016,0.0036065148998622606
2020-07-31,JP1017,0.0007759736618849077
2020-07-31,JP1018,0.0215025670749925
2020-07-31,JP1019,0.003796226754588356
2020-07-31,JP1020,0.005674424013554218
2020-07-31,JP1021,0.01799391569036016
2020-07-31,JP1022,0.0010888797230756582
2020-07-31,JP1023,0.0013553481592395
2020-07-31,JP1024,0.0011076818933232265
2020-07-31,JP1025,0.0023289606223557595
2020-07-31,JP1026,0.005532224395257991
2020-07-31,JP1027,0.00812602421615467
2020-07-31,JP1028,0.00701000991940711
2020-07-31,JP1029,0.0014131713813071705
2020-07-31,JP1030,0.0005352622619623325
2020-07-31,JP1031,0.0061187610217930365
2020-07-31,JP1032,0.0029766035476537253
2020-07-31,JP1033,0.008882700124227014
2020-07-31,JP1034,0.01134015853796107
2020-07-31,JP1035,0.005089090996945474
2020-07-31,JP1036,0.01245397557908535
2020-07-31,JP1037,0.006779503654048956
2020-07-31,JP1038,0.008618167113640418
2020-07-31,JP1039,0.002502807717730275
2020-07-31,JP1040,0.003929617512077519
2020-07-31,JP1041,0.006765338244082278
2020-07-31,JP1042,0.012215291097154826
2020-07-31,JP1043,0.0037303671148872304
2020-07-31,JP1044,0.008855345916667921
2020-07-31,JP1045,0.004082441163199963
2020-07-31,JP1046,0.004503356656376897
2020-07-31,JP1047,0.0133184959071081
2020-07-31,JP1048,0.0007554299064212646
2020-07-31,JP1049,0.0014517473710781307
2020-07-31,JP1050,0.0011691919910031658
2020-07-31,JP1051,0.0004238159357824137
2020-07-31,JP1052,0.0021710855640757346
2020-07-31,JP1053,0.010639346148667267
2020-07-31,JP1054,0.0044546135162166055
2020-07-31,JP1055,0.005925464315087006
2020-07-31,JP1056,0.014506820172504131
2020-07-31,JP1057,0.017857194825832916
2020-07-31,JP1058,0.004279253432017859
2020-07-31,JP1059,0.01843298844448145
2020-07-31,JP1060,0.005882283268602925
2020-07-31,JP1061,0.0021497960357875438
2020-07-31,JP1062,0.0027287226101482
2020-07-31,JP1063,0.001114930197261901
2020-07-31,JP1064,0.002197940963685678
2020-07-31,JP1065,0.003792283407294769
2020-07-31,JP1066,0.009666243441462585
2020-07-31,JP1067,0.027023303511191234
2020-07-31,JP1068,0.0012980132384034907
2020-07-31,JP1069,0.008074199558112236
2020-07-31,JP1070,0.0018667159586403972
2020-07-31,JP1071,0.009106039726828724
2020-07-31,JP1072,0.003973644322846226
2020-07-31,JP1073,0.0008715933558592429
2020-07-31,JP1074,0.016206004351820114
2020-07-31,JP1075,0.0028625895704469393
2020-07-31,JP1076,0.003086082288561439
2020-07-31,JP1077,0.001885379055531063
2020-07-31,JP1078,0.0025680280387010714
2020-07-31,JP1079,0.007280215693118184
2020-07-31,JP1080,0.004342772939751191
2020-07-31,JP1081,0.006142405898077844
2020-07-31,JP1082,0.007794932356916711
2020-07-31,JP1083,0.020677983152080495
2020-07-31,JP1084,0.0031543610397423735
2020-07-31,JP1085,0.0012109412022126007
2020-07-31,JP1086,0.01484302746883772
2020-07-31,JP1087,0.0043416519315946965
2020-07-31,JP1088,0.018129343293321026
2020-07-31,JP1089,0.008326925252549373
2020-07-31,JP1090,0.005164900658353604
2020-07-31,JP1091,0.007129269721402579
2020-07-31,JP1092,0.03767370307995169
2020-07-31,JP1093,0.040596848668981875
2020-07-31,JP1094,0.005061285939326424
2020-07-31,JP1095,0.006174404385503786
2020-07-31,JP1096,0.015178363587857673
2020-07-31,JP1097,0.002194736706109047
2020-07-31,JP1098,0.0072362391400951805
2020-07-31,JP1099,0.005114974328520206
2020-07-31,JP1100,0.007804119896301769
2020-07-31,JP1101,0.0021385732286202087
2020-07-31,JP1102,0.0009365282941139277
2020-07-31,JP1103,0.0007024169630736864
2020-07-31,JP1104,0.0018593540302703094
2020-07-31,JP1105,0.003418067357462557
2020-07-31,JP1106,0.0034725337497120722
2020-07-31,JP1107,0.0357316731311102
2020-07-31,JP1108,0.01622337638802761
2020-07-31,JP1109,0.001791458042206077
2020-07-31,JP1110,0.0068429459518061335
2020-07-31,JP1111,0.003421980906995452
2020-07-31,JP1112,0.004418878119198364
2020-07-31,JP1113,0.006422433955573812
2020-07-31,JP1114,0.009151092616421405
2020-07-31,JP1115,0.0036419898960779527
2020-07-31,JP1116,0.014142426743202067
2020-07-31,JP1117,0.0015981012611655419
2020-07-31,JP1118,0.00564359496953069
2020-07-31,JP1119,0.057837030489056133
2020-08-31,JP1000,0.004371940449537238
2020-08-31,JP1001,0.007075451826144342
2020-08-31,JP1002,0.01307586986435816
2020-08-31,JP1003,0.0017342763851228788
2020-08-31,JP1004,0.004897616902723888
2020-08-31,JP1005,0.02091455928474841
2020-08-31,JP1006,0.002430541489122523
2020-08-31,JP1007,0.00230589591656088
2020-08-31,JP1008,0.005444528839055598
2020-08-31,JP1009,0.01230432453030256
2020-08-31,JP1010,0.005508285592435108
2020-08-31,JP1011,0.020881515068340246
2020-08-31,JP1012,0.010582570589704403
2020-08-31,JP1013,0.010498401152370844
2020-08-31,JP1014,0.008688245108472041
2020-08-31,JP1015,0.050897710078477626
2020-08-31,JP1016,0.00409619740244337
2020-08-31,JP1017,0.0006531856129852538
2020-08-31,JP1018,0.02543501511899651
2020-08-31,JP1019,0.0024600520246332224
2020-08-31,JP1020,0.005971379092872131
2020-08-31,JP1021,0.021542519975254727
2020-08-31,JP1022,0.000956690600243236
2020-08-31,JP1023,0.0014650330030769364
2020-08-31,JP1024,0.0011973111798448896
2020-08-31,JP1025,0.0022761820005543928
2020-08-31,JP1026,0.008032281321670172
2020-08-31,JP1027,0.01019245132421371
2020-08-31,JP1028,0.00811088014730694
2020-08-31,JP1029,0.0010990508694700629
2020-08-31,JP1030,0.00047808660709412656
2020-08-31,JP1031,0.005795037125059655
2020-08-31,JP1032,0.0032911098506485975
2020-08-31,JP1033,0.008527355916802178
2020-08-31,JP1034,0.0077919143075888065
2020-08-31,JP1035,0.004740501735280972
2020-08-31,JP1036,0.01283074163129226
2020-08-31,JP1037,0.006820195443961112
2020-08-31,JP1038,0.0088349749923897
2020-08-31,JP1039,0.0021910637121003236
2020-08-31,JP1040,0.004023608625196347
2020-08-31,JP1041,0.006469059229760179
2020-08-31,JP1042,0.009929495450058142
2020-08-31,JP1043,0.0031551082631801194
2020-08-31,JP1044,0.008775789265700338
2020-08-31,JP1045,0.00408133788701608
2020-08-31,JP1046,0.0042352500244036495
2020-08-31,JP1047,0.012692803948006485
2020-08-31,JP1048,0.0007521697549901669
2020-08-31,JP1049,0.0011474495845547245
2020-08-31,JP1050,0.001342992835038228
2020-08-31,JP1051,0.0005467928999336781
2020-08-31,JP1052,0.002600443001189072
2020-08-31,JP1053,0.010475019383247651
2020-08-31,JP1054,0.004085073163684523
2020-08-31,JP1055,0.0064523948012893614
2020-08-31,JP1056,0.014517453464014144
2020-08-31,JP1057,0.02223355459902061
2020-08-31,JP1058,0.0037949881378815382
2020-08-31,JP1059,0.018181162050819242
2020-08-31,JP1060,0.005755718551497417
2020-08-31,JP1061,0.0021612370384349678
2020-08-31,JP1062,0.002970849909073691
2020-08-31,JP1063,0.000993311342596445
2020-08-31,JP1064,0.0020131714259353736
2020-08-31,JP1065,0.003936569024824694
2020-08-31,JP1066,0.009655268674435728
2020-08-31,JP1067,0.027385465508079923
2020-08-31,JP1068,0.0011948564093159754
2020-08-31,JP1069,0.007709498909181742
2020-08-31,JP1070,0.0018442171444022972
2020-08-31,JP1071,0.008147379650198908
2020-08-31,JP1072,0.004276852417202597
2020-08-31,JP1073,0.0008095395287100126
2020-08-31,JP1074,0.012492410855865011
2020-08-31,JP1075,0.002732023078412326
2020-08-31,JP1076,0.00340445836566843
2020-08-31,JP1077,0.0015270093898237774
2020-08-31,JP1078,0.002699783950678362
2020-08-31,JP1079,0.007007412730299526
2020-08-31,JP1080,0.005050787817320528
2020-08-31,JP1081,0.007034729373126226
2020-08-31,JP1082,0.006349803828100645
2020-08-31,JP1083,0.018370749554821184
2020-08-31,JP1084,0.003079020316187537
2020-08-31,JP1085,0.0010758471758478753
2020-08-31,JP1086,0.015519340628811582
2020-08-31,JP1087,0.004128544680689233
2020-08-31,JP1088,0.017046594132620434
2020-08-31,JP1089,0.007287633371760267
2020-08-31,JP1090,0.004660661606501952
2020-08-31,JP1091,0.007713067084740192
2020-08-31,JP1092,0.044224309558385674
2020-08-31,JP1093,0.03770800422210813
2020-08-31,JP1094,0.006256429340278078
2020-08-31,JP1095,0.005281848321868953
2020-08-31,JP1096,0.016568830465692793
2020-08-31,JP1097,0.002024986137179242
2020-08-31,JP1098,0.006540323518451401
2020-08-31,JP1099,0.0047538821499660214
2020-08-31,JP1100,0.006357264845631168
2020-08-31,JP1101,0.0022762425588190227
2020-08-31,JP1102,0.0011576314398277345
2020-08-31,JP1103,0.0005112737009281038
2020-08-31,JP1104,0.0016135634116237996
2020-08-31,JP1105,0.0028461236462069103
2020-08-31,JP1106,0.004098438474163228
2020-08-31,JP1107,0.04014752599719925
2020-08-31,JP1108,0.01490681546573108
2020-08-31,JP1109,0.001787589123636231
2020-08-31,JP1110,0.006046486969408241
2020-08-31,JP1111,0.0040596231658022
2020-08-31,JP1112,0.004309485721121719
2020-08-31,JP1113,0.00495681903770664
2020-08-31,JP1114,0.00995433283287837
2020-08-31,JP1115,0.0031989332245794463
2020-08-31,JP1116,0.013822369442222468
2020-08-31,JP1117,0.0014141145584469041
2020-08-31,JP1118,0.00413525437793968
2020-08-31,JP1119,0.06711479437478823
2020-09-30,JP1000,0.004569394219532667
2020-09-30,JP1001,0.0065178575132539005
2020-09-30,JP1002,0.01275213532777537
2020-09-30,JP1003,0.0016777135101618127
2020-09-30,JP1004,0.004869077385028058
2020-09-30,JP1005,0.021314638932424516
2020-09-30,JP1006,0.0020844714266684884
2020-09-30,JP1007,0.0019083599197362113
2020-09-30,JP1008,0.005739251157551771
2020-09-30,JP1009,0.010146175311475415
2020-09-30,JP1010,0.005529032716816774
2020-09-30,JP1011,0.02072761989056946
2020-09-30,JP1012,0.011931977244005814
2020-09-30,JP1013,0.011441316406016729
2020-09-30,JP1014,0.009487722878683687
2020-09-30,JP1015,0.055667336216412615
2020-09-30,JP1016,0.0037355416497113444
2020-09-30,JP1017,0.0006270988193394634
2020-09-30,JP1018,0.027021457221333627
2020-09-30,JP1019,0.0032906284835046797
2020-09-30,JP1020,0.005992007192762778
2020-09-30,JP1021,0.01714798681948268
2020-09-30,JP1022,0.000945819931509757
2020-09-30,JP1023,0.0015165896306527618
2020-09-30,JP1024,0.0009533707917950179
2020-09-30,JP1025,0.001965196412785516
2020-09-30,JP1026,0.007349835547230368
2020-09-30,JP1027,0.008376217805284518
2020-09-30,JP1028,0.007910029879884175
2020-09-30,JP1029,0.001133275328902761
2020-09-30,JP1030,0.0004992992987736736
2020-09-30,JP1031,0.006555922553616559
2020-09-30,JP1032,0.00283093119716111
2020-09-30,JP1033,0.00856048812297674
2020-09-30,JP1034,0.009512231286324448
2020-09-30,JP1035,0.006050453494639434
2020-09-30,JP1036,0.013671587604280413
2020-09-30,JP1037,0.006890122428905221
2020-09-30,JP1038,0.008731813411167234
2020-09-30,JP1039,0.002274901807870154
2020-09-30,JP1040,0.0041560661326355
2020-09-30,JP1041,0.0058238573206968675
2020-09-30,JP1042,0.009946248899507036
2020-09-30,JP1043,0.002759609910548082
2020-09-30,JP1044,0.00784473899612535
2020-09-30,JP1045,0.003867966865590457
2020-09-30,JP1046,0.005033482791482093
2020-09-30,JP1047,0.01077709019535578
2020-09-30,JP1048,0.0007031560588611702
2020-09-30,JP1049,0.0011678107827458985
2020-09-30,JP1050,0.001061302435002939
2020-09-30,JP1051,0.00038418672177064007
2020-09-30,JP1052,0.0032119250573029784
2020-09-30,JP1053,0.01092392784588688
2020-09-30,JP1054,0.003870871040290903
2020-09-30,JP1055,0.006508015235036761
2020-09-30,JP1056,0.01937872277663921
2020-09-30,JP1057,0.018281346036857063
2020-09-30,JP1058,0.004282372189376362
2020-09-30,JP1059,0.023934633662337938
2020-09-30,JP1060,0.004907479829698228
2020-09-30,JP1061,0.0024946213881951946
2020-09-30,JP1062,0.0027730288501909423
2020-09-30,JP1063,0.0012026418613790364
2020-09-30,JP1064,0.0018038392712642598
2020-09-30,JP1065,0.004586253516945517
2020-09-30,JP1066,0.010881721359030282
2020-09-30,JP1067,0.026373428421719067
2020-09-30,JP1068,0.0013422912613960773
2020-09-30,JP1069,0.00702906391075331
2020-09-30,JP1070,0.0018656779992380099
2020-09-30,JP1071,0.0071729815509408625
2020-09-30,JP1072,0.004505039518143359
2020-09-30,JP1073,0.000763761358416652
2020-09-30,JP1074,0.01184241783777764
2020-09-30,JP1075,0.002515795996370203
2020-09-30,JP1076,0.0032427074968206997
2020-09-30,JP1077,0.0016768722653707432
2020-09-30,JP1078,0.002583256071606942
2020-09-30,JP1079,0.008103689964757275
2020-09-30,JP1080,0.004694980092443355
2020-09-30,JP1081,0.006411281128578231
2020-09-30,JP1082,0.007431357809561521
2020-09-30,JP1083,0.01731232643703484
2020-09-30,JP1084,0.0035186764461305254
2020-09-30,JP1085,0.001285790051222328
2020-09-30,JP1086,0.011638744329675075
2020-09-30,JP1087,0.003313305769107209
2020-09-30,JP1088,0.015077180202917005
2020-09-30,JP1089,0.007714964893942304
2020-09-30,JP1090,0.005015635762042486
2020-09-30,JP1091,0.00605430924125081
2020-09-30,JP1092,0.04102915911163787
2020-09-30,JP1093,0.04255435158306873
2020-09-30,JP1094,0.005296471279273966
2020-09-30,JP1095,0.005129506927285244
2020-09-30,JP1096,0.014023282654439938
2020-09-30,JP1097,0.002407480438769854
2020-09-30,JP1098,0.007081142471391419
2020-09-30,JP1099,0.004844184642296315
2020-09-30,JP1100,0.006286991250257224
2020-09-30,JP1101,0.0023674594025716827
2020-09-30,JP1102,0.0010173325107637483
2020-09-30,JP1103,0.0006219328361285203
2020-09-30,JP1104,0.0016401946261152193
2020-09-30,JP1105,0.002999729997396541
2020-09-30,JP1106,0.003479891177302451
2020-09-30,JP1107,0.030174616473981338
2020-09-30,JP1108,0.014378999511681478
2020-09-30,JP1109,0.0016154528391522126
2020-09-30,JP1110,0.007523271273869762
2020-09-30,JP1111,0.003151507392584568
2020-09-30,JP1112,0.0036624359982497575
2020-09-30,JP1113,0.006069854680792528
2020-09-30,JP1114,0.008676987757165924
2020-09-30,JP1115,0.0032058062263825016
2020-09-30,JP1116,0.01499559732253753
2020-09-30,JP1117,0.001951669693191334
2020-09-30,JP1118,0.005579366426853012
2020-09-30,JP1119,0.07727598387088176
2020-10-31,JP1000,0.004164525824991134
2020-10-31,JP1001,0.009204537186539621
2020-10-31,JP1002,0.014138623382257161
2020-10-31,JP1003,0.001564255477127312
2020-10-31,JP1004,0.005111645048038359
2020-10-31,JP1005,0.020459390822179374
2020-10-31,JP1006,0.0028620503852956353
2020-10-31,JP1007,0.0023052310351915515
2020-10-31,JP1008,0.0056631208151361545
2020-10-31,JP1009,0.013270854901809409
2020-10-31,JP1010,0.005599049533739845
2020-10-31,JP1011,0.016049474774763647
2020-10-31,JP1012,0.012298829637111255
2020-10-31,JP1013,0.012563016863803667
2020-10-31,JP1014,0.009367263490371132
2020-10-31,JP1015,0.052890904555791624
2020-10-31,JP1016,0.0046107390660874575
2020-10-31,JP1017,0.0007500792103990977
2020-10-31,JP1018,0.026217327832359975
2020-10-31,JP1019,0.003246950621332018
2020-10-31,JP1020,0.005940206415283977
2020-10-31,JP1021,0.018324382189517527
2020-10-31,JP1022,0.0009555597720584792
2020-10-31,JP1023,0.0013431590089853607
2020-10-31,JP1024,0.0010489320024472703
2020-10-31,JP1025,0.0021796015140856393
2020-10-31,JP1026,0.008026979408360668
2020-10-31,JP1027,0.010137577659884166
2020-10-31,JP1028,0.006784356443142216
2020-10-31,JP1029,0.0012970632228349354
2020-10-31,JP1030,0.0005097052534268823
2020-10-31,JP1031,0.006322128686011748
2020-10-31,JP1032,0.0038692274797357787
2020-10-31,JP1033,0.007936595940273477
2020-10-31,JP1034,0.011401959390536637
2020-10-31,JP1035,0.007436556382955737
2020-10-31,JP1036,0.01000536323626041
2020-10-31,JP1037,0.007288483701184177
2020-10-31,JP1038,0.007501059892015144
2020-10-31,JP1039,0.0026047609012637973
2020-10-31,JP1040,0.004329413793396761
2020-10-31,JP1041,0.005393132571053216
2020-10-31,JP1042,0.013309833591194422
2020-10-31,JP1043,0.0035969061728390577
2020-10-31,JP1044,0.00806467826106413
2020-10-31,JP1045,0.004162313393696567
2020-10-31,JP1046,0.005113545518365526
2020-10-31,JP1047,0.010091493445776572
2020-10-31,JP1048,0.0005226517978016948
2020-10-31,JP1049,0.0014310099567911116
2020-10-31,JP1050,0.0011052124057553735
2020-10-31,JP1051,0.0005823313385532019
2020-10-31,JP1052,0.002569587447529856
2020-10-31,JP1053,0.011466495695430883
2020-10-31,JP1054,0.0038785825402172496
2020-10-31,JP1055,0.005486257798118276
2020-10-31,JP1056,0.015663308853841634
2020-10-31,JP1057,0.01735912911072178
2020-10-31,JP1058,0.004273363363112217
2020-10-31,JP1059,0.01822655824818784
2020-10-31,JP1060,0.005117396314299334
2020-10-31,JP1061,0.0022268931280212865
2020-10-31,JP1062,0.002788355865347006
2020-10-31,JP1063,0.0012298956472059559
2020-10-31,JP1064,0.0018468829375522116
2020-10-31,JP1065,0.0035818008207071346
2020-10-31,JP1066,0.011184214576024606
2020-10-31,JP1067,0.02996295465890216
2020-10-31,JP1068,0.0013522991122391667
2020-10-31,JP1069,0.007905093082490074
2020-10-31,JP1070,0.0016811543132441448
2020-10-31,JP1071,0.008467352192237898
2020-10-31,JP1072,0.004378231136544246
2020-10-31,JP1073,0.0009603724593406647
2020-10-31,JP1074,0.013441950892922777
2020-10-31,JP1075,0.0028921174934908906
2020-10-31,JP1076,0.002710306996128947
2020-10-31,JP1077,0.0016993725140043113
2020-10-31,JP1078,0.0028028812184783506
2020-10-31,JP1079,0.00799702153100493
2020-10-31,JP1080,0.004309643809800117
2020-10-31,JP1081,0.006124783602654013
2020-10-31,JP1082,0.006955732385645599
2020-10-31,JP1083,0.01914843936927299
2020-10-31,JP1084,0.004205670726582003
2020-10-31,JP1085,0.0009931100863492385
2020-10-31,JP1086,0.013761374002808639
2020-10-31,JP1087,0.0031197169411880965
2020-10-31,JP1088,0.016546671930312305
2020-10-31,JP1089,0.008680199740850556
2020-10-31,JP1090,0.004777732995230246
2020-10-31,JP1091,0.007889631983378949
2020-10-31,JP1092,0.03334342910369153
2020-10-31,JP1093,0.043509327628490066
2020-10-31,JP1094,0.005213159558333821
2020-10-31,JP1095,0.006204141679321508
2020-10-31,JP1096,0.016208472729962523
2020-10-31,JP1097,0.0021906491065400826
2020-10-31,JP1098,0.007957688296506497
2020-10-31,JP1099,0.005037095638329748
2020-10-31,JP1100,0.007391439795244117
2020-10-31,JP1101,0.002758756689784711
2020-10-31,JP1102,0.0011266324450041746
2020-10-31,JP1103,0.0006133188694471256
2020-10-31,JP1104,0.001638235929445461
2020-10-31,JP1105,0.0036243912757238433
2020-10-31,JP1106,0.0043498038378750195
2020-10-31,JP1107,0.03632975876705339
2020-10-31,JP1108,0.013630868664231417
2020-10-31,JP1109,0.0018256484500801938
2020-10-31,JP1110,0.007574858446190904
2020-10-31,JP1111,0.003706215569196152
2020-10-31,JP1112,0.004371756921926796
2020-10-31,JP1113,0.005161143896270968
2020-10-31,JP1114,0.010647975827445099
2020-10-31,JP1115,0.004316711857111942
2020-10-31,JP1116,0.01198370009752345
2020-10-31,JP1117,0.0016762890663451933
2020-10-31,JP1118,0.00570400421238229
2020-10-31,JP1119,0.061287936908246125
2020-11-30,JP1000,0.0038105935678951573
2020-11-30,JP1001,0.007234332461210487
2020-11-30,JP1002,0.013807337380513618
2020-11-30,JP1003,0.0019678499111420176
2020-11-30,JP1004,0.004760374354570459
2020-11-30,JP1005,0.02293951295683548
2020-11-30,JP1006,0.002656562990608744
2020-11-30,JP1007,0.001992741968110084
2020-11-30,JP1008,0.007299932907357976
2020-11-30,JP1009,0.008718466786776477
2020-11-30,JP1010,0.005940330867038615
2020-11-30,JP1011,0.01767934106194563
2020-11-30,JP1012,0.012458134078686732
2020-11-30,JP1013,0.013656672895035284
2020-11-30,JP1014,0.009372433813823352
2020-11-30,JP1015,0.05418785538849687
2020-11-30,JP1016,0.004522355209004242
2020-11-30,JP1017,0.0005921742144251939
2020-11-30,JP1018,0.0221718079719561
2020-11-30,JP1019,0.0033101653541536516
2020-11-30,JP1020,0.00556046375564878
2020-11-30,JP1021,0.01828043832726709
2020-11-30,JP1022,0.0011608149661315782
2020-11-30,JP1023,0.0016340518634891466
2020-11-30,JP1024,0.0009363278470050201
2020-11-30,JP1025,0.002405283004554028
2020-11-30,JP1026,0.006758265944467337
2020-11-30,JP1027,0.007336869530266175
2020-11-30,JP1028,0.0061383212442670705
2020-11-30,JP1029,0.0012330599501901196
2020-11-30,JP1030,0.00047338447217791854
2020-11-30,JP1031,0.005623964913064155
2020-11-30,JP1032,0.003171651877543491
2020-11-30,JP1033,0.009010193276878074
2020-11-30,JP1034,0.010849069593919453
2020-11-30,JP1035,0.005269577873325609
2020-11-30,JP1036,0.01191451484238486
2020-11-30,JP1037,0.00587424673893995
2020-11-30,JP1038,0.009013951377960041
2020-11-30,JP1039,0.0023956623217851543
2020-11-30,JP1040,0.00485669651986061
2020-11-30,JP1041,0.0066689102640421485
2020-11-30,JP1042,0.01079224995276951
2020-11-30,JP1043,0.003304282254495686
2020-11-30,JP1044,0.011889556826608609
2020-11-30,JP1045,0.003440538072947935
2020-11-30,JP1046,0.0042123827458859795
2020-11-30,JP1047,0.01091326783534149
2020-11-30,JP1048,0.0006179227815536067
2020-11-30,JP1049,0.0012532048629965216
2020-11-30,JP1050,0.0011439760102441895
2020-11-30,JP1051,0.0005176784549905687
2020-11-30,JP1052,0.0022033587658240044
2020-11-30,JP1053,0.01024563499017914
2020-11-30,JP1054,0.0035334653173433343
2020-11-30,JP1055,0.005519589110253704
2020-11-30,JP1056,0.016715861549696825
2020-11-30,JP1057,0.01779195750388206
2020-11-30,JP1058,0.004143059925826532
2020-11-30,JP1059,0.02152387246289089
2020-11-30,JP1060,0.006326913833033283
2020-11-30,JP1061,0.002256757895046601
2020-11-30,JP1062,0.0025576185416803783
2020-11-30,JP1063,0.0011266616933104131
2020-11-30,JP1064,0.001961921535747935
2020-11-30,JP1065,0.0035416971465808715
2020-11-30,JP1066,0.01221589385653987
2020-11-30,JP1067,0.028383526069688088
2020-11-30,JP1068,0.0012776565550349228
2020-11-30,JP1069,0.007164088753570994
2020-11-30,JP1070,0.0019222654692187542
2020-11-30,JP1071,0.008491685809738454
2020-11-30,JP1072,0.003716031421258117
2020-11-30,JP1073,0.0006828415062863337
2020-11-30,JP1074,0.01246212845106644
2020-11-30,JP1075,0.0030637154533186307
2020-11-30,JP1076,0.003354579398375383
2020-11-30,JP1077,0.0018853327222977912
2020-11-30,JP1078,0.002607030432772032
2020-11-30,JP1079,0.009042561493375538
2020-11-30,JP1080,0.003919907154011363
2020-11-30,JP1081,0.006835445256597523
2020-11-30,JP1082,0.00634324417767446
2020-11-30,JP1083,0.0184246573688035
2020-11-30,JP1084,0.0033154838956359766
2020-11-30,JP1085,0.001355934812221364
2020-11-30,JP1086,0.016926565724992744
2020-11-30,JP1087,0.003678119603872729
2020-11-30,JP1088,0.016262288823678923
2020-11-30,JP1089,0.007032332778142692
2020-11-30,JP1090,0.0034651613194509223
2020-11-30,JP1091,0.006686504833378904
2020-11-30,JP1092,0.03860457079714722
2020-11-30,JP1093,0.04245132274825098
2020-11-30,JP1094,0.005247416599579213
2020-11-30,JP1095,0.006434683751488191
2020-11-30,JP1096,0.014249464060415188
2020-11-30,JP1097,0.0019498249726577605
2020-11-30,JP1098,0.007649126172716031
2020-11-30,JP1099,0.004667001726219066
2020-11-30,JP1100,0.007722446886986695
2020-11-30,JP1101,0.001811991384931171
2020-11-30,JP1102,0.0009812186176089298
2020-11-30,JP1103,0.0006799718087747225
2020-11-30,JP1104,0.0017499097824791028
2020-11-30,JP1105,0.0031480158493848863
2020-11-30,JP1106,0.003908299742306275
2020-11-30,JP1107,0.035830838049339786
2020-11-30,JP1108,0.013258668388186694
2020-11-30,JP1109,0.0018759376460774158
2020-11-30,JP1110,0.00737436206343876
2020-11-30,JP1111,0.0035647910234321623
2020-11-30,JP1112,0.0038064074643755622
2020-11-30,JP1113,0.005799034421609777
2020-11-30,JP1114,0.008275366849677225
2020-11-30,JP1115,0.003910172272190349
2020-11-30,JP1116,0.015732020465891297
2020-11-30,JP1117,0.0017938192531929843
2020-11-30,JP1118,0.004600034646638306
2020-11-30,JP1119,0.06923017270011775
2020-12-31,JP1000,0.0041702482031971905
2020-12-31,JP1001,0.006259915347312133
2020-12-31,JP1002,0.013944100134435334
2020-12-31,JP1003,0.001834954574690656
2020-12-31,JP1004,0.003771103052291913
2020-12-31,JP1005,0.022995091350129324
2020-12-31,JP1006,0.001909525343306522
2020-12-31,JP1007,0.0026645817876270986
2020-12-31,JP1008,0.006670968305333135
2020-12-31,JP1009,0.011137361496756645
2020-12-31,JP1010,0.005321806356353781
2020-12-31,JP1011,0.020119625525382892
2020-12-31,JP1012,0.012843042637376392
2020-12-31,JP1013,0.012139643987038111
2020-12-31,JP1014,0.00993766178563148
2020-12-31,JP1015,0.046926597408138655
2020-12-31,JP1016,0.004177187807295119
2020-12-31,JP1017,0.0008376628415153798
2020-12-31,JP1018,0.024948083704376265
2020-12-31,JP1019,0.0033674509138180253
2020-12-31,JP1020,0.0052386959407936945
2020-12-31,JP1021,0.0238779093646572
2020-12-31,JP1022,0.0010767912331524957
2020-12-31,JP1023,0.0013102241605977426
2020-12-31,JP1024,0.0011682133941420193
2020-12-31,JP1025,0.0021090936119040316
2020-12-31,JP1026,0.008634218853740838
2020-12-31,JP1027,0.00972696688737334
2020-12-31,JP1028,0.008386798173454965
2020-12-31,JP1029,0.0012934786880508435
2020-12-31,JP1030,0.0005181440002149326
2020-12-31,JP1031,0.004478910334743003
2020-12-31,JP1032,0.0030965039662928817
2020-12-31,JP1033,0.007657429715456976
2020-12-31,JP1034,0.010294347732736882
2020-12-31,JP1035,0.005662976082118108
2020-12-31,JP1036,0.012018783038091068
2020-12-31,JP1037,0.006177860146865598
2020-12-31,JP1038,0.009256580434219484
2020-12-31,JP1039,0.0025382897939083106
2020-12-31,JP1040,0.004078916207704473
2020-12-31,JP1041,0.005889280207461827
2020-12-31,JP1042,0.012079913806693468
2020-12-31,JP1043,0.004019062759074313
2020-12-31,JP1044,0.008131945742530728
2020-12-31,JP1045,0.004001350323074116
2020-12-31,JP1046,0.004847962343457668
2020-12-31,JP1047,0.01188473081941277
2020-12-31,JP1048,0.000593710375246735
2020-12-31,JP1049,0.0014905530030361873
2020-12-31,JP1050,0.0010150022491476464
2020-12-31,JP1051,0.000433806160956752
2020-12-31,JP1052,0.002314010928635127
2020-12-31,JP1053,0.010815400830981058
2020-12-31,JP1054,0.0035483106929055223
2020-12-31,JP1055,0.005484701505599472
2020-12-31,JP1056,0.016037544803615446
2020-12-31,JP1057,0.019544763667394494
2020-12-31,JP1058,0.005229651435160859
2020-12-31,JP1059,0.018696788728847624
2020-12-31,JP1060,0.005660352085158323
2020-12-31,JP1061,0.0024359851280179143
2020-12-31,JP1062,0.0025142646425185644
2020-12-31,JP1063,0.0011063002828028176
2020-12-31,JP1064,0.0023604729571308916
2020-12-31,JP1065,0.0036388081713779542
2020-12-31,JP1066,0.011430047448311099
2020-12-31,JP1067,0.028922727991889285
2020-12-31,JP1068,0.0014737904634054332
2020-12-31,JP1069,0.007676296480907858
2020-12-31,JP1070,0.0018436166379550809
2020-12-31,JP1071,0.008337300254707051
2020-12-31,JP1072,0.003876904941002061
2020-12-31,JP1073,0.0008755284814684392
2020-12-31,JP1074,0.012108391312415987
2020-12-31,JP1075,0.0025005114554894443
2020-12-31,JP1076,0.0025578602188814316
2020-12-31,JP1077,0.0015281953276002984
2020-12-31,JP1078,0.0021522199963118966
2020-12-31,JP1079,0.007192941479171117
2020-12-31,JP1080,0.004116518554147125
2020-12-31,JP1081,0.008024540806180376
2020-12-31,JP1082,0.007506060013682262
2020-12-31,JP1083,0.019959957230710902
2020-12-31,JP1084,0.004190705928749638
2020-12-31,JP1085,0.0008920228380928162
2020-12-31,JP1086,0.015706989572008168
2020-12-31,JP1087,0.0038486356289139825
2020-12-31,JP1088,0.017195953415577538
2020-12-31,JP1089,0.0063691405060073165
2020-12-31,JP1090,0.004302421029386779
2020-12-31,JP1091,0.006708626572818464
2020-12-31,JP1092,0.032134817378897396
2020-12-31,JP1093,0.052245936594905805
2020-12-31,JP1094,0.005261902089598943
2020-12-31,JP1095,0.006690111686959103
2020-12-31,JP1096,0.016354884867006116
2020-12-31,JP1097,0.0019309953940565632
2020-12-31,JP1098,0.006877626897707058
2020-12-31,JP1099,0.005093071713409684
2020-12-31,JP1100,0.007397718731104234
2020-12-31,JP1101,0.0023336142691814704
2020-12-31,JP1102,0.001262966616991933
2020-12-31,JP1103,0.0007158917945331744
2020-12-31,JP1104,0.001814892153458478
2020-12-31,JP1105,0.003617816148954664
2020-12-31,JP1106,0.004436224638463148
2020-12-31,JP1107,0.03387394168695387
2020-12-31,JP1108,0.013406732615649898
2020-12-31,JP1109,0.001868174572392686
2020-12-31,JP1110,0.006411298562385641
2020-12-31,JP1111,0.0031340963276954284
2020-12-31,JP1112,0.003948493098789817
2020-12-31,JP1113,0.0059162194956267344
2020-12-31,JP1114,0.010295379730907342
2020-12-31,JP1115,0.003814535614397273
2020-12-31,JP1116,0.015612047900508352
2020-12-31,JP1117,0.0014612360838287997
2020-12-31,JP1118,0.0047888803531968135
2020-12-31,JP1119,0.057650170424184605
2021-01-31,JP1000,0.004512240552558711
2021-01-31,JP1001,0.007809957835142337
2021-01-31,JP1002,0.012274286952902669
2021-01-31,JP1003,0.0017179797045049176
2021-01-31,JP1004,0.004563490269955165
2021-01-31,JP1005,0.0267771683586008
2021-01-31,JP1006,0.0024104693324444385
2021-01-31,JP1007,0.0021425694484287503
2021-01-31,JP1008,0.0058769474973686155
2021-01-31,JP1009,0.011235322859711775
2021-01-31,JP1010,0.005325212780704366
2021-01-31,JP1011,0.016861853604231487
2021-01-31,JP1012,0.012608348955143065
2021-01-31,JP1013,0.009698701491846373
2021-01-31,JP1014,0.00907067768859689
2021-01-31,JP1015,0.05495037242505858
2021-01-31,JP1016,0.004304894575221064
2021-01-31,JP1017,0.0006755779059059896
2021-01-31,JP1018,0.025230165914146344
2021-01-31,JP1019,0.002964111062528997
2021-01-31,JP1020,0.004853411535912983
2021-01-31,JP1021,0.01851940583092025
2021-01-31,JP1022,0.0009889964704133296
2021-01-31,JP1023,0.0015296180822818829
2021-01-31,JP1024,0.0009693698238656305
2021-01-31,JP1025,0.002239058582240687
2021-01-31,JP1026,0.007788713249683567
2021-01-31,JP1027,0.008720913046520102
2021-01-31,JP1028,0.0070669613770119296
2021-01-31,JP1029,0.0010791324145884682
2021-01-31,JP1030,0.0005191116634744989
2021-01-31,JP1031,0.005056090055460474
2021-01-31,JP1032,0.003243919102426074
2021-01-31,JP1033,0.008948892710187678
2021-01-31,JP1034,0.007967833252500289
2021-01-31,JP1035,0.006321669486220877
2021-01-31,JP1036,0.010304612941415707
2021-01-31,JP1037,0.005629171469249513
2021-01-31,JP1038,0.00792965627651655
2021-01-31,JP1039,0.0021738094061845804
2021-01-31,JP1040,0.004286347917780912
2021-01-31,JP1041,0.005352650635362179
2021-01-31,JP1042,0.012494116113032963
2021-01-31,JP1043,0.0035245306132346325
2021-01-31,JP1044,0.008399562185077735
2021-01-31,JP1045,0.003049090358696563
2021-01-31,JP1046,0.0037980936677771407
2021-01-31,JP1047,0.011087304048724319
2021-01-31,JP1048,0.0006627674153601264
2021-01-31,JP1049,0.0014649268543351008
2021-01-31,JP1050,0.0008276680913539144
2021-01-31,JP1051,0.00043813139872345467
2021-01-31,JP1052,0.0026905367920410954
2021-01-31,JP1053,0.009974267005396895
2021-01-31,JP1054,0.0034997128395420607
2021-01-31,JP1055,0.005057454268662395
2021-01-31,JP1056,0.01610881550919256
2021-01-31,JP1057,0.017522506045742802
2021-01-31,JP1058,0.00507602513549873
2021-01-31,JP1059,0.021855623930807443
2021-01-31,JP1060,0.006099071943200554
2021-01-31,JP1061,0.0021036140210076116
2021-01-31,JP1062,0.0025637697909987175
2021-01-31,JP1063,0.0010497278228681513
2021-01-31,JP1064,0.0024424390175975925
2021-01-31,JP1065,0.0033370599031286776
2021-01-31,JP1066,0.012099909716647383
2021-01-31,JP1067,0.02859713802603667
2021-01-31,JP1068,0.0011746406499483215
2021-01-31,JP1069,0.007041491009767963
2021-01-31,JP1070,0.0019388455267540983
2021-01-31,JP1071,0.007862622509356921
2021-01-31,JP1072,0.004087071367655822
2021-01-31,JP1073,0.0007208701443198267
2021-01-31,JP1074,0.012738138840423113
2021-01-31,JP1075,0.0025285598865786136
2021-01-31,JP1076,0.0030337071424395247
2021-01-31,JP1077,0.0021575198974550843
2021-01-31,JP1078,0.0026693176959608107
2021-01-31,JP1079,0.008958453676155559
2021-01-31,JP1080,0.003756806971512461
2021-01-31,JP1081,0.007252575390795263
2021-01-31,JP1082,0.007938958369137328
2021-01-31,JP1083,0.02096681110643387
2021-01-31,JP1084,0.0039331397276425005
2021-01-31,JP1085,0.0011152707820362537
2021-01-31,JP1086,0.015494899706248254
2021-01-31,JP1087,0.003161512808369788
2021-01-31,JP1088,0.017454571176632058
2021-01-31,JP1089,0.0065042683857686814
2021-01-31,JP1090,0.0048480330570502
2021-01-31,JP1091,0.007670852789199617
2021-01-31,JP1092,0.03805486914491318
2021-01-31,JP1093,0.04783872736915963
2021-01-31,JP1094,0.005806152639012944
2021-01-31,JP1095,0.005011968267189976
2021-01-31,JP1096,0.01517307451099445
2021-01-31,JP1097,0.0017327334099256709
2021-01-31,JP1098,0.006741309657626658
2021-01-31,JP1099,0.00455485144627476
2021-01-31,JP1100,0.007113463271430585
2021-01-31,JP1101,0.0019515560517879983
2021-01-31,JP1102,0.000918907593547871
2021-01-31,JP1103,0.0006449598691678886
2021-01-31,JP1104,0.0017938949150259477
2021-01-31,JP1105,0.003082940527052427
2021-01-31,JP1106,0.0045878437858654884
2021-01-31,JP1107,0.03269430885759629
2021-01-31,JP1108,0.015772434416570676
2021-01-31,JP1109,0.0019277063921989538
2021-01-31,JP1110,0.006670733140143195
2021-01-31,JP1111,0.0037000929285112257
2021-01-31,JP1112,0.0033565061213738055
2021-01-31,JP1113,0.004768532839803586
2021-01-31,JP1114,0.00894285843363024
2021-01-31,JP1115,0.003384990741890577
2021-01-31,JP1116,0.015712115461497433
2021-01-31,JP1117,0.0013735289184494542
2021-01-31,JP1118,0.005170691682943487
2021-01-31,JP1119,0.06818575192886872
2021-02-28,JP1000,0.004068732074706045
2021-02-28,JP1001,0.006052867587318347
2021-02-28,JP1002,0.01356777336788393
2021-02-28,JP1003,0.002201018518821932
2021-02-28,JP1004,0.004102122341888323
2021-02-28,JP1005,0.020788664396801267
2021-02-28,JP1006,0.0023607074208536164
2021-02-28,JP1007,0.0026514027918848595
2021-02-28,JP1008,0.00610599461998051
2021-02-28,JP1009,0.010858729998380985
2021-02-28,JP1010,0.005423009004379175
2021-02-28,JP1011,0.02010046288558265
2021-02-28,JP1012,0.012786326065956156
2021-02-28,JP1013,0.010788768390097857
2021-02-28,JP1014,0.008504414027513557
2021-02-28,JP1015,0.059331313138590316
2021-02-28,JP1016,0.004387049960753816
2021-02-28,JP1017,0.0007559818800622799
2021-02-28,JP1018,0.025578724293056822
2021-02-28,JP1019,0.003635895934720528
2021-02-28,JP1020,0.005930525528598895
2021-02-28,JP1021,0.018176221244259383
2021-02-28,JP1022,0.001122102658651086
2021-02-28,JP1023,0.0013549493602587198
2021-02-28,JP1024,0.0012165200997450902
2021-02-28,JP1025,0.0025846591197355535
2021-02-28,JP1026,0.007793446929779888
2021-02-28,JP1027,0.008572916727191952
2021-02-28,JP1028,0.006906256440686156
2021-02-28,JP1029,0.0012372178499343853
2021-02-28,JP1030,0.000585501694919114
2021-02-28,JP1031,0.005172698317344701
2021-02-28,JP1032,0.0027756567856217535
2021-02-28,JP1033,0.007976007308901249
2021-02-28,JP1034,0.01124726617073399
2021-02-28,JP1035,0.006570736011334646
2021-02-28,JP1036,0.011183411674148396
2021-02-28,JP1037,0.006102779526739511
2021-02-28,JP1038,0.008745798515836149
2021-02-28,JP1039,0.0023934313102045484
2021-02-28,JP1040,0.0034307488354099825
2021-02-28,JP1041,0.0057804899822325615
2021-02-28,JP1042,0.012360242603601215
2021-02-28,JP1043,0.003394342057703487
2021-02-28,JP1044,0.008442087328808221
2021-02-28,JP1045,0.004427175672597507
2021-02-28,JP1046,0.0041744280317174256
2021-02-28,JP1047,0.010867916776969778
2021-02-28,JP1048,0.0007282949900877609
2021-02-28,JP1049,0.0013168737901252331
2021-02-28,JP1050,0.0010931341166576709
2021-02-28,JP1051,0.0005852154307721813
2021-02-28,JP1052,0.0023571391017445644
2021-02-28,JP1053,0.01016653337826247
2021-02-28,JP1054,0.004063003185501912
2021-02-28,JP1055,0.006270254794394358
2021-02-28,JP1056,0.013393751373821315
2021-02-28,JP1057,0.0233128600507281
2021-02-28,JP1058,0.004456450647779684
2021-02-28,JP1059,0.01952997145528069
2021-02-28,JP1060,0.005922308151803808
2021-02-28,JP1061,0.0027780671553744715
2021-02-28,JP1062,0.002738863007071761
2021-02-28,JP1063,0.0010729798156819297
2021-02-28,JP1064,0.002235702580649768
2021-02-28,JP1065,0.004453608449511284
2021-02-28,JP1066,0.011705958731152993
2021-02-28,JP1067,0.028082318774794234
2021-02-28,JP1068,0.0013496774776411739
2021-02-28,JP1069,0.006222722825176242
2021-02-28,JP1070,0.0017175027971429652
2021-02-28,JP1071,0.006924621272842529
2021-02-28,JP1072,0.004374664984505532
2021-02-28,JP1073,0.0007871888661263996
2021-02-28,JP1074,0.010048879921085446
2021-02-28,JP1075,0.002874392564972722
2021-02-28,JP1076,0.0032246604929337614
2021-02-28,JP1077,0.0017398936852489357
2021-02-28,JP1078,0.002306644412748421
2021-02-28,JP1079,0.009000956762852284
2021-02-28,JP1080,0.0051726681969789445
2021-02-28,JP1081,0.007475255497639801
2021-02-28,JP1082,0.007166550575043359
2021-02-28,JP1083,0.01871770245969083
2021-02-28,JP1084,0.0038322994383685784
2021-02-28,JP1085,0.0011913170906111383
2021-02-28,JP1086,0.015700501104671805
2021-02-28,JP1087,0.0038822838162410407
2021-02-28,JP1088,0.014639033194997654
2021-02-28,JP1089,0.006986697323621634
2021-02-28,JP1090,0.004409410562312082
2021-02-28,JP1091,0.007678665064852353
2021-02-28,JP1092,0.03112430938514186
2021-02-28,JP1093,0.04032742373707749
2021-02-28,JP1094,0.005521775275268576
2021-02-28,JP1095,0.005780157948116648
2021-02-28,JP1096,0.017451565321682797
2021-02-28,JP1097,0.0025104435489302903
2021-02-28,JP1098,0.007519830689396527
2021-02-28,JP1099,0.006014027680048801
2021-02-28,JP1100,0.007726534575437363
2021-02-28,JP1101,0.0022772298766037
2021-02-28,JP1102,0.0010056726874261874
2021-02-28,JP1103,0.0006252578660458684
2021-02-28,JP1104,0.0017569591061133644
2021-02-28,JP1105,0.0031489301321914057
2021-02-28,JP1106,0.0033135859299226697
2021-02-28,JP1107,0.03453867742283124
2021-02-28,JP1108,0.01731669431604131
2021-02-28,JP1109,0.0015271742617280941
2021-02-28,JP1110,0.008422703970296415
2021-02-28,JP1111,0.0036445931772988347
2021-02-28,JP1112,0.0038004203050512387
2021-02-28,JP1113,0.006404548202104347
2021-02-28,JP1114,0.010571893443787957
2021-02-28,JP1115,0.00369506704720323
2021-02-28,JP1116,0.01647153266969071
2021-02-28,JP1117,0.00179689726114596
2021-02-28,JP1118,0.005295049905559429
2021-02-28,JP1119,0.06214807162545769
2021-03-31,JP1000,0.003906755824385032
2021-03-31,JP1001,0.007732374399153387
2021-03-31,JP1002,0.01528969941091821
2021-03-31,JP1003,0.0015447575052251745
2021-03-31,JP1004,0.004425522340324897
2021-03-31,JP1005,0.024019221107476736
2021-03-31,JP1006,0.002353843630877015
2021-03-31,JP1007,0.0023818488702228697
2021-03-31,JP1008,0.006880334899328952
2021-03-31,JP1009,0.01221117641992342
2021-03-31,JP1010,0.004856823999235121
2021-03-31,JP1011,0.02173650086078304
2021-03-31,JP1012,0.011571836908031539
2021-03-31,JP1013,0.01139988488116539
2021-03-31,JP1014,0.009245451482040116
2021-03-31,JP1015,0.05020084313641481
2021-03-31,JP1016,0.004018800528398533
2021-03-31,JP1017,0.0006554917106939354
2021-03-31,JP1018,0.024648462752590035
2021-03-31,JP1019,0.00325607834285428
2021-03-31,JP1020,0.004614194593351724
2021-03-31,JP1021,0.018509515923156823
2021-03-31,JP1022,0.0008519485789311769
2021-03-31,JP1023,0.0013857194103186782
2021-03-31,JP1024,0.0010523856123339813
2021-03-31,JP1025,0.002207020043149609
2021-03-31,JP1026,0.008401902730617814
2021-03-31,JP1027,0.008824010741064973
2021-03-31,JP1028,0.0053612286994433826
2021-03-31,JP1029,0.001384798987745582
2021-03-31,JP1030,0.000513447227335973
2021-03-31,JP1031,0.005032703844152337
2021-03-31,JP1032,0.0030034764750865328
2021-03-31,JP1033,0.006484706321662083
2021-03-31,JP1034,0.010404720787401595
2021-03-31,JP1035,0.006183523288436728
2021-03-31,JP1036,0.010081060828000487
2021-03-31,JP1037,0.005796428871227454
2021-03-31,JP1038,0.008694093517329795
2021-03-31,JP1039,0.002810379736427201
2021-03-31,JP1040,0.004702041728452785
2021-03-31,JP1041,0.006673837170554704
2021-03-31,JP1042,0.014028179439012196
2021-03-31,JP1043,0.00373302809346894
2021-03-31,JP1044,0.009538728769494359
2021-03-31,JP1045,0.0039016355191702754
2021-03-31,JP1046,0.004333240655175113
2021-03-31,JP1047,0.012955404863499168
2021-03-31,JP1048,0.0006233555870770081
2021-03-31,JP1049,0.001439697239497826
2021-03-31,JP1050,0.0010784757660240963
2021-03-31,JP1051,0.0005060273914187529
2021-03-31,JP1052,0.002630179557267149
2021-03-31,JP1053,0.01085100981825837
2021-03-31,JP1054,0.0037881225993437904
2021-03-31,JP1055,0.0064855059260254
2021-03-31,JP1056,0.016071123184104426
2021-03-31,JP1057,0.016548946307601915
2021-03-31,JP1058,0.004687276844091011
2021-03-31,JP1059,0.018733323196426795
2021-03-31,JP1060,0.005641025981161108
2021-03-31,JP1061,0.002094920885407301
2021-03-31,JP1062,0.0031633625811251353
2021-03-31,JP1063,0.0011401541440307407
2021-03-31,JP1064,0.00229113478209748
2021-03-31,JP1065,0.0032068618161189446
2021-03-31,JP1066,0.010957652946532552
2021-03-31,JP1067,0.026518059392817542
2021-03-31,JP1068,0.001317469679091321
2021-03-31,JP1069,0.006638300261326593
2021-03-31,JP1070,0.0015024533271074739
2021-03-31,JP1071,0.007619137936826956
2021-03-31,JP1072,0.004681179844914591
2021-03-31,JP1073,0.0007457580903682539
2021-03-31,JP1074,0.013110076118977807
2021-03-31,JP1075,0.0025825926551661486
2021-03-31,JP1076,0.002482689576761254
2021-03-31,JP1077,0.001885077068370065
2021-03-31,JP1078,0.0027987687775697075
2021-03-31,JP1079,0.00770935113176247
2021-03-31,JP1080,0.004193649160159636
2021-03-31,JP1081,0.006864996026002992
2021-03-31,JP1082,0.006535119657161107
2021-03-31,JP1083,0.021537350403330872
2021-03-31,JP1084,0.0035455000266054076
2021-03-31,JP1085,0.0011946254742148962
2021-03-31,JP1086,0.013955401238330901
2021-03-31,JP1087,0.003786059006602792
2021-03-31,JP1088,0.017246942609109014
2021-03-31,JP1089,0.007527522194912635
2021-03-31,JP1090,0.004588005191303486
2021-03-31,JP1091,0.007807638889876724
2021-03-31,JP1092,0.03810225957325109
2021-03-31,JP1093,0.044697664380867884
2021-03-31,JP1094,0.005584497202979276
2021-03-31,JP1095,0.006115028914520249
2021-03-31,JP1096,0.015160652542872917
2021-03-31,JP1097,0.0023616031504527565
2021-03-31,JP1098,0.006742439509449817
2021-03-31,JP1099,0.005184734459056883
2021-03-31,JP1100,0.008690046589390375
2021-03-31,JP1101,0.0022728918601077693
2021-03-31,JP1102,0.0009132398134483796
2021-03-31,JP1103,0.0006166383225534784
2021-03-31,JP1104,0.0017563212325499907
2021-03-31,JP1105,0.0029825892746615677
2021-03-31,JP1106,0.0034128410120304116
2021-03-31,JP1107,0.0305031802278168
2021-03-31,JP1108,0.014934756577957637
2021-03-31,JP1109,0.002265071267102405
2021-03-31,JP1110,0.006774162528141955
2021-03-31,JP1111,0.0036657441936418277
2021-03-31,JP1112,0.0036923301906503416
2021-03-31,JP1113,0.005842301387726114
2021-03-31,JP1114,0.009868943159477143
2021-03-31,JP1115,0.003082983623553782
2021-03-31,JP1116,0.01727593895448808
2021-03-31,JP1117,0.0016994758787979365
2021-03-31,JP1118,0.005640693335492082
2021-03-31,JP1119,0.06605001907863672
2021-04-30,JP1000,0.00427717790273006
2021-04-30,JP1001,0.007703204924790321
2021-04-30,JP1002,0.013932896823406609
2021-04-30,JP1003,0.002017368201864855
2021-04-30,JP1004,0.0054339501606730485
2021-04-30,JP1005,0.021526429074628487
2021-04-30,JP1006,0.0024187132901600204
2021-04-30,JP1007,0.0024282322440962916
2021-04-30,JP1008,0.0064262898945194324
2021-04-30,JP1009,0.010770472332666384
2021-04-30,JP1010,0.004280712522325793
2021-04-30,JP1011,0.01804440739157251
2021-04-30,JP1012,0.01234419389058835
2021-04-30,JP1013,0.011313756926950202
2021-04-30,JP1014,0.007942661576575994
2021-04-30,JP1015,0.049069257321014324
2021-04-30,JP1016,0.004960592531122151
2021-04-30,JP1017,0.0006109343291134731
2021-04-30,JP1018,0.024444104485905144
2021-04-30,JP1019,0.0030474326869510196
2021-04-30,JP1020,0.006869649583336054
2021-04-30,JP1021,0.016214680675550687
2021-04-30,JP1022,0.0009444327167309615
2021-04-30,JP1023,0.0014600159792422136
2021-04-30,JP1024,0.0010400338239639744
2021-04-30,JP1025,0.0025644946160577557
2021-04-30,JP1026,0.008716380165528038
2021-04-30,JP1027,0.00798475576697346
2021-04-30,JP1028,0.006898953751775404
2021-04-30,JP1029,0.001213701085757757
2021-04-30,JP1030,0.0004808866831314634
2021-04-30,JP1031,0.005928218067225554
2021-04-30,JP1032,0.0032459934129741024
2021-04-30,JP1033,0.009417743438567841
2021-04-30,JP1034,0.010732878967798856
2021-04-30,JP1035,0.006389944881273121
2021-04-30,JP1036,0.00826872784748608
2021-04-30,JP1037,0.006436770884045393
2021-04-30,JP1038,0.009000028216888256
2021-04-30,JP1039,0.002642494425881371
2021-04-30,JP1040,0.00494817682398631
2021-04-30,JP1041,0.0065714957547780796
2021-04-30,JP1042,0.010211007410117654
2021-04-30,JP1043,0.003612355765500055
2021-04-30,JP1044,0.009292066677694536
2021-04-30,JP1045,0.0036599976320168424
2021-04-30,JP1046,0.004330284103481574
2021-04-30,JP1047,0.01258643918741852
2021-04-30,JP1048,0.0006919416878092787
2021-04-30,JP1049,0.001548842904599244
2021-04-30,JP1050,0.001174735138610905
2021-04-30,JP1051,0.00039568427413282255
2021-04-30,JP1052,0.0025917743150132393
2021-04-30,JP1053,0.010324282377682336
2021-04-30,JP1054,0.00406168856298004
2021-04-30,JP1055,0.006456290376833871
2021-04-30,JP1056,0.013734770484627618
2021-04-30,JP1057,0.01954077956625323
2021-04-30,JP1058,0.005000085172642919
2021-04-30,JP1059,0.020552718489460668
2021-04-30,JP1060,0.006140091523015108
2021-04-30,JP1061,0.001984521659295532
2021-04-30,JP1062,0.002759376770390737
2021-04-30,JP1063,0.0009246727711222638
2021-04-30,JP1064,0.0023511085178299163
2021-04-30,JP1065,0.0035937994039031917
2021-04-30,JP1066,0.011245571220967804
2021-04-30,JP1067,0.02809331987886094
2021-04-30,JP1068,0.0013409933551462533
2021-04-30,JP1069,0.008368399190742592
2021-04-30,JP1070,0.0017470093987726565
2021-04-30,JP1071,0.008526808482340447
2021-04-30,JP1072,0.004647210485024993
2021-04-30,JP1073,0.0006549573990298842
2021-04-30,JP1074,0.01200188626155548
2021-04-30,JP1075,0.0029040798403198523
2021-04-30,JP1076,0.0033772188129437383
2021-04-30,JP1077,0.0020011510537506303
2021-04-30,JP1078,0.002341560212659957
2021-04-30,JP1079,0.008631338093896022
2021-04-30,JP1080,0.004672241359347416
2021-04-30,JP1081,0.007370627606516502
2021-04-30,JP1082,0.005974530298413167
2021-04-30,JP1083,0.018074757653664106
2021-04-30,JP1084,0.003653234056466617
2021-04-30,JP1085,0.0011355500662947346
2021-04-30,JP1086,0.011916575434342477
2021-04-30,JP1087,0.003560678255414988
2021-04-30,JP1088,0.014141213320885731
2021-04-30,JP1089,0.007925043398254748
2021-04-30,JP1090,0.004685267883461429
2021-04-30,JP1091,0.007603826430847774
2021-04-30,JP1092,0.034523586547716555
2021-04-30,JP1093,0.04071418134549987
2021-04-30,JP1094,0.005411670366056806
2021-04-30,JP1095,0.006547749302108613
2021-04-30,JP1096,0.014160764055609999
2021-04-30,JP1097,0.0020262509548914964
2021-04-30,JP1098,0.007820834397331574
2021-04-30,JP1099,0.005385936325263636
2021-04-30,JP1100,0.007301422860620693
2021-04-30,JP1101,0.00259123253051329
2021-04-30,JP1102,0.0012799756251042197
2021-04-30,JP1103,0.0007244441120056517
2021-04-30,JP1104,0.0015456573639261364
2021-04-30,JP1105,0.0034973378196136618
2021-04-30,JP1106,0.0038397199329068305
2021-04-30,JP1107,0.03340042377595804
2021-04-30,JP1108,0.014288406311130711
2021-04-30,JP1109,0.00199851391585928
2021-04-30,JP1110,0.007822157355538845
2021-04-30,JP1111,0.0038900486985735043
2021-04-30,JP1112,0.0040984761430090545
2021-04-30,JP1113,0.006490155102931824
2021-04-30,JP1114,0.009264149342356167
2021-04-30,JP1115,0.0037060316080523444
2021-04-30,JP1116,0.01270416569949535
2021-04-30,JP1117,0.0017197080000613237
2021-04-30,JP1118,0.005349902774711592
2021-04-30,JP1119,0.08281948743019275
2021-05-31,JP1000,0.004410725206163323
2021-05-31,JP1001,0.007786198532552918
2021-05-31,JP1002,0.013710862427830128
2021-05-31,JP1003,0.0018642298422041877
2021-05-31,JP1004,0.00417239121395724
2021-05-31,JP1005,0.026949000224255552
2021-05-31,JP1006,0.0020845612915995934
2021-05-31,JP1007,0.002292823224761809
2021-05-31,JP1008,0.006309678528846475
2021-05-31,JP1009,0.0120730686830613
2021-05-31,JP1010,0.004889879713320385
2021-05-31,JP1011,0.017081434110147183
2021-05-31,JP1012,0.012691933647155079
2021-05-31,JP1013,0.011958817529313366
2021-05-31,JP1014,0.009513417227289243
2021-05-31,JP1015,0.04573177049175687
2021-05-31,JP1016,0.005086721755154695
2021-05-31,JP1017,0.0007037234191159976
2021-05-31,JP1018,0.019302324737739997
2021-05-31,JP1019,0.0033916484993445108
2021-05-31,JP1020,0.005589143531001072
2021-05-31,JP1021,0.017398198626261747
2021-05-31,JP1022,0.001198511720892545
2021-05-31,JP1023,0.0016511332418612723
2021-05-31,JP1024,0.001097501847950469
2021-05-31,JP1025,0.0023957653074841807
2021-05-31,JP1026,0.008587086232242367
2021-05-31,JP1027,0.007587737692267311
2021-05-31,JP1028,0.007068018783501933
2021-05-31,JP1029,0.0014493728989582876
2021-05-31,JP1030,0.0005792857185872843
2021-05-31,JP1031,0.004999971282797526
2021-05-31,JP1032,0.0033431638303490353
2021-05-31,JP1033,0.00744277721880201
2021-05-31,JP1034,0.0107811198872917
2021-05-31,JP1035,0.005602202484614871
2021-05-31,JP1036,0.010311604413306395
2021-05-31,JP1037,0.006856247220033107
2021-05-31,JP1038,0.00831139035743587
2021-05-31,JP1039,0.002401265606821807
2021-05-31,JP1040,0.004552560851201504
2021-05-31,JP1041,0.005522131715123905
2021-05-31,JP1042,0.011570571716123374
2021-05-31,JP1043,0.0030425396536127333
2021-05-31,JP1044,0.0077353651305038205
2021-05-31,JP1045,0.004532933937448322
2021-05-31,JP1046,0.004485994664289229
2021-05-31,JP1047,0.011222633937191211
2021-05-31,JP1048,0.000780493882294074
2021-05-31,JP1049,0.001690906216872184
2021-05-31,JP1050,0.0012252137377942415
2021-05-31,JP1051,0.0005647306074169821
2021-05-31,JP1052,0.002526186447979638
2021-05-31,JP1053,0.011189878276237112
2021-05-31,JP1054,0.003958979387688825
2021-05-31,JP1055,0.006621436978249928
2021-05-31,JP1056,0.01721564555490348
2021-05-31,JP1057,0.017130681043521025
2021-05-31,JP1058,0.0044906047699195826
2021-05-31,JP1059,0.019398500524781495
2021-05-31,JP1060,0.005234380112509042
2021-05-31,JP1061,0.0023296540103500845
2021-05-31,JP1062,0.0029667668499033933
2021-05-31,JP1063,0.001203774322969995
2021-05-31,JP1064,0.002078682993035144
2021-05-31,JP1065,0.0042076217729832225
2021-05-31,JP1066,0.01200573574313244
2021-05-31,JP1067,0.0289591514707389
2021-05-31,JP1068,0.0013292441053302777
2021-05-31,JP1069,0.008393001978332868
2021-05-31,JP1070,0.0018983541541904023
2021-05-31,JP1071,0.007755599940594841
2021-05-31,JP1072,0.0055032292715902625
2021-05-31,JP1073,0.0008828752752502063
2021-05-31,JP1074,0.011860733785164848
2021-05-31,JP1075,0.002395397658048823
2021-05-31,JP1076,0.003303949579812824
2021-05-31,JP1077,0.002053698115713062
2021-05-31,JP1078,0.002860664550198263
2021-05-31,JP1079,0.008578820207816461
2021-05-31,JP1080,0.0046398410024013695
2021-05-31,JP1081,0.007310233948325104
2021-05-31,JP1082,0.006384745172915214
2021-05-31,JP1083,0.018373534535156725
2021-05-31,JP1084,0.0040422778018052875
2021-05-31,JP1085,0.0012736475453242345
2021-05-31,JP1086,0.014996200066588576
2021-05-31,JP1087,0.003574533337176514
2021-05-31,JP1088,0.016315509922270422
2021-05-31,JP1089,0.0074573619431683195
2021-05-31,JP1090,0.004577016874291129
2021-05-31,JP1091,0.007554451601544826
2021-05-31,JP1092,0.034241194480351164
2021-05-31,JP1093,0.04547322061803926
2021-05-31,JP1094,0.005545844664915886
2021-05-31,JP1095,0.006482370753834107
2021-05-31,JP1096,0.015529253002371764
2021-05-31,JP1097,0.0026345259756869518
2021-05-31,JP1098,0.007748497094135935
2021-05-31,JP1099,0.005338978179967575
2021-05-31,JP1100,0.007472085522980986
2021-05-31,JP1101,0.002815575739465003
2021-05-31,JP1102,0.0010683943212555268
2021-05-31,JP1103,0.0006727005374413119
2021-05-31,JP1104,0.0017388667775472511
2021-05-31,JP1105,0.002731534119588671
2021-05-31,JP1106,0.00396001327879823
2021-05-31,JP1107,0.0404067231302189
2021-05-31,JP1108,0.016736787592360677
2021-05-31,JP1109,0.002337666471588853
2021-05-31,JP1110,0.008055880037042683
2021-05-31,JP1111,0.0036812899622943726
2021-05-31,JP1112,0.0043260637441130765
2021-05-31,JP1113,0.0065662256003759965
2021-05-31,JP1114,0.009499564160792276
2021-05-31,JP1115,0.0036988666142408573
2021-05-31,JP1116,0.012009348293249239
2021-05-31,JP1117,0.0019693547165671984
2021-05-31,JP1118,0.005189559774679597
2021-05-31,JP1119,0.06365422794628034
2021-06-30,JP1000,0.003858771683637852
2021-06-30,JP1001,0.007759865047206721
2021-06-30,JP1002,0.014777063415423803
2021-06-30,JP1003,0.0018346723148996524
2021-06-30,JP1004,0.004826688033767707
2021-06-30,JP1005,0.023080541290608735
2021-06-30,JP1006,0.0026559702644663153
2021-06-30,JP1007,0.002245989847876506
2021-06-30,JP1008,0.006798305464096515
2021-06-30,JP1009,0.010590788730460907
2021-06-30,JP1010,0.004553460749590659
2021-06-30,JP1011,0.019723461711597133
2021-06-30,JP1012,0.013058340462365965
2021-06-30,JP1013,0.011685281721995384
2021-06-30,JP1014,0.009603373125551314
2021-06-30,JP1015,0.05475275106472527
2021-06-30,JP1016,0.0034354256923391116
2021-06-30,JP1017,0.0008807354409916428
2021-06-30,JP1018,0.022704735455022697
2021-06-30,JP1019,0.002980270832912651
2021-06-30,JP1020,0.006469016256059894
2021-06-30,JP1021,0.019215401814048228
2021-06-30,JP1022,0.0009657469103080819
2021-06-30,JP1023,0.0014128077686450318
2021-06-30,JP1024,0.0009558675960716875
2021-06-30,JP1025,0.002159811106197883
2021-06-30,JP1026,0.00869504627548432
2021-06-30,JP1027,0.008319168957093902
2021-06-30,JP1028,0.006132589557867866
2021-06-30,JP1029,0.0011681483718722055
2021-06-30,JP1030,0.0005058823677778574
2021-06-30,JP1031,0.005071475394857
2021-06-30,JP1032,0.0031318127521733
2021-06-30,JP1033,0.008485717816600805
2021-06-30,JP1034,0.009954837065849508
2021-06-30,JP1035,0.005454582181479093
2021-06-30,JP1036,0.0103257315682441
2021-06-30,JP1037,0.00748283540512221
2021-06-30,JP1038,0.010932563736765597
2021-06-30,JP1039,0.0025705627771085296
2021-06-30,JP1040,0.004650919939286095
2021-06-30,JP1041,0.005737209452359416
2021-06-30,JP1042,0.011086178736963274
2021-06-30,JP1043,0.003652605053132861
2021-06-30,JP1044,0.006882558549304379
2021-06-30,JP1045,0.00428709911632507
2021-06-30,JP1046,0.004350048564013545
2021-06-30,JP1047,0.010653816507659312
2021-06-30,JP1048,0.0007334056734821759
2021-06-30,JP1049,0.0016355157320198429
2021-06-30,JP1050,0.001139625675260619
2021-06-30,JP1051,0.0005167400067163015
2021-06-30,JP1052,0.0027491466153785264
2021-06-30,JP1053,0.011219137879154371
2021-06-30,JP1054,0.0035241287717080777
2021-06-30,JP1055,0.006451605063532423
2021-06-30,JP1056,0.015671138948848
2021-06-30,JP1057,0.014863420768339403
2021-06-30,JP1058,0.005263552390111097
2021-06-30,JP1059,0.017243012373392486
2021-06-30,JP1060,0.005749643663268832
2021-06-30,JP1061,0.0026079500253434118
2021-06-30,JP1062,0.0027882229405940435
2021-06-30,JP1063,0.0010608166252342964
2021-06-30,JP1064,0.002252335917687518
2021-06-30,JP1065,0.004163515420981257
2021-06-30,JP1066,0.010349221110618284
2021-06-30,JP1067,0.022851003834387654
2021-06-30,JP1068,0.0014626831937354491
2021-06-30,JP1069,0.008351428630708814
2021-06-30,JP1070,0.0019005276629038322
2021-06-30,JP1071,0.006951113184448669
2021-06-30,JP1072,0.004820452299384251
2021-06-30,JP1073,0.0009200166374477536
2021-06-30,JP1074,0.016250496170468216
2021-06-30,JP1075,0.0027484609956327038
2021-06-30,JP1076,0.0030838893585879994
2021-06-30,JP1077,0.0014321368627692112
2021-06-30,JP1078,0.0029645906668417247
2021-06-30,JP1079,0.008727663588572042
2021-06-30,JP1080,0.004460795719365708
2021-06-30,JP1081,0.008097954095655146
2021-06-30,JP1082,0.006875270732089045
2021-06-30,JP1083,0.018973334976887236
2021-06-30,JP1084,0.0036092231334461486
2021-06-30,JP1085,0.0013194961687521079
2021-06-30,JP1086,0.01683692379419574
2021-06-30,JP1087,0.003836149405063624
2021-06-30,JP1088,0.016204833125527583
2021-06-30,JP1089,0.008025760986003645
2021-06-30,JP1090,0.004390307614277255
2021-06-30,JP1091,0.00840756758846272
2021-06-30,JP1092,0.03481352468302561
2021-06-30,JP1093,0.04312583831566679
2021-06-30,JP1094,0.005227537335243613
2021-06-30,JP1095,0.006679614891991268
2021-06-30,JP1096,0.015036298772155952
2021-06-30,JP1097,0.00273240512758579
2021-06-30,JP1098,0.007132142072518163
2021-06-30,JP1099,0.005540366677832008
2021-06-30,JP1100,0.0066528515542881505
2021-06-30,JP1101,0.0021816775755938525
2021-06-30,JP1102,0.0010517069285321263
2021-06-30,JP1103,0.0006745842653608414
2021-06-30,JP1104,0.001571691146915465
2021-06-30,JP1105,0.003090805538417685
2021-06-30,JP1106,0.0038958944418785737
2021-06-30,JP1107,0.037385678714546844
2021-06-30,JP1108,0.015588757711816248
2021-06-30,JP1109,0.0019428454007361865
2021-06-30,JP1110,0.006418328745225374
2021-06-30,JP1111,0.0036224394090463487
2021-06-30,JP1112,0.004238075531324916
2021-06-30,JP1113,0.00685948199459144
2021-06-30,JP1114,0.009760769820741201
2021-06-30,JP1115,0.0034715282333369047
2021-06-30,JP1116,0.014524830458575796
2021-06-30,JP1117,0.001678126033456206
2021-06-30,JP1118,0.005199954781688827
2021-06-30,JP1119,0.06390149386241488
2021-07-31,JP1000,0.004704442886513306
2021-07-31,JP1001,0.009122749418155263
2021-07-31,JP1002,0.015706431355027535
2021-07-31,JP1003,0.0020415228622682772
2021-07-31,JP1004,0.004466978378441037
2021-07-31,JP1005,0.023930882133065996
2021-07-31,JP1006,0.002448168476974638
2021-07-31,JP1007,0.002132534097450232
2021-07-31,JP1008,0.006514567474526122
2021-07-31,JP1009,0.011131492437980523
2021-07-31,JP1010,0.00489924274046628
2021-07-31,JP1011,0.018852008379580672
2021-07-31,JP1012,0.011883064091504579
2021-07-31,JP1013,0.012073836393448226
2021-07-31,JP1014,0.00738651928706002
2021-07-31,JP1015,0.048744215430296244
2021-07-31,JP1016,0.004973352230458348
2021-07-31,JP1017,0.000703112156200517
2021-07-31,JP1018,0.02745536891870227
2021-07-31,JP1019,0.003442109458354097
2021-07-31,JP1020,0.00575012351573816
2021-07-31,JP1021,0.01769753987916564
2021-07-31,JP1022,0.000994933907679885
2021-07-31,JP1023,0.0018155019908639054
2021-07-31,JP1024,0.0009975663309670147
2021-07-31,JP1025,0.0028016240245631913
2021-07-31,JP1026,0.007770027786002638
2021-07-31,JP1027,0.008537241175441721
2021-07-31,JP1028,0.006931565993438516
2021-07-31,JP1029,0.0012483130183606947
2021-07-31,JP1030,0.0004715218147247529
2021-07-31,JP1031,0.005501939780916032
2021-07-31,JP1032,0.002809977964362708
2021-07-31,JP1033,0.008567667758215103
2021-07-31,JP1034,0.010768243458236834
2021-07-31,JP1035,0.006444660143389962
2021-07-31,JP1036,0.010618702345627272
2021-07-31,JP1037,0.007065398196749703
2021-07-31,JP1038,0.009256255464266745
2021-07-31,JP1039,0.002612341909013707
2021-07-31,JP1040,0.005313588049807537
2021-07-31,JP1041,0.006659379034842821
2021-07-31,JP1042,0.011317042750227008
2021-07-31,JP1043,0.004104382556540507
2021-07-31,JP1044,0.009247534891538095
2021-07-31,JP1045,0.004778911527300347
2021-07-31,JP1046,0.003854068640075492
2021-07-31,JP1047,0.011607218721520507
2021-07-31,JP1048,0.0006902488130910127
2021-07-31,JP1049,0.0011815847354140836
2021-07-31,JP1050,0.0012051118540371544
2021-07-31,JP1051,0.0004874242142453823
2021-07-31,JP1052,0.0021684501574814907
2021-07-31,JP1053,0.010226444500236407
2021-07-31,JP1054,0.004508312594665785
2021-07-31,JP1055,0.006964539969458185
2021-07-31,JP1056,0.014443052229542317
2021-07-31,JP1057,0.01827925564626967
2021-07-31,JP1058,0.005307468591939118
2021-07-31,JP1059,0.016596580254993474
2021-07-31,JP1060,0.006071790782451589
2021-07-31,JP1061,0.0018806071918141796
2021-07-31,JP1062,0.003393859351234761
2021-07-31,JP1063,0.0012680357646250035
2021-07-31,JP1064,0.00178537670702126
2021-07-31,JP1065,0.003511708963073277
2021-07-31,JP1066,0.012030952963348529
2021-07-31,JP1067,0.023908855343536848
2021-07-31,JP1068,0.0013042563558682669
2021-07-31,JP1069,0.00811047248063366
2021-07-31,JP1070,0.0014989614137654297
2021-07-31,JP1071,0.009038357767725984
2021-07-31,JP1072,0.0045204365292989285
2021-07-31,JP1073,0.0009166254703166824
2021-07-31,JP1074,0.01289728409099198
2021-07-31,JP1075,0.002563720647859957
2021-07-31,JP1076,0.0027258948763471285
2021-07-31,JP1077,0.0017353458678522498
2021-07-31,JP1078,0.0026618219494988784
2021-07-31,JP1079,0.008903680489638856
2021-07-31,JP1080,0.004199619896421423
2021-07-31,JP1081,0.006201543706704411
2021-07-31,JP1082,0.007158551337375946
2021-07-31,JP1083,0.016783741820205297
2021-07-31,JP1084,0.003835793059767357
2021-07-31,JP1085,0.0012627573105683703
2021-07-31,JP1086,0.016353139035941426
2021-07-31,JP1087,0.003634345360498619
2021-07-31,JP1088,0.014831869781739969
2021-07-31,JP1089,0.00727520823076052
2021-07-31,JP1090,0.004535329981286475
2021-07-31,JP1091,0.007028877152231627
2021-07-31,JP1092,0.04312669100868816
2021-07-31,JP1093,0.04014683152683631
2021-07-31,JP1094,0.00553625721744611
2021-07-31,JP1095,0.005681525228669123
2021-07-31,JP1096,0.014232489726719033
2021-07-31,JP1097,0.001972305911321656
2021-07-31,JP1098,0.006569168898425981
2021-07-31,JP1099,0.0061320069603930044
2021-07-31,JP1100,0.007541813219768482
2021-07-31,JP1101,0.002192212680221148
2021-07-31,JP1102,0.000996949382066973
2021-07-31,JP1103,0.0007428325740340059
2021-07-31,JP1104,0.001570222098004808
2021-07-31,JP1105,0.0027820054608360843
2021-07-31,JP1106,0.0040816306016823265
2021-07-31,JP1107,0.03300721425525662
2021-07-31,JP1108,0.013871187703597928
2021-07-31,JP1109,0.00178753187764588
2021-07-31,JP1110,0.00770121456397914
2021-07-31,JP1111,0.0034372309252645146
2021-07-31,JP1112,0.003558568645268306
2021-07-31,JP1113,0.006582718612289922
2021-07-31,JP1114,0.008922591688431143
2021-07-31,JP1115,0.0031561268537825286
2021-07-31,JP1116,0.013266405021584951
2021-07-31,JP1117,0.0016693430817427029
2021-07-31,JP1118,0.004855686581038618
2021-07-31,JP1119,0.0708360712171749
2021-08-31,JP1000,0.003945906788681831
2021-08-31,JP1001,0.007212518090921541
2021-08-31,JP1002,0.014351242694520842
2021-08-31,JP1003,0.0019117835543030807
2021-08-31,JP1004,0.004463924068514027
2021-08-31,JP1005,0.019831823515321388
2021-08-31,JP1006,0.0023754883634571713
2021-08-31,JP1007,0.002231705684983312
2021-08-31,JP1008,0.007560249171178255
2021-08-31,JP1009,0.01276761526482212
2021-08-31,JP1010,0.004448745418477975
2021-08-31,JP1011,0.01899734423205429
2021-08-31,JP1012,0.013108821794223053
2021-08-31,JP1013,0.012070475147354032
2021-08-31,JP1014,0.0076797003007787225
2021-08-31,JP1015,0.05776225217181664
2021-08-31,JP1016,0.004384285207939815
2021-08-31,JP1017,0.0006890924716727294
2021-08-31,JP1018,0.02381844922044618
2021-08-31,JP1019,0.0036345161752090968
2021-08-31,JP1020,0.004822648834698891
2021-08-31,JP1021,0.01646052966844068
2021-08-31,JP1022,0.0009715137017483769
2021-08-31,JP1023,0.0015302314380318488
2021-08-31,JP1024,0.0009131598318415956
2021-08-31,JP1025,0.002221612785086546
2021-08-31,JP1026,0.0077861209801486225
2021-08-31,JP1027,0.009073408823145127
2021-08-31,JP1028,0.006655448314376276
2021-08-31,JP1029,0.0012296996971910324
2021-08-31,JP1030,0.0004800610298026062
2021-08-31,JP1031,0.006111051231082808
2021-08-31,JP1032,0.003459213828211865
2021-08-31,JP1033,0.008746098037156126
2021-08-31,JP1034,0.009689025461569497
2021-08-31,JP1035,0.00566226597882209
2021-08-31,JP1036,0.011641968973190139
2021-08-31,JP1037,0.006155239780853247
2021-08-31,JP1038,0.00803860689181609
2021-08-31,JP1039,0.002640688767195442
2021-08-31,JP1040,0.0038054829051066734
2021-08-31,JP1041,0.006188400392930543
2021-08-31,JP1042,0.012891885896224654
2021-08-31,JP1043,0.003552420234666797
2021-08-31,JP1044,0.007871891258108225
2021-08-31,JP1045,0.0041714656594159655
2021-08-31,JP1046,0.0043457589136300144
2021-08-31,JP1047,0.012947796460005908
2021-08-31,JP1048,0.0007443056715151798
2021-08-31,JP1049,0.0013711590374425944
2021-08-31,JP1050,0.0010938109876201085
2021-08-31,JP1051,0.00046222558889742114
2021-08-31,JP1052,0.0034128397023645896
2021-08-31,JP1053,0.008733258952056136
2021-08-31,JP1054,0.003273732556657609
2021-08-31,JP1055,0.007063075517444914
2021-08-31,JP1056,0.016856263501062365
2021-08-31,JP1057,0.020298820306257282
2021-08-31,JP1058,0.0039689924777605405
2021-08-31,JP1059,0.021206558977493867
2021-08-31,JP1060,0.005160343054899978
2021-08-31,JP1061,0.0022245660291537813
2021-08-31,JP1062,0.002983596823247798
2021-08-31,JP1063,0.001242300189964351
2021-08-31,JP1064,0.002000985187667714
2021-08-31,JP1065,0.004126042233676193
2021-08-31,JP1066,0.01257508529087081
2021-08-31,JP1067,0.026353394999051583
2021-08-31,JP1068,0.0012419516305763752
2021-08-31,JP1069,0.007126381073305417
2021-08-31,JP1070,0.0018221834697354122
2021-08-31,JP1071,0.008885823500129215
2021-08-31,JP1072,0.0037836369676053734
2021-08-31,JP1073,0.0006821670809158313
2021-08-31,JP1074,0.012084611301943016
2021-08-31,JP1075,0.0032449867201530713
2021-08-31,JP1076,0.0031164611035731406
2021-08-31,JP1077,0.0020850803406933668
2021-08-31,JP1078,0.0026564325858428593
2021-08-31,JP1079,0.0073194056354218455
2021-08-31,JP1080,0.00363262170482854
2021-08-31,JP1081,0.006636521857057346
2021-08-31,JP1082,0.007005866846262851
2021-08-31,JP1083,0.015256167641795512
2021-08-31,JP1084,0.003387012028166233
2021-08-31,JP1085,0.0010887153086797674
2021-08-31,JP1086,0.015123346501688048
2021-08-31,JP1087,0.003710399344375066
2021-08-31,JP1088,0.016337077658604586
2021-08-31,JP1089,0.00647500757324158
2021-08-31,JP1090,0.004064145145215316
2021-08-31,JP1091,0.008070472212333892
2021-08-31,JP1092,0.035585863935201516
2021-08-31,JP1093,0.04508350609417063
2021-08-31,JP1094,0.005485470108486255
2021-08-31,JP1095,0.006207450346771148
2021-08-31,JP1096,0.016053896470683095
2021-08-31,JP1097,0.0021075650185792758
2021-08-31,JP1098,0.006774740199993827
2021-08-31,JP1099,0.0047255398474840985
2021-08-31,JP1100,0.00704948594339337
2021-08-31,JP1101,0.0023890436166140857
2021-08-31,JP1102,0.0010167512874866968
2021-08-31,JP1103,0.000732982731699492
2021-08-31,JP1104,0.002022675215150388
2021-08-31,JP1105,0.003005122451857855
2021-08-31,JP1106,0.00436009847190054
2021-08-31,JP1107,0.035955570847195036
2021-08-31,JP1108,0.01629585936677438
2021-08-31,JP1109,0.001956894585686479
2021-08-31,JP1110,0.008301722389621485
2021-08-31,JP1111,0.00357691904202126
2021-08-31,JP1112,0.00377238886607716
2021-08-31,JP1113,0.005992018238532838
2021-08-31,JP1114,0.008549612330808816
2021-08-31,JP1115,0.003491819819919253
2021-08-31,JP1116,0.016991722165324772
2021-08-31,JP1117,0.0018463377405957759
2021-08-31,JP1118,0.0048996979600635215
2021-08-31,JP1119,0.06247177747948469
2021-09-30,JP1000,0.004517924461920928
2021-09-30,JP1001,0.00635916843357716
2021-09-30,JP1002,0.015152905668586155
2021-09-30,JP1003,0.0019399446026070926
2021-09-30,JP1004,0.0045318459192352735
2021-09-30,JP1005,0.02439037952068387
2021-09-30,JP1006,0.0026882239612705597
2021-09-30,JP1007,0.0022699442330295114
2021-09-30,JP1008,0.006164861334622039
2021-09-30,JP1009,0.01040783816372997
2021-09-30,JP1010,0.004987664556123014
2021-09-30,JP1011,0.017467636335838765
2021-09-30,JP1012,0.010882723156141872
2021-09-30,JP1013,0.011018504238353977
2021-09-30,JP1014,0.007308302486109748
2021-09-30,JP1015,0.057779636692228735
2021-09-30,JP1016,0.004253689769547472
2021-09-30,JP1017,0.0007738429797288607
2021-09-30,JP1018,0.027536109008364434
2021-09-30,JP1019,0.003398160244392339
2021-09-30,JP1020,0.006161690732290301
2021-09-30,JP1021,0.019214789023969434
2021-09-30,JP1022,0.0011726842125964919
2021-09-30,JP1023,0.00138877977104975
2021-09-30,JP1024,0.001028145498869707
2021-09-30,JP1025,0.0022456455893489482
2021-09-30,JP1026,0.009702563720219637
2021-09-30,JP1027,0.008101521811982587
2021-09-30,JP1028,0.00766065455172902
2021-09-30,JP1029,0.0010853987734994602
2021-09-30,JP1030,0.000512206414144089
2021-09-30,JP1031,0.005297540126066829
2021-09-30,JP1032,0.002878256442444358
2021-09-30,JP1033,0.007568450997636076
2021-09-30,JP1034,0.010840711611795594
2021-09-30,JP1035,0.005672575776531876
2021-09-30,JP1036,0.009921096539663323
2021-09-30,JP1037,0.007028949098723189
2021-09-30,JP1038,0.008662421360614497
2021-09-30,JP1039,0.0026103816094373237
2021-09-30,JP1040,0.0047624145980730915
2021-09-30,JP1041,0.007260187983224689
2021-09-30,JP1042,0.009234712953470779
2021-09-30,JP1043,0.003409494053157382
2021-09-30,JP1044,0.00727558032274129
2021-09-30,JP1045,0.005143919180400484
2021-09-30,JP1046,0.004611629272354419
2021-09-30,JP1047,0.012908466835944135
2021-09-30,JP1048,0.0006539510974049822
2021-09-30,JP1049,0.0013485542598212965
2021-09-30,JP1050,0.0012953746523361404
2021-09-30,JP1051,0.0005214941143717749
2021-09-30,JP1052,0.0030665608397356784
2021-09-30,JP1053,0.009944737220639264
2021-09-30,JP1054,0.003759775308142155
2021-09-30,JP1055,0.0065545022221846164
2021-09-30,JP1056,0.01622956177144984
2021-09-30,JP1057,0.02009884224706593
2021-09-30,JP1058,0.0041770211610441515
2021-09-30,JP1059,0.017999973855213618
2021-09-30,JP1060,0.005796975609799596
2021-09-30,JP1061,0.001895186369108293
2021-09-30,JP1062,0.002580658737196697
2021-09-30,JP1063,0.0011667754796577895
2021-09-30,JP1064,0.0019450839939480582
2021-09-30,JP1065,0.0036545019741926303
2021-09-30,JP1066,0.01130983329276455
2021-09-30,JP1067,0.026390420539645913
2021-09-30,JP1068,0.0011881733099719039
2021-09-30,JP1069,0.008599162221834905
2021-09-30,JP1070,0.0018755778430115057
2021-09-30,JP1071,0.00841888940515616
2021-09-30,JP1072,0.004506170868698896
2021-09-30,JP1073,0.0007478146972648133
2021-09-30,JP1074,0.012217975693666991
2021-09-30,JP1075,0.002194546226043026
2021-09-30,JP1076,0.0028108792377632493
2021-09-30,JP1077,0.0016476158187351078
2021-09-30,JP1078,0.0028056213459658444
2021-09-30,JP1079,0.007378906138191654
2021-09-30,JP1080,0.004574025307424698
2021-09-30,JP1081,0.0069153056667745
2021-09-30,JP1082,0.007447093136601804
2021-09-30,JP1083,0.019079061773271178
2021-09-30,JP1084,0.003889345742111625
2021-09-30,JP1085,0.0013162822920123663
2021-09-30,JP1086,0.013457947106313744
2021-09-30,JP1087,0.0043732357869932835
2021-09-30,JP1088,0.014295771608115354
2021-09-30,JP1089,0.007359552471724172
2021-09-30,JP1090,0.0042504156561945375
2021-09-30,JP1091,0.008419914082352181
2021-09-30,JP1092,0.03232929851934972
2021-09-30,JP1093,0.04380653559650182
2021-09-30,JP1094,0.004391157711055928
2021-09-30,JP1095,0.006505337766419983
2021-09-30,JP1096,0.014704584780377103
2021-09-30,JP1097,0.0021126400877342177
2021-09-30,JP1098,0.006652202454976553
2021-09-30,JP1099,0.004945735547496902
2021-09-30,JP1100,0.006749445591633522
2021-09-30,JP1101,0.001912841091811223
2021-09-30,JP1102,0.0009636700526166828
2021-09-30,JP1103,0.0006962169867585685
2021-09-30,JP1104,0.001605439531274201
2021-09-30,JP1105,0.002984148829669447
2021-09-30,JP1106,0.0038286294556695117
2021-09-30,JP1107,0.03723091524256384
2021-09-30,JP1108,0.01647848835528371
2021-09-30,JP1109,0.0020192911187745296
2021-09-30,JP1110,0.00816333308696742
2021-09-30,JP1111,0.003417425023138871
2021-09-30,JP1112,0.0037549468801257595
2021-09-30,JP1113,0.006710804621389055
2021-09-30,JP1114,0.00884070794477049
2021-09-30,JP1115,0.003495136004000503
2021-09-30,JP1116,0.012623892797213564
2021-09-30,JP1117,0.0019552118077593287
2021-09-30,JP1118,0.006333968699848866
2021-09-30,JP1119,0.06743875160483169
2021-10-31,JP1000,0.00393922370119857
2021-10-31,JP1001,0.00871269959395031
2021-10-31,JP1002,0.012823653505062154
2021-10-31,JP1003,0.002084116698375044
2021-10-31,JP1004,0.003915996656371428
2021-10-31,JP1005,0.024216134906316408
2021-10-31,JP1006,0.0022445249008140582
2021-10-31,JP1007,0.0022752559780613475
2021-10-31,JP1008,0.0070651161373729175
2021-10-31,JP1009,0.013194384462485985
2021-10-31,JP1010,0.004827579843193519
2021-10-31,JP1011,0.018410719027312082
2021-10-31,JP1012,0.010430622205872807
2021-10-31,JP1013,0.010052795900903029
2021-10-31,JP1014,0.008297546219351526
2021-10-31,JP1015,0.04878435178433359
2021-10-31,JP1016,0.003630745347357382
2021-10-31,JP1017,0.0006846668231724463
2021-10-31,JP1018,0.025693620327982572
2021-10-31,JP1019,0.0032746187889567476
2021-10-31,JP1020,0.00532925776451892
2021-10-31,JP1021,0.018117405362264322
2021-10-31,JP1022,0.0010113524730192569
2021-10-31,JP1023,0.001608475537026077
2021-10-31,JP1024,0.0009765525597989871
2021-10-31,JP1025,0.0019802491401022565
2021-10-31,JP1026,0.007789287212193487
2021-10-31,JP1027,0.008379577348442553
2021-10-31,JP1028,0.005812418743110006
2021-10-31,JP1029,0.0012123184687480636
2021-10-31,JP1030,0.00047077963346007655
2021-10-31,JP1031,0.005429205685370764
2021-10-31,JP1032,0.0033717559392011324
2021-10-31,JP1033,0.007775348608269631
2021-10-31,JP1034,0.011004331679539929
2021-10-31,JP1035,0.00577108720403952
2021-10-31,JP1036,0.010793133237405623
2021-10-31,JP1037,0.006318781340414642
2021-10-31,JP1038,0.008635667351990306
2021-10-31,JP1039,0.0022320173272207863
2021-10-31,JP1040,0.003606408242314035
2021-10-31,JP1041,0.007055446643358673
2021-10-31,JP1042,0.012024109078960227
2021-10-31,JP1043,0.003310917398134772
2021-10-31,JP1044,0.009705787582543897
2021-10-31,JP1045,0.00529006590353842
2021-10-31,JP1046,0.003965695890669222
2021-10-31,JP1047,0.011832536490635665
2021-10-31,JP1048,0.0007549397800409503
2021-10-31,JP1049,0.0012041091478419163
2021-10-31,JP1050,0.0010104380276379442
2021-10-31,JP1051,0.0005526072957993689
2021-10-31,JP1052,0.0026157303231436873
2021-10-31,JP1053,0.01022969383078915
2021-10-31,JP1054,0.003307775074165493
2021-10-31,JP1055,0.006525048620103895
2021-10-31,JP1056,0.013387159055270296
2021-10-31,JP1057,0.01765502877337469
2021-10-31,JP1058,0.004395221412609054
2021-10-31,JP1059,0.019393321309154533
2021-10-31,JP1060,0.005089836468248049
2021-10-31,JP1061,0.0020397794451280926
2021-10-31,JP1062,0.0031434700137957117
2021-10-31,JP1063,0.001198991949279595
2021-10-31,JP1064,0.002135355529188517
2021-10-31,JP1065,0.0037841918217318164
2021-10-31,JP1066,0.010411526264263993
2021-10-31,JP1067,0.030034481351328034
2021-10-31,JP1068,0.0013576145442467996
2021-10-31,JP1069,0.00692881939941325
2021-10-31,JP1070,0.0019432365189389399
2021-10-31,JP1071,0.008529194964943237
2021-10-31,JP1072,0.0046663398552798845
2021-10-31,JP1073,0.0009811274348869444
2021-10-31,JP1074,0.013273400841599007
2021-10-31,JP1075,0.0025802525488981235
2021-10-31,JP1076,0.0030782441684897616
2021-10-31,JP1077,0.0017803394613848187
2021-10-31,JP1078,0.0024110741737964248
2021-10-31,JP1079,0.006492984652381407
2021-10-31,JP1080,0.004260855205995018
2021-10-31,JP1081,0.00791059224588881
2021-10-31,JP1082,0.008185827573600783
2021-10-31,JP1083,0.019968229722183196
2021-10-31,JP1084,0.004303581482681717
2021-10-31,JP1085,0.0012042076998528821
2021-10-31,JP1086,0.014771972562298974
2021-10-31,JP1087,0.00379676169989923
2021-10-31,JP1088,0.014680479204063637
2021-10-31,JP1089,0.006698464765814967
2021-10-31,JP1090,0.004121510681597823
2021-10-31,JP1091,0.007001108281751317
2021-10-31,JP1092,0.03975989410319213
2021-10-31,JP1093,0.0357841001248602
2021-10-31,JP1094,0.005038976658429554
2021-10-31,JP1095,0.006592608836690608
2021-10-31,JP1096,0.01466972195986677
2021-10-31,JP1097,0.0021806763725919546
2021-10-31,JP1098,0.0069644685792674375
2021-10-31,JP1099,0.0061265215580196455
2021-10-31,JP1100,0.007501980181525917
2021-10-31,JP1101,0.002309557297859327
2021-10-31,JP1102,0.0010783226796880906
2021-10-31,JP1103,0.0006792224670578893
2021-10-31,JP1104,0.0020394214207417735
2021-10-31,JP1105,0.0031555439067107436
2021-10-31,JP1106,0.00393105920254485
2021-10-31,JP1107,0.03606682499935299
2021-10-31,JP1108,0.017142558963822142
2021-10-31,JP1109,0.002348144612681711
2021-10-31,JP1110,0.006917899873750532
2021-10-31,JP1111,0.003609116318882329
2021-10-31,JP1112,0.003968892002169584
2021-10-31,JP1113,0.005426433607476868
2021-10-31,JP1114,0.010605960331082541
2021-10-31,JP1115,0.004315923806170622
2021-10-31,JP1116,0.016298147003937568
2021-10-31,JP1117,0.0015528335133946504
2021-10-31,JP1118,0.004553490622060846
2021-10-31,JP1119,0.07421843115865392
2021-11-30,JP1000,0.004093471919090121
2021-11-30,JP1001,0.008075467169380096
2021-11-30,JP1002,0.01647361698707942
2021-11-30,JP1003,0.0014500487616969826
2021-11-30,JP1004,0.004478181203531699
2021-11-30,JP1005,0.020977751636696775
2021-11-30,JP1006,0.0021841915007847794
2021-11-30,JP1007,0.0017826838489060847
2021-11-30,JP1008,0.006387910160712867
2021-11-30,JP1009,0.011156941352005323
2021-11-30,JP1010,0.0048218014453010865
2021-11-30,JP1011,0.021439883970786392
2021-11-30,JP1012,0.011346110851046216
2021-11-30,JP1013,0.011130175604304229
2021-11-30,JP1014,0.007664050394416569
2021-11-30,JP1015,0.04712896027394592
2021-11-30,JP1016,0.00474694965894785
2021-11-30,JP1017,0.0007215586077943623
2021-11-30,JP1018,0.028475321156056416
2021-11-30,JP1019,0.0029278388564227898
2021-11-30,JP1020,0.005812555100159869
2021-11-30,JP1021,0.020704578929068445
2021-11-30,JP1022,0.0010743267162578118
2021-11-30,JP1023,0.0016860817819468435
2021-11-30,JP1024,0.0010564830961305362
2021-11-30,JP1025,0.0022743685929759974
2021-11-30,JP1026,0.006173212621803074
2021-11-30,JP1027,0.00886304237218504
2021-11-30,JP1028,0.007043183039808219
2021-11-30,JP1029,0.0013743918020301853
2021-11-30,JP1030,0.0004613777318005602
2021-11-30,JP1031,0.005296349447656389
2021-11-30,JP1032,0.0026784695450695825
2021-11-30,JP1033,0.006780752791135943
2021-11-30,JP1034,0.010689609723692917
2021-11-30,JP1035,0.00655951561620598
2021-11-30,JP1036,0.012259677141402619
2021-11-30,JP1037,0.0066132823648423706
2021-11-30,JP1038,0.01049273764714756
2021-11-30,JP1039,0.0023919243199163895
2021-11-30,JP1040,0.004600823227366598
2021-11-30,JP1041,0.005370988808244782
2021-11-30,JP1042,0.00834950585617266
2021-11-30,JP1043,0.0032353743574192887
2021-11-30,JP1044,0.008373946270165519
2021-11-30,JP1045,0.0039496981579477215
2021-11-30,JP1046,0.004392347358949217
2021-11-30,JP1047,0.01196132203861075
2021-11-30,JP1048,0.0008162719081377208
2021-11-30,JP1049,0.0014819180791334674
2021-11-30,JP1050,0.0010589455630920757
2021-11-30,JP1051,0.0003795188146368485
2021-11-30,JP1052,0.0022938390321707467
2021-11-30,JP1053,0.012179528941687175
2021-11-30,JP1054,0.0035994448967516957
2021-11-30,JP1055,0.006564508464479986
2021-11-30,JP1056,0.015946980451576304
2021-11-30,JP1057,0.01888070352389407
2021-11-30,JP1058,0.004656223105867447
2021-11-30,JP1059,0.01823197670792072
2021-11-30,JP1060,0.006895503160417006
2021-11-30,JP1061,0.0019798610759866934
2021-11-30,JP1062,0.003107183718952429
2021-11-30,JP1063,0.0012442884927990588
2021-11-30,JP1064,0.0022020775314476565
2021-11-30,JP1065,0.0034764709309199624
2021-11-30,JP1066,0.009695176644448095
2021-11-30,JP1067,0.02507788839301257
2021-11-30,JP1068,0.0011692507775034912
2021-11-30,JP1069,0.007735538799918337
2021-11-30,JP1070,0.0019435968198184773
2021-11-30,JP1071,0.008348816026860259
2021-11-30,JP1072,0.004530835564736037
2021-11-30,JP1073,0.0008952618054439207
2021-11-30,JP1074,0.010332804939125436
2021-11-30,JP1075,0.002204121309596263
2021-11-30,JP1076,0.002527804722687956
2021-11-30,JP1077,0.0018942514832051799
2021-11-30,JP1078,0.0021399962409300215
2021-11-30,JP1079,0.007713157193082021
2021-11-30,JP1080,0.0038028054437723017
2021-11-30,JP1081,0.0071007676100348196
2021-11-30,JP1082,0.0071261975329702555
2021-11-30,JP1083,0.019331124608190395
2021-11-30,JP1084,0.0034326050305336976
2021-11-30,JP1085,0.001233558014234505
2021-11-30,JP1086,0.016938560777481407
2021-11-30,JP1087,0.004100081425834481
2021-11-30,JP1088,0.014796258537247682
2021-11-30,JP1089,0.006772662118683626
2021-11-30,JP1090,0.004501656552345217
2021-11-30,JP1091,0.008691429995201653
2021-11-30,JP1092,0.03522359710174425
2021-11-30,JP1093,0.04367940648231838
2021-11-30,JP1094,0.005834458594673488
2021-11-30,JP1095,0.006381586099325639
2021-11-30,JP1096,0.016769252689611262
2021-11-30,JP1097,0.0018939786044066807
2021-11-30,JP1098,0.006377458329450664
2021-11-30,JP1099,0.004927908487277584
2021-11-30,JP1100,0.007790977842005207
2021-11-30,JP1101,0.0024730684456132587
2021-11-30,JP1102,0.0010220937716930996
2021-11-30,JP1103,0.0006996716490536514
2021-11-30,JP1104,0.0015785077398668657
2021-11-30,JP1105,0.002929128431819365
2021-11-30,JP1106,0.0032868530037468415
2021-11-30,JP1107,0.03445065498487451
2021-11-30,JP1108,0.014692767885857126
2021-11-30,JP1109,0.0021260634697724532
2021-11-30,JP1110,0.007538408047744461
2021-11-30,JP1111,0.003368160977372947
2021-11-30,JP1112,0.0038094545146360476
2021-11-30,JP1113,0.005809138254353086
2021-11-30,JP1114,0.007824644719929753
2021-11-30,JP1115,0.003185225021522012
2021-11-30,JP1116,0.015776819440230953
2021-11-30,JP1117,0.0015844494796067334
2021-11-30,JP1118,0.0044423111819840875
2021-11-30,JP1119,0.0775096601677216
2021-12-31,JP1000,0.0038594290781701727
2021-12-31,JP1001,0.007611662500101651
2021-12-31,JP1002,0.011906364678337885
2021-12-31,JP1003,0.0015264139459902457
2021-12-31,JP1004,0.00420292436300675
2021-12-31,JP1005,0.02327712986502236
2021-12-31,JP1006,0.002393586168552586
2021-12-31,JP1007,0.0020339020263691115
2021-12-31,JP1008,0.006693837908638002
2021-12-31,JP1009,0.012029875138642187
2021-12-31,JP1010,0.005624119925019618
2021-12-31,JP1011,0.01730541517377085
2021-12-31,JP1012,0.013617498875132427
2021-12-31,JP1013,0.013614630585718296
2021-12-31,JP1014,0.009548770817942526
2021-12-31,JP1015,0.053923858273149716
2021-12-31,JP1016,0.004287118257525397
2021-12-31,JP1017,0.0006981489756797439
2021-12-31,JP1018,0.021716477972215664
2021-12-31,JP1019,0.002984904627652213
2021-12-31,JP1020,0.005521281483187959
2021-12-31,JP1021,0.016737394276426534
2021-12-31,JP1022,0.0011645793563443843
2021-12-31,JP1023,0.0015060959934179356
2021-12-31,JP1024,0.001206941856571218
2021-12-31,JP1025,0.0024498103935402054
2021-12-31,JP1026,0.006760509567721422
2021-12-31,JP1027,0.009640937475061407
2021-12-31,JP1028,0.006311300261433629
2021-12-31,JP1029,0.0013976891374227684
2021-12-31,JP1030,0.000578011269276021
2021-12-31,JP1031,0.006053614673057761
2021-12-31,JP1032,0.003478831599102358
2021-12-31,JP1033,0.008280117543684136
2021-12-31,JP1034,0.01009514087379963
2021-12-31,JP1035,0.0069440433112345976
2021-12-31,JP1036,0.011006698688198296
2021-12-31,JP1037,0.006060645235144372
2021-12-31,JP1038,0.008894107863275574
2021-12-31,JP1039,0.002776921219511477
2021-12-31,JP1040,0.004677307282267138
2021-12-31,JP1041,0.005470111462640283
2021-12-31,JP1042,0.012675767968118121
2021-12-31,JP1043,0.003619462363547851
2021-12-31,JP1044,0.008147843006365148
2021-12-31,JP1045,0.0035354851188611545
2021-12-31,JP1046,0.005137668673061809
2021-12-31,JP1047,0.0133769824575318
2021-12-31,JP1048,0.0007985558825213774
2021-12-31,JP1049,0.001201857745957931
2021-12-31,JP1050,0.0011140320030381518
2021-12-31,JP1051,0.0004883185862808471
2021-12-31,JP1052,0.002953870399331891
2021-12-31,JP1053,0.01148825912144727
2021-12-31,JP1054,0.003683504661957581
2021-12-31,JP1055,0.0062035530458104185
2021-12-31,JP1056,0.01598626448678429
2021-12-31,JP1057,0.020360309989286375
2021-12-31,JP1058,0.005529220217072025
2021-12-31,JP1059,0.022429366540030415
2021-12-31,JP1060,0.00622122190956137
2021-12-31,JP1061,0.002008351625354782
2021-12-31,JP1062,0.0025765317075042015
2021-12-31,JP1063,0.0010320236244750292
2021-12-31,JP1064,0.0021496708516081163
2021-12-31,JP1065,0.003340629587402898
2021-12-31,JP1066,0.011873229548848214
2021-12-31,JP1067,0.030141615542608836
2021-12-31,JP1068,0.0012886509432672706
2021-12-31,JP1069,0.008122723686956138
2021-12-31,JP1070,0.00166365880369513
2021-12-31,JP1071,0.00696583850964081
2021-12-31,JP1072,0.004106029587259816
2021-12-31,JP1073,0.0008754800379917543
2021-12-31,JP1074,0.015279335537425701
2021-12-31,JP1075,0.003180992381910076
2021-12-31,JP1076,0.0028878972358488556
2021-12-31,JP1077,0.001898030261664167
2021-12-31,JP1078,0.002274167885852298
2021-12-31,JP1079,0.009002135405466297
2021-12-31,JP1080,0.0043851741646317695
2021-12-31,JP1081,0.007559534466962817
2021-12-31,JP1082,0.005964848502153962
2021-12-31,JP1083,0.01973272255321436
2021-12-31,JP1084,0.004293723326505125
2021-12-31,JP1085,0.0011833671114118171
2021-12-31,JP1086,0.014496180356522394
2021-12-31,JP1087,0.0035212978472045123
2021-12-31,JP1088,0.014274296201121445
2021-12-31,JP1089,0.007450988964590792
2021-12-31,JP1090,0.003908835346778021
2021-12-31,JP1091,0.007462408211982495
2021-12-31,JP1092,0.03957130214579753
2021-12-31,JP1093,0.03847953243477785
2021-12-31,JP1094,0.0056061917068323695
2021-12-31,JP1095,0.005870459243067142
2021-12-31,JP1096,0.015361502157488735
2021-12-31,JP1097,0.0023667247721726585
2021-12-31,JP1098,0.007320420575528438
2021-12-31,JP1099,0.005345793146072516
2021-12-31,JP1100,0.007258839053387151
2021-12-31,JP1101,0.0023847380467084613
2021-12-31,JP1102,0.0010599215513148275
2021-12-31,JP1103,0.000654607594113381
2021-12-31,JP1104,0.0017645927016800675
2021-12-31,JP1105,0.0031588888914099327
2021-12-31,JP1106,0.003927218397725165
2021-12-31,JP1107,0.03195173880402153
2021-12-31,JP1108,0.012690614615432213
2021-12-31,JP1109,0.0019410599019449393
2021-12-31,JP1110,0.006579125451281443
2021-12-31,JP1111,0.004063345595919459
2021-12-31,JP1112,0.003495719600508481
2021-12-31,JP1113,0.006537800772081098
2021-12-31,JP1114,0.008704406781890111
2021-12-31,JP1115,0.003575161515494413
2021-12-31,JP1116,0.01303637102290981
2021-12-31,JP1117,0.0014228424966791812
2021-12-31,JP1118,0.005209345282518682
2021-12-31,JP1119,0.0649416617678602
2022-01-31,JP1000,0.0038035474493695177
2022-01-31,JP1001,0.007428458553568748
2022-01-31,JP1002,0.012846122769041771
2022-01-31,JP1003,0.0015552787808102056
2022-01-31,JP1004,0.0039047499404969164
2022-01-31,JP1005,0.019139060228686885
2022-01-31,JP1006,0.0024114774157401072
2022-01-31,JP1007,0.002083045682247
2022-01-31,JP1008,0.006261063946665696
2022-01-31,JP1009,0.01177663672543577
2022-01-31,JP1010,0.005055946721863368
2022-01-31,JP1011,0.02055614408675877
2022-01-31,JP1012,0.010370159861123019
2022-01-31,JP1013,0.012636115715413987
2022-01-31,JP1014,0.009233539558256244
2022-01-31,JP1015,0.051282296783351965
2022-01-31,JP1016,0.00383247463882031
2022-01-31,JP1017,0.0006906654537313098
2022-01-31,JP1018,0.026538193205840895
2022-01-31,JP1019,0.0028060066382836423
2022-01-31,JP1020,0.006039578331515497
2022-01-31,JP1021,0.022486225257129337
2022-01-31,JP1022,0.0010209287274380659
2022-01-31,JP1023,0.0016622076313369469
2022-01-31,JP1024,0.0010786255509563501
2022-01-31,JP1025,0.0023671408074111265
2022-01-31,JP1026,0.007381928672232243
2022-01-31,JP1027,0.008327421649388884
2022-01-31,JP1028,0.00609618035452227
2022-01-31,JP1029,0.0013648287061539803
2022-01-31,JP1030,0.0004699694599121033
2022-01-31,JP1031,0.006423903608313996
2022-01-31,JP1032,0.00332519605121958
2022-01-31,JP1033,0.008400243529128871
2022-01-31,JP1034,0.009016628248961734
2022-01-31,JP1035,0.006260500531789179
2022-01-31,JP1036,0.010671436192660805
2022-01-31,JP1037,0.00606341199026633
2022-01-31,JP1038,0.008116856321038372
2022-01-31,JP1039,0.0022270466464052166
2022-01-31,JP1040,0.0042667311274021515
2022-01-31,JP1041,0.006107691790819452
2022-01-31,JP1042,0.010161827905323408
2022-01-31,JP1043,0.003622647387314096
2022-01-31,JP1044,0.010627932953711504
2022-01-31,JP1045,0.0033913549633711585
2022-01-31,JP1046,0.004484397756155729
2022-01-31,JP1047,0.013802101006407568
2022-01-31,JP1048,0.0006431819578597023
2022-01-31,JP1049,0.0014578540257615099
2022-01-31,JP1050,0.0012050670806733135
2022-01-31,JP1051,0.0005281787064290934
2022-01-31,JP1052,0.003109523664468289
2022-01-31,JP1053,0.009024284195328658
2022-01-31,JP1054,0.003910534119191945
2022-01-31,JP1055,0.005913049027492331
2022-01-31,JP1056,0.015100236222704561
2022-01-31,JP1057,0.019330033789714256
2022-01-31,JP1058,0.0046224197264966675
2022-01-31,JP1059,0.017713503857611845
2022-01-31,JP1060,0.00505147003753871
2022-01-31,JP1061,0.002730905192727002
2022-01-31,JP1062,0.0024520209612047227
2022-01-31,JP1063,0.0013120594118564474
2022-01-31,JP1064,0.0018923751539988527
2022-01-31,JP1065,0.003600208767032438
2022-01-31,JP1066,0.013872009094049863
2022-01-31,JP1067,0.030868105074059043
2022-01-31,JP1068,0.0011090204523271556
2022-01-31,JP1069,0.007305262380265991
2022-01-31,JP1070,0.0017973968112689432
2022-01-31,JP1071,0.009090448548868976
2022-01-31,JP1072,0.004495646596233971
2022-01-31,JP1073,0.0008046703830437073
2022-01-31,JP1074,0.015329271117784888
2022-01-31,JP1075,0.0032625301776536995
2022-01-31,JP1076,0.0032073220292811867
2022-01-31,JP1077,0.001643957288551487
2022-01-31,JP1078,0.002034114422848321
2022-01-31,JP1079,0.006885750700155955
2022-01-31,JP1080,0.0036177245386218916
2022-01-31,JP1081,0.0070428546254038054
2022-01-31,JP1082,0.008046069794435394
2022-01-31,JP1083,0.02328277520274925
2022-01-31,JP1084,0.004112557064046624
2022-01-31,JP1085,0.0010850671133786358
2022-01-31,JP1086,0.015212064001486026
2022-01-31,JP1087,0.003812228410760116
2022-01-31,JP1088,0.013304675981409752
2022-01-31,JP1089,0.0068584671764203835
2022-01-31,JP1090,0.00428559093744759
2022-01-31,JP1091,0.008946303149256358
2022-01-31,JP1092,0.03730502946012008
2022-01-31,JP1093,0.03569431167849665
2022-01-31,JP1094,0.005240241496213557
2022-01-31,JP1095,0.006262258435744424
2022-01-31,JP1096,0.014593808248016054
2022-01-31,JP1097,0.002113178634802849
2022-01-31,JP1098,0.0076579166436117705
2022-01-31,JP1099,0.005718777440560821
2022-01-31,JP1100,0.007885252483528088
2022-01-31,JP1101,0.0021513103437301086
2022-01-31,JP1102,0.0010236721968144716
2022-01-31,JP1103,0.0006222420539832784
2022-01-31,JP1104,0.0018546300873350343
2022-01-31,JP1105,0.0031015557326608905
2022-01-31,JP1106,0.003139094738169073
2022-01-31,JP1107,0.037149518986637715
2022-01-31,JP1108,0.0162549023723336
2022-01-31,JP1109,0.0018717002963638508
2022-01-31,JP1110,0.008692804255681454
2022-01-31,JP1111,0.003216094223711622
2022-01-31,JP1112,0.004423253601227007
2022-01-31,JP1113,0.005370353562067504
2022-01-31,JP1114,0.009740365852502856
2022-01-31,JP1115,0.003351291846592815
2022-01-31,JP1116,0.014673077468455649
2022-01-31,JP1117,0.0017571374495091087
2022-01-31,JP1118,0.004849313585349502
2022-01-31,JP1119,0.0639021905420888
2022-02-28,JP1000,0.00509373683834926
2022-02-28,JP1001,0.007764183081103806
2022-02-28,JP1002,0.015296224541100216
2022-02-28,JP1003,0.0015736915975716255
2022-02-28,JP1004,0.003765883370981098
2022-02-28,JP1005,0.021447855317792797
2022-02-28,JP1006,0.0025548209625413758
2022-02-28,JP1007,0.002237314325626976
2022-02-28,JP1008,0.006943325965275402
2022-02-28,JP1009,0.01242146093451013
2022-02-28,JP1010,0.004603796610344496
2022-02-28,JP1011,0.02000181468726282
2022-02-28,JP1012,0.012114294209668064
2022-02-28,JP1013,0.01332045068096628
2022-02-28,JP1014,0.008019783939447135
2022-02-28,JP1015,0.04850789584383786
2022-02-28,JP1016,0.0042841705125014375
2022-02-28,JP1017,0.0007852559054043372
2022-02-28,JP1018,0.024648555918223704
2022-02-28,JP1019,0.003395162846287427
2022-02-28,JP1020,0.005650820248790064
2022-02-28,JP1021,0.01864735845452278
2022-02-28,JP1022,0.0011426237275246282
2022-02-28,JP1023,0.0014619000047476805
2022-02-28,JP1024,0.0009751774243638262
2022-02-28,JP1025,0.0021729661040306167
2022-02-28,JP1026,0.0076089561378766294
2022-02-28,JP1027,0.007967586598486157
2022-02-28,JP1028,0.006507011389072187
2022-02-28,JP1029,0.0012380240445576363
2022-02-28,JP1030,0.0005163187922155294
2022-02-28,JP1031,0.004836689261261313
2022-02-28,JP1032,0.0030239545733924448
2022-02-28,JP1033,0.007710773102101854
2022-02-28,JP1034,0.009450025615869348
2022-02-28,JP1035,0.005477772009083986
2022-02-28,JP1036,0.011829593227605644
2022-02-28,JP1037,0.007286388650908102
2022-02-28,JP1038,0.008324148543242137
2022-02-28,JP1039,0.00232710314501729
2022-02-28,JP1040,0.004189829148541836
2022-02-28,JP1041,0.0062065400482795635
2022-02-28,JP1042,0.012306577720041926
2022-02-28,JP1043,0.003277297412359849
2022-02-28,JP1044,0.008063618884315334
2022-02-28,JP1045,0.00495164299470366
2022-02-28,JP1046,0.003949140426508972
2022-02-28,JP1047,0.01268004293411436
2022-02-28,JP1048,0.0007995622110977484
2022-02-28,JP1049,0.0013478944837499148
2022-02-28,JP1050,0.0011998601889306414
2022-02-28,JP1051,0.000414409639522979
2022-02-28,JP1052,0.002571838741571735
2022-02-28,JP1053,0.01201051167016402
2022-02-28,JP1054,0.0038480369503862424
2022-02-28,JP1055,0.0061842780941431105
2022-02-28,JP1056,0.017868514605038934
2022-02-28,JP1057,0.020697080026193235
2022-02-28,JP1058,0.005063637179973552
2022-02-28,JP1059,0.018046049597640605
2022-02-28,JP1060,0.004340706474658583
2022-02-28,JP1061,0.0022711929180974032
2022-02-28,JP1062,0.002791422793384378
2022-02-28,JP1063,0.0012412450643452487
2022-02-28,JP1064,0.0021058767200318636
2022-02-28,JP1065,0.0035495448238062476
2022-02-28,JP1066,0.011325420386127367
2022-02-28,JP1067,0.025284652747173106
2022-02-28,JP1068,0.0010551820328152778
2022-02-28,JP1069,0.006852837822836268
2022-02-28,JP1070,0.0015993397041763008
2022-02-28,JP1071,0.008089081491025758
2022-02-28,JP1072,0.0037659832862037986
2022-02-28,JP1073,0.0007725200274071882
2022-02-28,JP1074,0.015512415075924092
2022-02-28,JP1075,0.0027399507407136767
2022-02-28,JP1076,0.0029781587711476512
2022-02-28,JP1077,0.001737063047115331
2022-02-28,JP1078,0.0026840024565426917
2022-02-28,JP1079,0.007356939909728219
2022-02-28,JP1080,0.004115001281436798
2022-02-28,JP1081,0.006651631195303988
2022-02-28,JP1082,0.006252784256064642
2022-02-28,JP1083,0.021292572939125978
2022-02-28,JP1084,0.0032850946488836037
2022-02-28,JP1085,0.0013547272561944168
2022-02-28,JP1086,0.013614608902971262
2022-02-28,JP1087,0.0031678510464661
2022-02-28,JP1088,0.018701058818248795
2022-02-28,JP1089,0.0063968803822109675
2022-02-28,JP1090,0.0035353004487605746
2022-02-28,JP1091,0.006199915008807858
2022-02-28,JP1092,0.03507972424406326
2022-02-28,JP1093,0.03529006454564728
2022-02-28,JP1094,0.005121863815624045
2022-02-28,JP1095,0.004841599314342046
2022-02-28,JP1096,0.01653344213488248
2022-02-28,JP1097,0.002263074229629324
2022-02-28,JP1098,0.00621448543724602
2022-02-28,JP1099,0.0039078330296265585
2022-02-28,JP1100,0.006321327862944342
2022-02-28,JP1101,0.0023444411663099958
2022-02-28,JP1102,0.001148552443100437
2022-02-28,JP1103,0.0006211730443822467
2022-02-28,JP1104,0.0015728182773447215
2022-02-28,JP1105,0.00301580000957297
2022-02-28,JP1106,0.0038870149703693706
2022-02-28,JP1107,0.038312685362173034
2022-02-28,JP1108,0.015060523236333933
2022-02-28,JP1109,0.001860638463133286
2022-02-28,JP1110,0.007738290451416885
2022-02-28,JP1111,0.003906949074987844
2022-02-28,JP1112,0.003696448017278947
2022-02-28,JP1113,0.006136262666939345
2022-02-28,JP1114,0.008709589150615519
2022-02-28,JP1115,0.0036297723236653565
2022-02-28,JP1116,0.013351054827379824
2022-02-28,JP1117,0.0018601295587286695
2022-02-28,JP1118,0.005558624063143285
2022-02-28,JP1119,0.08078362370063931
2022-03-31,JP1000,0.0035142022060682685
2022-03-31,JP1001,0.008410744984332271
2022-03-31,JP1002,0.012528612105459053
2022-03-31,JP1003,0.0016479431486627373
2022-03-31,JP1004,0.005075959494852891
2022-03-31,JP1005,0.01818634971590688
2022-03-31,JP1006,0.00280773542438732
2022-03-31,JP1007,0.0020853129068457575
2022-03-31,JP1008,0.006219619071053696
2022-03-31,JP1009,0.01109942946556784
2022-03-31,JP1010,0.004565495096319071
2022-03-31,JP1011,0.018050365638781585
2022-03-31,JP1012,0.01118035560453787
2022-03-31,JP1013,0.0105784171299537
2022-03-31,JP1014,0.0104694215682264
2022-03-31,JP1015,0.04798041969928702
2022-03-31,JP1016,0.003477197340813651
2022-03-31,JP1017,0.0005655971442302611
2022-03-31,JP1018,0.026786888747372496
2022-03-31,JP1019,0.002742822990025174
2022-03-31,JP1020,0.0056415309038629685
2022-03-31,JP1021,0.023256867042284624
2022-03-31,JP1022,0.0010576241512288398
2022-03-31,JP1023,0.0015232629773013146
2022-03-31,JP1024,0.0009859491346245668
2022-03-31,JP1025,0.002327089371648388
2022-03-31,JP1026,0.00783147279264871
2022-03-31,JP1027,0.008981376638044856
2022-03-31,JP1028,0.008021150652315564
2022-03-31,JP1029,0.0012027655066146994
2022-03-31,JP1030,0.0004729333987165719
2022-03-31,JP1031,0.005402671610974693
2022-03-31,JP1032,0.0035407254240405112
2022-03-31,JP1033,0.007890327035579332
2022-03-31,JP1034,0.010683507363716087
2022-03-31,JP1035,0.0062305852981317765
2022-03-31,JP1036,0.013673873713998481
2022-03-31,JP1037,0.007110387198835697
2022-03-31,JP1038,0.008027601655860446
2022-03-31,JP1039,0.002046843175804635
2022-03-31,JP1040,0.004373307944801827
2022-03-31,JP1041,0.005849490443967479
2022-03-31,JP1042,0.011156731229278096
2022-03-31,JP1043,0.0031479539781754753
2022-03-31,JP1044,0.008254298616946603
2022-03-31,JP1045,0.00374991020640479
2022-03-31,JP1046,0.004531174942684702
2022-03-31,JP1047,0.011048958142654627
2022-03-31,JP1048,0.0006539795640573278
2022-03-31,JP1049,0.0014867947709500907
2022-03-31,JP1050,0.0011707594787549074
2022-03-31,JP1051,0.0005000357136438927
2022-03-31,JP1052,0.0026035865282266284
2022-03-31,JP1053,0.009974407976918348
2022-03-31,JP1054,0.0044767163349397135
2022-03-31,JP1055,0.007699187731786384
2022-03-31,JP1056,0.017342522503061193
2022-03-31,JP1057,0.016303134959848305
2022-03-31,JP1058,0.004503218318656646
2022-03-31,JP1059,0.021423291649674082
2022-03-31,JP1060,0.005244651879029895
2022-03-31,JP1061,0.0020804599868380295
2022-03-31,JP1062,0.002480747554419791
2022-03-31,JP1063,0.0011312524567482424
2022-03-31,JP1064,0.001953853886971685
2022-03-31,JP1065,0.0028376527994123015
2022-03-31,JP1066,0.01292059800637747
2022-03-31,JP1067,0.030040076654599297
2022-03-31,JP1068,0.001132411247876572
2022-03-31,JP1069,0.008328749899323478
2022-03-31,JP1070,0.0018445555377911208
2022-03-31,JP1071,0.009306520834206971
2022-03-31,JP1072,0.004866782964922838
2022-03-31,JP1073,0.0007646440359029187
2022-03-31,JP1074,0.013947212627568633
2022-03-31,JP1075,0.0030228938584057037
2022-03-31,JP1076,0.0033593483112446137
2022-03-31,JP1077,0.0019544021070907144
2022-03-31,JP1078,0.0032990664112169227
2022-03-31,JP1079,0.008699309198773358
2022-03-31,JP1080,0.0039447941735555525
2022-03-31,JP1081,0.007289866145843446
2022-03-31,JP1082,0.0066665978072408105
2022-03-31,JP1083,0.021795287579559113
2022-03-31,JP1084,0.0033591197171808644
2022-03-31,JP1085,0.0014716001099511916
2022-03-31,JP1086,0.014557020940735327
2022-03-31,JP1087,0.0036847839134753133
2022-03-31,JP1088,0.015002501494250618
2022-03-31,JP1089,0.007041202777304918
2022-03-31,JP1090,0.004288431534668082
2022-03-31,JP1091,0.007478532115766529
2022-03-31,JP1092,0.036338233029750595
2022-03-31,JP1093,0.03942402485406586
2022-03-31,JP1094,0.005698046242640619
2022-03-31,JP1095,0.00573163119706392
2022-03-31,JP1096,0.015117223394132703
2022-03-31,JP1097,0.002640619072880135
2022-03-31,JP1098,0.006792748662691859
2022-03-31,JP1099,0.004873888752694018
2022-03-31,JP1100,0.006287216310116869
2022-03-31,JP1101,0.0021660173081471334
2022-03-31,JP1102,0.0010919703389953464
2022-03-31,JP1103,0.0006152352062945283
2022-03-31,JP1104,0.001505747943406861
2022-03-31,JP1105,0.0033789569700858843
2022-03-31,JP1106,0.004029449231320703
2022-03-31,JP1107,0.03804320493639344
2022-03-31,JP1108,0.013765641409441207
2022-03-31,JP1109,0.0022593021834481633
2022-03-31,JP1110,0.006951893285625706
2022-03-31,JP1111,0.0031026139937216776
2022-03-31,JP1112,0.004298144352882051
2022-03-31,JP1113,0.007091849920061962
2022-03-31,JP1114,0.009278788515813936
2022-03-31,JP1115,0.003378942155914385
2022-03-31,JP1116,0.015614114501783074
2022-03-31,JP1117,0.0014403829867330824
2022-03-31,JP1118,0.006696533452556935
2022-03-31,JP1119,0.06246175565873716
2022-04-30,JP1000,0.004502225924421803
2022-04-30,JP1001,0.00749271491439626
2022-04-30,JP1002,0.012532326096328589
2022-04-30,JP1003,0.0017135030263208898
2022-04-30,JP1004,0.00426887609153739
2022-04-30,JP1005,0.02213197611134549
2022-04-30,JP1006,0.0024350018411184184
2022-04-30,JP1007,0.0021356825065296445
2022-04-30,JP1008,0.006176821563911661
2022-04-30,JP1009,0.011596697548032785
2022-04-30,JP1010,0.00475903143508225
2022-04-30,JP1011,0.019163884150652254
2022-04-30,JP1012,0.010435349839974723
2022-04-30,JP1013,0.011894457421982502
2022-04-30,JP1014,0.00783934513994422
2022-04-30,JP1015,0.05148116961630547
2022-04-30,JP1016,0.0042951910785358795
2022-04-30,JP1017,0.000618785221856142
2022-04-30,JP1018,0.027761609114243576
2022-04-30,JP1019,0.003808524637013713
2022-04-30,JP1020,0.005254008841122546
2022-04-30,JP1021,0.018378684388071827
2022-04-30,JP1022,0.001144592370140567
2022-04-30,JP1023,0.0012028060996837268
2022-04-30,JP1024,0.0010183424684585356
2022-04-30,JP1025,0.002207308245707713
2022-04-30,JP1026,0.008548863819080495
2022-04-30,JP1027,0.008296137998068163
2022-04-30,JP1028,0.006941975438825522
2022-04-30,JP1029,0.001128662292799988
2022-04-30,JP1030,0.0005494547614334799
2022-04-30,JP1031,0.004750781213443745
2022-04-30,JP1032,0.003426094925789531
2022-04-30,JP1033,0.00802948667494429
2022-04-30,JP1034,0.008025510754293034
2022-04-30,JP1035,0.005816279384425028
2022-04-30,JP1036,0.011438037216459659
2022-04-30,JP1037,0.00559789724044385
2022-04-30,JP1038,0.007857591728915111
2022-04-30,JP1039,0.002510105902598324
2022-04-30,JP1040,0.003996219909173385
2022-04-30,JP1041,0.006333478834909398
2022-04-30,JP1042,0.01119781808399883
2022-04-30,JP1043,0.0029754770930356454
2022-04-30,JP1044,0.010698681793450345
2022-04-30,JP1045,0.003729567778407583
2022-04-30,JP1046,0.004531259398610328
2022-04-30,JP1047,0.01377527024515427
2022-04-30,JP1048,0.0007477732322793076
2022-04-30,JP1049,0.001454109861970734
2022-04-30,JP1050,0.0012708803568738218
2022-04-30,JP1051,0.0005156351945042928
2022-04-30,JP1052,0.00269929939702528
2022-04-30,JP1053,0.011271336221159601
2022-04-30,JP1054,0.0037223557125792388
2022-04-30,JP1055,0.006830411948764859
2022-04-30,JP1056,0.016003010344847066
2022-04-30,JP1057,0.015087065456215439
2022-04-30,JP1058,0.005114399015576937
2022-04-30,JP1059,0.017999739950502615
2022-04-30,JP1060,0.005654965685777118
2022-04-30,JP1061,0.001843176905587352
2022-04-30,JP1062,0.0026205527230632963
2022-04-30,JP1063,0.001104225495121472
2022-04-30,JP1064,0.002185069872748162
2022-04-30,JP1065,0.0033178886557405553
2022-04-30,JP1066,0.009053154816809081
2022-04-30,JP1067,0.0267853066413259
2022-04-30,JP1068,0.0012163780477650141
2022-04-30,JP1069,0.007942674427870208
2022-04-30,JP1070,0.0018046711792035941
2022-04-30,JP1071,0.00749432944004763
2022-04-30,JP1072,0.004539120357055565
2022-04-30,JP1073,0.0009690649899651971
2022-04-30,JP1074,0.014316990875906724
2022-04-30,JP1075,0.0022708770598242477
2022-04-30,JP1076,0.003780009849492394
2022-04-30,JP1077,0.001943991869154935
2022-04-30,JP1078,0.003065992438274033
2022-04-30,JP1079,0.00663274544960834
2022-04-30,JP1080,0.003996602934033799
2022-04-30,JP1081,0.007415913291175211
2022-04-30,JP1082,0.006461618646780843
2022-04-30,JP1083,0.019876948663780033
2022-04-30,JP1084,0.004206602555640844
2022-04-30,JP1085,0.001111753652476974
2022-04-30,JP1086,0.01735142120417645
2022-04-30,JP1087,0.0038762831956155644
2022-04-30,JP1088,0.012741190059120756
2022-04-30,JP1089,0.006770683793039212
2022-04-30,JP1090,0.0049322921702117046
2022-04-30,JP1091,0.006434476133465435
2022-04-30,JP1092,0.039450619791785206
2022-04-30,JP1093,0.04270236574323026
2022-04-30,JP1094,0.005566374818509599
2022-04-30,JP1095,0.0055765953023361485
2022-04-30,JP1096,0.015217855326434658
2022-04-30,JP1097,0.002556658265113562
2022-04-30,JP1098,0.006754312770870674
2022-04-30,JP1099,0.005213566054020618
2022-04-30,JP1100,0.00842038090145976
2022-04-30,JP1101,0.002245610157650363
2022-04-30,JP1102,0.0009777360470085447
2022-04-30,JP1103,0.0006022877199425385
2022-04-30,JP1104,0.0013369079444080327
2022-04-30,JP1105,0.0028187578058375376
2022-04-30,JP1106,0.0038835541552036186
2022-04-30,JP1107,0.03848735385990036
2022-04-30,JP1108,0.01457778282637441
2022-04-30,JP1109,0.0021164096451034764
2022-04-30,JP1110,0.007793054057783316
2022-04-30,JP1111,0.0031017252296224704
2022-04-30,JP1112,0.003568601040228245
2022-04-30,JP1113,0.0052953406372272535
2022-04-30,JP1114,0.010071212417265059
2022-04-30,JP1115,0.003586695712737537
2022-04-30,JP1116,0.01593846913467595
2022-04-30,JP1117,0.001597127794821969
2022-04-30,JP1118,0.004610783109934253
2022-04-30,JP1119,0.07309530377737918
2022-05-31,JP1000,0.004042906610519666
2022-05-31,JP1001,0.008822826802006573
2022-05-31,JP1002,0.01593565687373735
2022-05-31,JP1003,0.0016018839235221191
2022-05-31,JP1004,0.003821502938348077
2022-05-31,JP1005,0.024782155246568217
2022-05-31,JP1006,0.003007365148769336
2022-05-31,JP1007,0.002857225356807959
2022-05-31,JP1008,0.005471444786387502
2022-05-31,JP1009,0.013722025231184733
2022-05-31,JP1010,0.005205532556296897
2022-05-31,JP1011,0.016035627201013845
2022-05-31,JP1012,0.011130242653878587
2022-05-31,JP1013,0.011046068364368469
2022-05-31,JP1014,0.009397996489401896
2022-05-31,JP1015,0.046053046812797704
2022-05-31,JP1016,0.004609279901759606
2022-05-31,JP1017,0.0007282260324988306
2022-05-31,JP1018,0.02836324487714042
2022-05-31,JP1019,0.0030499117533094823
2022-05-31,JP1020,0.005967712362495596
2022-05-31,JP1021,0.01719802878899251
2022-05-31,JP1022,0.0011098697794200525
2022-05-31,JP1023,0.0014382882887712027
2022-05-31,JP1024,0.0010239175211252843
2022-05-31,JP1025,0.002319666141457113
2022-05-31,JP1026,0.006714911954172804
2022-05-31,JP1027,0.009796284473800144
2022-05-31,JP1028,0.006844138573517967
2022-05-31,JP1029,0.0014126288163377394
2022-05-31,JP1030,0.0005716334756680408
2022-05-31,JP1031,0.0050121097396361985
2022-05-31,JP1032,0.003126987291689621
2022-05-31,JP1033,0.006980612927220949
2022-05-31,JP1034,0.011744460389711017
2022-05-31,JP1035,0.00610760679127146
2022-05-31,JP1036,0.011235532351867052
2022-05-31,JP1037,0.006299288720651899
2022-05-31,JP1038,0.007940058396930919
2022-05-31,JP1039,0.0028933916817917363
2022-05-31,JP1040,0.005258093478809524
2022-05-31,JP1041,0.007154653228489072
2022-05-31,JP1042,0.011503167405951744
2022-05-31,JP1043,0.0036114425045980503
2022-05-31,JP1044,0.009650330910123305
2022-05-31,JP1045,0.00398446286645593
2022-05-31,JP1046,0.005560845739976244
2022-05-31,JP1047,0.013372345685601698
2022-05-31,JP1048,0.0009271130679344003
2022-05-31,JP1049,0.001435886983340858
2022-05-31,JP1050,0.0009186629034821793
2022-05-31,JP1051,0.0005027817684155381
2022-05-31,JP1052,0.0025158306847855344
2022-05-31,JP1053,0.011084415102723504
2022-05-31,JP1054,0.004628591705923698
2022-05-31,JP1055,0.005944328788125834
2022-05-31,JP1056,0.01408190252607319
2022-05-31,JP1057,0.01820751226697421
2022-05-31,JP1058,0.005960221779460472
2022-05-31,JP1059,0.019036184619590245
2022-05-31,JP1060,0.0057944666032081205
2022-05-31,JP1061,0.0026807066114525203
2022-05-31,JP1062,0.003036764184117688
2022-05-31,JP1063,0.0009350498734077368
2022-05-31,JP1064,0.0020185516220657096
2022-05-31,JP1065,0.003372093404947102
2022-05-31,JP1066,0.009661439758669314
2022-05-31,JP1067,0.027439206822815417
2022-05-31,JP1068,0.0009845542585640047
2022-05-31,JP1069,0.007878699971684819
2022-05-31,JP1070,0.0018203563471431451
2022-05-31,JP1071,0.007711513112127951
2022-05-31,JP1072,0.0037689677037039443
2022-05-31,JP1073,0.000948736188504059
2022-05-31,JP1074,0.012308542291655488
2022-05-31,JP1075,0.0031380109263229126
2022-05-31,JP1076,0.0029812800599915835
2022-05-31,JP1077,0.0020442114142922613
2022-05-31,JP1078,0.002837697478922715
2022-05-31,JP1079,0.007987453976768265
2022-05-31,JP1080,0.003918143446175983
2022-05-31,JP1081,0.00814495026190744
2022-05-31,JP1082,0.007244270350758094
2022-05-31,JP1083,0.017778723577640043
2022-05-31,JP1084,0.003597789160766443
2022-05-31,JP1085,0.0011704142486209138
2022-05-31,JP1086,0.016337578351264582
2022-05-31,JP1087,0.0030622004939197564
2022-05-31,JP1088,0.01992021815183316
2022-05-31,JP1089,0.007913293613962282
2022-05-31,JP1090,0.004509133055571866
2022-05-31,JP1091,0.007629388488953855
2022-05-31,JP1092,0.031084139345178115
2022-05-31,JP1093,0.04160480528441442
2022-05-31,JP1094,0.005889951482352645
2022-05-31,JP1095,0.0058682984995586645
2022-05-31,JP1096,0.015917684863178523
2022-05-31,JP1097,0.0023928393006059177
2022-05-31,JP1098,0.006679592261745516
2022-05-31,JP1099,0.005685087397948591
2022-05-31,JP1100,0.0070056337166844165
2022-05-31,JP1101,0.002707743159718495
2022-05-31,JP1102,0.0011974650976661848
2022-05-31,JP1103,0.0006746859739852507
2022-05-31,JP1104,0.0015531201923645777
2022-05-31,JP1105,0.0032187840439704047
2022-05-31,JP1106,0.004247897530290333
2022-05-31,JP1107,0.03378783734675153
2022-05-31,JP1108,0.016251281933260378
2022-05-31,JP1109,0.00207796050488273
2022-05-31,JP1110,0.007208739883938203
2022-05-31,JP1111,0.0031568855263453864
2022-05-31,JP1112,0.004545905120964166
2022-05-31,JP1113,0.006499103502366839
2022-05-31,JP1114,0.009279600826498527
2022-05-31,JP1115,0.003389070193672543
2022-05-31,JP1116,0.01632235145115647
2022-05-31,JP1117,0.001632239812520432
2022-05-31,JP1118,0.005713984658441705
2022-05-31,JP1119,0.06307283323411807
2022-06-30,JP1000,0.003822784558179318
2022-06-30,JP1001,0.00831927473782126
2022-06-30,JP1002,0.011963386738005038
2022-06-30,JP1003,0.0017853761489510245
2022-06-30,JP1004,0.0038148172051071286
2022-06-30,JP1005,0.022723227916302748
2022-06-30,JP1006,0.0026532821483066455
2022-06-30,JP1007,0.0020658859282113116
2022-06-30,JP1008,0.0054573162191853
2022-06-30,JP1009,0.010403560844087851
2022-06-30,JP1010,0.005045616057646653
2022-06-30,JP1011,0.022974635277134222
2022-06-30,JP1012,0.013147349738152082
2022-06-30,JP1013,0.013085414312775396
2022-06-30,JP1014,0.007844050246231707
2022-06-30,JP1015,0.05739602632112803
2022-06-30,JP1016,0.004509450960875439
2022-06-30,JP1017,0.0006974030572462819
2022-06-30,JP1018,0.02342325369519173
2022-06-30,JP1019,0.0034978549557535096
2022-06-30,JP1020,0.005221186456107255
2022-06-30,JP1021,0.01984402271027035
2022-06-30,JP1022,0.000972680265140279
2022-06-30,JP1023,0.0013000871525215057
2022-06-30,JP1024,0.0009712481930232078
2022-06-30,JP1025,0.002760148381562273
2022-06-30,JP1026,0.006928738002872182
2022-06-30,JP1027,0.009355553471389498
2022-06-30,JP1028,0.007191723603109881
2022-06-30,JP1029,0.0011989258200217803
2022-06-30,JP1030,0.00047110074983327193
2022-06-30,JP1031,0.004674628545068265
2022-06-30,JP1032,0.0035598406553960862
2022-06-30,JP1033,0.0070501574481679815
2022-06-30,JP1034,0.007657980996685627
2022-06-30,JP1035,0.005939745214602829
2022-06-30,JP1036,0.009371633232896978
2022-06-30,JP1037,0.006239304156587526
2022-06-30,JP1038,0.007450750448013409
2022-06-30,JP1039,0.0023392377333402124
2022-06-30,JP1040,0.004220525406026668
2022-06-30,JP1041,0.0062749178374144916
2022-06-30,JP1042,0.013027152635223272
2022-06-30,JP1043,0.0033838995509100594
2022-06-30,JP1044,0.00853789868083948
2022-06-30,JP1045,0.003753954743877133
2022-06-30,JP1046,0.004891422332965514
2022-06-30,JP1047,0.01026814528046909
2022-06-30,JP1048,0.0006543016755600825
2022-06-30,JP1049,0.0013716712874225164
2022-06-30,JP1050,0.0010406319485076788
2022-06-30,JP1051,0.0005591103825086093
2022-06-30,JP1052,0.002627983129342622
2022-06-30,JP1053,0.00938861600454838
2022-06-30,JP1054,0.003929767153269998
2022-06-30,JP1055,0.006968707832667367
2022-06-30,JP1056,0.013872105857692673
2022-06-30,JP1057,0.021681922740528364
2022-06-30,JP1058,0.00480271934699413
2022-06-30,JP1059,0.019813915330974843
2022-06-30,JP1060,0.006200290314932481
2022-06-30,JP1061,0.002215777386992965
2022-06-30,JP1062,0.0028784696094277646
2022-06-30,JP1063,0.001151796795943803
2022-06-30,JP1064,0.001731723531575105
2022-06-30,JP1065,0.003653792527380655
2022-06-30,JP1066,0.011489473752091993
2022-06-30,JP1067,0.02698812062163157
2022-06-30,JP1068,0.0009757922256267752
2022-06-30,JP1069,0.007906342547733142
2022-06-30,JP1070,0.0016258828822940485
2022-06-30,JP1071,0.007204110484205471
2022-06-30,JP1072,0.0038936874947510234
2022-06-30,JP1073,0.0006608832522201081
2022-06-30,JP1074,0.013291148353628707
2022-06-30,JP1075,0.003466799038041481
2022-06-30,JP1076,0.0027752487330789917
2022-06-30,JP1077,0.001868206210248017
2022-06-30,JP1078,0.002583088480605554
2022-06-30,JP1079,0.007909739700427106
2022-06-30,JP1080,0.004123592083684375
2022-06-30,JP1081,0.007534733934310342
2022-06-30,JP1082,0.006383625132175757
2022-06-30,JP1083,0.018977380289802222
2022-06-30,JP1084,0.0039881431257649935
2022-06-30,JP1085,0.0012286166150382708
2022-06-30,JP1086,0.01506670206291026
2022-06-30,JP1087,0.0036360342730928914
2022-06-30,JP1088,0.014748411484948907
2022-06-30,JP1089,0.007104538974001331
2022-06-30,JP1090,0.003766559621994815
2022-06-30,JP1091,0.00747619660671296
2022-06-30,JP1092,0.04045238566285683
2022-06-30,JP1093,0.04122376031624658
2022-06-30,JP1094,0.005385303543822851
2022-06-30,JP1095,0.006250919779066477
2022-06-30,JP1096,0.011905784366333466
2022-06-30,JP1097,0.0020467457929035896
2022-06-30,JP1098,0.006947039437558399
2022-06-30,JP1099,0.004120978345687972
2022-06-30,JP1100,0.006976780440669801
2022-06-30,JP1101,0.0018115561472169571
2022-06-30,JP1102,0.001096556757082527
2022-06-30,JP1103,0.0006454757173442943
2022-06-30,JP1104,0.001609881283076659
2022-06-30,JP1105,0.0034215667110049524
2022-06-30,JP1106,0.00379673591072721
2022-06-30,JP1107,0.03650321560417575
2022-06-30,JP1108,0.015595438401093165
2022-06-30,JP1109,0.0017586361698624518
2022-06-30,JP1110,0.008307552097545837
2022-06-30,JP1111,0.003781519809527891
2022-06-30,JP1112,0.003939828957545052
2022-06-30,JP1113,0.00612876100687372
2022-06-30,JP1114,0.010042584137038643
2022-06-30,JP1115,0.004052715531988237
2022-06-30,JP1116,0.017582207005872402
2022-06-30,JP1117,0.0015167065373549692
2022-06-30,JP1118,0.005604394911006089
2022-06-30,JP1119,0.06679203201059725
2022-07-31,JP1000,0.00412909743833219
2022-07-31,JP1001,0.00785120559964649
2022-07-31,JP1002,0.012589070024908127
2022-07-31,JP1003,0.0018428297236971686
2022-07-31,JP1004,0.004320670158797615
2022-07-31,JP1005,0.02507775425616287
2022-07-31,JP1006,0.0022775315833977777
2022-07-31,JP1007,0.001977605126860083
2022-07-31,JP1008,0.006549584144118377
2022-07-31,JP1009,0.012291069248993534
2022-07-31,JP1010,0.005300631744528752
2022-07-31,JP1011,0.02067283414533644
2022-07-31,JP1012,0.010716906237373428
2022-07-31,JP1013,0.010785400299596319
2022-07-31,JP1014,0.009987125627352548
2022-07-31,JP1015,0.05386149045516075
2022-07-31,JP1016,0.0039137049115404
2022-07-31,JP1017,0.0005685468403174994
2022-07-31,JP1018,0.022088158753436903
2022-07-31,JP1019,0.002891477622230607
2022-07-31,JP1020,0.005296095306446293
2022-07-31,JP1021,0.019207713704987247
2022-07-31,JP1022,0.0008837065354927553
2022-07-31,JP1023,0.001364492744852029
2022-07-31,JP1024,0.0008936747109343375
2022-07-31,JP1025,0.002179158412116373
2022-07-31,JP1026,0.009907717652372024
2022-07-31,JP1027,0.009567054517970125
2022-07-31,JP1028,0.0070205436517356565
2022-07-31,JP1029,0.0011620908204537906
2022-07-31,JP1030,0.00044816922719826004
2022-07-31,JP1031,0.005264033025301185
2022-07-31,JP1032,0.0026860988595467745
2022-07-31,JP1033,0.008494424198789475
2022-07-31,JP1034,0.00994772094865618
2022-07-31,JP1035,0.0057586297473279915
2022-07-31,JP1036,0.00910591731740415
2022-07-31,JP1037,0.006356032126052035
2022-07-31,JP1038,0.008342571636237323
2022-07-31,JP1039,0.0022588887928599766
2022-07-31,JP1040,0.004297554140172817
2022-07-31,JP1041,0.0058834130248232456
2022-07-31,JP1042,0.011765942853186148
2022-07-31,JP1043,0.003608535382979637
2022-07-31,JP1044,0.00759808230154501
2022-07-31,JP1045,0.0038964824163359338
2022-07-31,JP1046,0.004510845771674714
2022-07-31,JP1047,0.0130540404702987
2022-07-31,JP1048,0.00074546337565594
2022-07-31,JP1049,0.0013283084847753365
2022-07-31,JP1050,0.0010946709943387997
2022-07-31,JP1051,0.0004948798910177333
2022-07-31,JP1052,0.0022809316657004565
2022-07-31,JP1053,0.00965313826522055
2022-07-31,JP1054,0.0036093892527901176
2022-07-31,JP1055,0.004829955272635197
2022-07-31,JP1056,0.013537493128823871
2022-07-31,JP1057,0.018350782820185017
2022-07-31,JP1058,0.006182192289091189
2022-07-31,JP1059,0.018254006849765622
2022-07-31,JP1060,0.00589061731424821
2022-07-31,JP1061,0.0021340155841647708
2022-07-31,JP1062,0.002900280527697877
2022-07-31,JP1063,0.0010267763435795197
2022-07-31,JP1064,0.0017727199873083911
2022-07-31,JP1065,0.004034692573109485
2022-07-31,JP1066,0.009833446130688666
2022-07-31,JP1067,0.032601038763785735
2022-07-31,JP1068,0.0012164415325900636
2022-07-31,JP1069,0.006857430828002619
2022-07-31,JP1070,0.0016871278228832447
2022-07-31,JP1071,0.009488934314689272
2022-07-31,JP1072,0.004113501958443174
2022-07-31,JP1073,0.0007757665649202053
2022-07-31,JP1074,0.014027689795648826
2022-07-31,JP1075,0.002879411826609131
2022-07-31,JP1076,0.0036293708770864922
2022-07-31,JP1077,0.0019386462328252942
2022-07-31,JP1078,0.00243830070111236
2022-07-31,JP1079,0.00878775231928056
2022-07-31,JP1080,0.0034340725362325317
2022-07-31,JP1081,0.007545089826326785
2022-07-31,JP1082,0.006764352777879575
2022-07-31,JP1083,0.019994056415130905
2022-07-31,JP1084,0.00434392485247393
2022-07-31,JP1085,0.0009717212590366314
2022-07-31,JP1086,0.016034227770584202
2022-07-31,JP1087,0.003926453879228445
2022-07-31,JP1088,0.016376199703865075
2022-07-31,JP1089,0.0066897072012994975
2022-07-31,JP1090,0.004371577271213532
2022-07-31,JP1091,0.0064732754627520005
2022-07-31,JP1092,0.03693738626922493
2022-07-31,JP1093,0.03522517062245933
2022-07-31,JP1094,0.005159632478688615
2022-07-31,JP1095,0.0062865478373947264
2022-07-31,JP1096,0.013710707592083768
2022-07-31,JP1097,0.002074922614833555
2022-07-31,JP1098,0.006408532976287298
2022-07-31,JP1099,0.0050279824694570196
2022-07-31,JP1100,0.0067893477806365374
2022-07-31,JP1101,0.002031102690836372
2022-07-31,JP1102,0.0009632670696164632
2022-07-31,JP1103,0.0006427738092760034
2022-07-31,JP1104,0.001479946054671532
2022-07-31,JP1105,0.0031648555069473104
2022-07-31,JP1106,0.0037634606149363455
2022-07-31,JP1107,0.03544759827567583
2022-07-31,JP1108,0.014413667149565282
2022-07-31,JP1109,0.0020413863381061885
2022-07-31,JP1110,0.00783876128395158
2022-07-31,JP1111,0.003571072045625187
2022-07-31,JP1112,0.003864492030751963
2022-07-31,JP1113,0.0052482526409037104
2022-07-31,JP1114,0.011044593538280804
2022-07-31,JP1115,0.0036031705014242955
2022-07-31,JP1116,0.015032977063331947
2022-07-31,JP1117,0.0014959650637079082
2022-07-31,JP1118,0.004953389703582689
2022-07-31,JP1119,0.07600688049350804
2022-08-31,JP1000,0.0047387708455357705
2022-08-31,JP1001,0.007540733394715369
2022-08-31,JP1002,0.011961678947904238
2022-08-31,JP1003,0.0015704886887653964
2022-08-31,JP1004,0.0038691323988192675
2022-08-31,JP1005,0.02452564907313597
2022-08-31,JP1006,0.002133048011337234
2022-08-31,JP1007,0.002155108583419701
2022-08-31,JP1008,0.006179869706273524
2022-08-31,JP1009,0.012104804050860412
2022-08-31,JP1010,0.004915236674218454
2022-08-31,JP1011,0.016418773962886574
2022-08-31,JP1012,0.010624166582855329
2022-08-31,JP1013,0.010629579926501138
2022-08-31,JP1014,0.006795841606503165
2022-08-31,JP1015,0.054479738923059524
2022-08-31,JP1016,0.004359679798262175
2022-08-31,JP1017,0.0006165072199583142
2022-08-31,JP1018,0.02883888766147379
2022-08-31,JP1019,0.003185718236639303
2022-08-31,JP1020,0.006169677632319969
2022-08-31,JP1021,0.02037192574389986
2022-08-31,JP1022,0.0010114061394776886
2022-08-31,JP1023,0.0011881987083189492
2022-08-31,JP1024,0.0010467010313598584
2022-08-31,JP1025,0.0024242490012229925
2022-08-31,JP1026,0.007399391144088805
2022-08-31,JP1027,0.008734555409803437
2022-08-31,JP1028,0.006688729680688367
2022-08-31,JP1029,0.0011262831013789294
2022-08-31,JP1030,0.000500036356103705
2022-08-31,JP1031,0.005106171331454445
2022-08-31,JP1032,0.0032961271418344156
2022-08-31,JP1033,0.007594333128902431
2022-08-31,JP1034,0.009562067771610222
2022-08-31,JP1035,0.004960392224893988
2022-08-31,JP1036,0.013569097975626684
2022-08-31,JP1037,0.006116386952648952
2022-08-31,JP1038,0.007721668589272669
2022-08-31,JP1039,0.0026716471630319964
2022-08-31,JP1040,0.00433229960987087
2022-08-31,JP1041,0.006544422486448969
2022-08-31,JP1042,0.01234134569287587
2022-08-31,JP1043,0.0038304508143302287
2022-08-31,JP1044,0.007703759703490045
2022-08-31,JP1045,0.003958384498022097
2022-08-31,JP1046,0.0038634894767323653
2022-08-31,JP1047,0.011312000737018331
2022-08-31,JP1048,0.0007415758254285529
2022-08-31,JP1049,0.001272551284126316
2022-08-31,JP1050,0.0014447247745040834
2022-08-31,JP1051,0.0004942093869026559
2022-08-31,JP1052,0.0021548480093676347
2022-08-31,JP1053,0.011553342048573894
2022-08-31,JP1054,0.004778622898736492
2022-08-31,JP1055,0.00495880551053042
2022-08-31,JP1056,0.01624326999955333
2022-08-31,JP1057,0.017387804896495822
2022-08-31,JP1058,0.004723149824785157
2022-08-31,JP1059,0.017282347159213094
2022-08-31,JP1060,0.0060768946924315646
2022-08-31,JP1061,0.0021335273512565044
2022-08-31,JP1062,0.0031539497342201735
2022-08-31,JP1063,0.0010444800408977973
2022-08-31,JP1064,0.002050789494806066
2022-08-31,JP1065,0.00282250428525378
2022-08-31,JP1066,0.014737172969086314
2022-08-31,JP1067,0.03445839726515981
2022-08-31,JP1068,0.0015884559089158078
2022-08-31,JP1069,0.008785960732970307
2022-08-31,JP1070,0.0016944918960301156
2022-08-31,JP1071,0.00814414973619436
2022-08-31,JP1072,0.004595486647469295
2022-08-31,JP1073,0.0008466709104840831
2022-08-31,JP1074,0.01153935590789261
2022-08-31,JP1075,0.0024779598063245927
2022-08-31,JP1076,0.002610153461497183
2022-08-31,JP1077,0.0016729889389218051
2022-08-31,JP1078,0.002561874008320529
2022-08-31,JP1079,0.007460633304831945
2022-08-31,JP1080,0.004318443538857641
2022-08-31,JP1081,0.006155776578721556
2022-08-31,JP1082,0.006709345736224965
2022-08-31,JP1083,0.017666091367541874
2022-08-31,JP1084,0.00392013543389495
2022-08-31,JP1085,0.0011851961888620813
2022-08-31,JP1086,0.015303160099414315
2022-08-31,JP1087,0.0033272117220592315
2022-08-31,JP1088,0.015574874789339855
2022-08-31,JP1089,0.006909883713486536
2022-08-31,JP1090,0.0041448279836715785
2022-08-31,JP1091,0.007483875061011025
2022-08-31,JP1092,0.03356018260355547
2022-08-31,JP1093,0.040183094946765856
2022-08-31,JP1094,0.005309030313524312
2022-08-31,JP1095,0.005311025587855499
2022-08-31,JP1096,0.01409058760470517
2022-08-31,JP1097,0.0020651568163123106
2022-08-31,JP1098,0.006834063105810347
2022-08-31,JP1099,0.004140692702357406
2022-08-31,JP1100,0.0064753129664634505
2022-08-31,JP1101,0.0024225817190660403
2022-08-31,JP1102,0.001084575326949511
2022-08-31,JP1103,0.000615136020712173
2022-08-31,JP1104,0.001479432949598982
2022-08-31,JP1105,0.00324911250691687
2022-08-31,JP1106,0.004181180569838407
2022-08-31,JP1107,0.041097716439707485
2022-08-31,JP1108,0.014594012935522491
2022-08-31,JP1109,0.0017487787880152634
2022-08-31,JP1110,0.0075602304809778515
2022-08-31,JP1111,0.003510820466858507
2022-08-31,JP1112,0.0038331883422690256
2022-08-31,JP1113,0.005747828914958356
2022-08-31,JP1114,0.008292109547226149
2022-08-31,JP1115,0.0038776076256348633
2022-08-31,JP1116,0.01612744428761801
2022-08-31,JP1117,0.0015668720636031052
2022-08-31,JP1118,0.006076387409114925
2022-08-31,JP1119,0.06998725249394269
2022-09-30,JP1000,0.004311461384600574
2022-09-30,JP1001,0.006684638592257809
2022-09-30,JP1002,0.013185057584569199
2022-09-30,JP1003,0.001750694138357575
2022-09-30,JP1004,0.004696936705889361
2022-09-30,JP1005,0.019207969224454835
2022-09-30,JP1006,0.0023657218622736456
2022-09-30,JP1007,0.002423795671866432
2022-09-30,JP1008,0.007251900948633672
2022-09-30,JP1009,0.011892813405479838
2022-09-30,JP1010,0.006489127570997181
2022-09-30,JP1011,0.020862896304408737
2022-09-30,JP1012,0.012206196329352714
2022-09-30,JP1013,0.013533189071525778
2022-09-30,JP1014,0.008519774248601158
2022-09-30,JP1015,0.04755318884531894
2022-09-30,JP1016,0.0046029993339423625
2022-09-30,JP1017,0.0007323675409921892
2022-09-30,JP1018,0.028436128554718155
2022-09-30,JP1019,0.0036088790869408796
2022-09-30,JP1020,0.007013900805898341
2022-09-30,JP1021,0.016500483200826453
2022-09-30,JP1022,0.0010012742583060449
2022-09-30,JP1023,0.0014312490006778166
2022-09-30,JP1024,0.0011669290833639827
2022-09-30,JP1025,0.0024160183321228533
2022-09-30,JP1026,0.008986093562817358
2022-09-30,JP1027,0.008948485407774506
2022-09-30,JP1028,0.006776149607168301
2022-09-30,JP1029,0.0013421709480425082
2022-09-30,JP1030,0.0005246665508073236
2022-09-30,JP1031,0.005653709711897452
2022-09-30,JP1032,0.003429435617716906
2022-09-30,JP1033,0.00851426525355974
2022-09-30,JP1034,0.011463986918393475
2022-09-30,JP1035,0.005944131440228233
2022-09-30,JP1036,0.01120182083551867
2022-09-30,JP1037,0.005859727464287409
2022-09-30,JP1038,0.009653829331271912
2022-09-30,JP1039,0.0030205529814642364
2022-09-30,JP1040,0.0035936187214977975
2022-09-30,JP1041,0.0066849272277385696
2022-09-30,JP1042,0.011529556804491291
2022-09-30,JP1043,0.003410320403293463
2022-09-30,JP1044,0.009234217152867801
2022-09-30,JP1045,0.0039360290484729025
2022-09-30,JP1046,0.0047621264227798565
2022-09-30,JP1047,0.011387695962765718
2022-09-30,JP1048,0.000815788661542933
2022-09-30,JP1049,0.0013760416909746457
2022-09-30,JP1050,0.0010840177227807704
2022-09-30,JP1051,0.0005168840577775509
2022-09-30,JP1052,0.0024042170802920215
2022-09-30,JP1053,0.011155127245363081
2022-09-30,JP1054,0.004566775553898038
2022-09-30,JP1055,0.006248184648631944
2022-09-30,JP1056,0.013366695480002275
2022-09-30,JP1057,0.018637161018504527
2022-09-30,JP1058,0.0052126575355404626
2022-09-30,JP1059,0.020151066837914806
2022-09-30,JP1060,0.006057141189424652
2022-09-30,JP1061,0.0020924108335122617
2022-09-30,JP1062,0.002727502068757913
2022-09-30,JP1063,0.0012483349411863296
2022-09-30,JP1064,0.0024891430276257295
2022-09-30,JP1065,0.003463357294193536
2022-09-30,JP1066,0.011545634350097936
2022-09-30,JP1067,0.0321284821895444
2022-09-30,JP1068,0.0013098413474524361
2022-09-30,JP1069,0.008130215392861191
2022-09-30,JP1070,0.0016894851696463485
2022-09-30,JP1071,0.008281589201834642
2022-09-30,JP1072,0.004245067509067355
2022-09-30,JP1073,0.0006973413631892418
2022-09-30,JP1074,0.011927334271923527
2022-09-30,JP1075,0.002941156404402649
2022-09-30,JP1076,0.00319077790635569
2022-09-30,JP1077,0.001908064542722668
2022-09-30,JP1078,0.002816784050257201
2022-09-30,JP1079,0.007726630327429047
2022-09-30,JP1080,0.003548155811503042
2022-09-30,JP1081,0.006380418017587018
2022-09-30,JP1082,0.008259623409654528
2022-09-30,JP1083,0.01773305001927881
2022-09-30,JP1084,0.00362823609677239
2022-09-30,JP1085,0.001183409641609612
2022-09-30,JP1086,0.013035611237828705
2022-09-30,JP1087,0.0038217766987454905
2022-09-30,JP1088,0.018289975477059524
2022-09-30,JP1089,0.007541977047051834
2022-09-30,JP1090,0.00439697197334679
2022-09-30,JP1091,0.006500761850303901
2022-09-30,JP1092,0.03525498021194628
2022-09-30,JP1093,0.04338395045470814
2022-09-30,JP1094,0.0055164061287618854
2022-09-30,JP1095,0.005784616780345239
2022-09-30,JP1096,0.01670674625085425
2022-09-30,JP1097,0.0021536500840841273
2022-09-30,JP1098,0.006884473351019714
2022-09-30,JP1099,0.005089810786523827
2022-09-30,JP1100,0.008033258010478212
2022-09-30,JP1101,0.002203748533739615
2022-09-30,JP1102,0.000961617279436998
2022-09-30,JP1103,0.00068425873943066
2022-09-30,JP1104,0.0016297437748743898
2022-09-30,JP1105,0.0034411000412007207
2022-09-30,JP1106,0.0031296467844043143
2022-09-30,JP1107,0.0358698023156823
2022-09-30,JP1108,0.015182054063650635
2022-09-30,JP1109,0.001787704796112974
2022-09-30,JP1110,0.0064584921238557275
2022-09-30,JP1111,0.003333086685126885
2022-09-30,JP1112,0.003482239656295874
2022-09-30,JP1113,0.0046076810630927036
2022-09-30,JP1114,0.00850474845596457
2022-09-30,JP1115,0.0032474316619612877
2022-09-30,JP1116,0.014965689008880819
2022-09-30,JP1117,0.0014596002941941807
2022-09-30,JP1118,0.0051823313669606165
2022-09-30,JP1119,0.06288714463973158
2022-10-31,JP1000,0.0041052496574364265
2022-10-31,JP1001,0.008404516960876775
2022-10-31,JP1002,0.01453980647979922
2022-10-31,JP1003,0.0017325995077442386
2022-10-31,JP1004,0.00494253683678035
2022-10-31,JP1005,0.020909415838486933
2022-10-31,JP1006,0.002407600554784535
2022-10-31,JP1007,0.0024048816301063406
2022-10-31,JP1008,0.00542360084739906
2022-10-31,JP1009,0.014540162927394148
2022-10-31,JP1010,0.004772171558085449
2022-10-31,JP1011,0.018064886342860513
2022-10-31,JP1012,0.011811413713335
2022-10-31,JP1013,0.012504452102896541
2022-10-31,JP1014,0.009468196114696127
2022-10-31,JP1015,0.059610394493815395
2022-10-31,JP1016,0.004049989307199899
2022-10-31,JP1017,0.0006974992448281346
2022-10-31,JP1018,0.02134243719171625
2022-10-31,JP1019,0.0028447785864724254
2022-10-31,JP1020,0.005523491237217482
2022-10-31,JP1021,0.01921321627924161
2022-10-31,JP1022,0.0010033918768060292
2022-10-31,JP1023,0.0015083851113912583
2022-10-31,JP1024,0.0010033122044677794
2022-10-31,JP1025,0.0022094178101785774
2022-10-31,JP1026,0.009874173862936422
2022-10-31,JP1027,0.008232828681475091
2022-10-31,JP1028,0.007299311582359271
2022-10-31,JP1029,0.0010692137762703263
2022-10-31,JP1030,0.0005028242525162282
2022-10-31,JP1031,0.004938997107403977
2022-10-31,JP1032,0.0038056494631123518
2022-10-31,JP1033,0.007492387370458766
2022-10-31,JP1034,0.010065613981713005
2022-10-31,JP1035,0.0052917764597639385
2022-10-31,JP1036,0.009796544468975548
2022-10-31,JP1037,0.006245460824837224
2022-10-31,JP1038,0.008816122336658922
2022-10-31,JP1039,0.0027493110567709967
2022-10-31,JP1040,0.00394616248466016
2022-10-31,JP1041,0.005739995739571302
2022-10-31,JP1042,0.012926785818702869
2022-10-31,JP1043,0.003958678491066707
2022-10-31,JP1044,0.008356280187631841
2022-10-31,JP1045,0.004018837070466626
2022-10-31,JP1046,0.005257611886261723
2022-10-31,JP1047,0.014949282609361668
2022-10-31,JP1048,0.0007111208740433382
2022-10-31,JP1049,0.001475682834862673
2022-10-31,JP1050,0.001151844181347736
2022-10-31,JP1051,0.0004183785854116457
2022-10-31,JP1052,0.002629118736168361
2022-10-31,JP1053,0.012143742480340301
2022-10-31,JP1054,0.003490559798348217
2022-10-31,JP1055,0.005066266189400088
2022-10-31,JP1056,0.015777156626177288
2022-10-31,JP1057,0.015836527031516133
2022-10-31,JP1058,0.0039904938355489064
2022-10-31,JP1059,0.016451086338154005
2022-10-31,JP1060,0.004491106636114743
2022-10-31,JP1061,0.0024075275126585437
2022-10-31,JP1062,0.0028002015159344297
2022-10-31,JP1063,0.0013984906567353704
2022-10-31,JP1064,0.002215760554082264
2022-10-31,JP1065,0.004299026426699493
2022-10-31,JP1066,0.010479782088821108
2022-10-31,JP1067,0.028999347436238214
2022-10-31,JP1068,0.0011059061299779998
2022-10-31,JP1069,0.0072091917092767235
2022-10-31,JP1070,0.0020404618398510654
2022-10-31,JP1071,0.008011723034916507
2022-10-31,JP1072,0.004287449031799699
2022-10-31,JP1073,0.0008002262761046772
2022-10-31,JP1074,0.012844480117053306
2022-10-31,JP1075,0.002772483618724989
2022-10-31,JP1076,0.0033523696006235756
2022-10-31,JP1077,0.001597443854469521
2022-10-31,JP1078,0.002547995543056062
2022-10-31,JP1079,0.007751958940910333
2022-10-31,JP1080,0.003783570684876491
2022-10-31,JP1081,0.006647573694486779
2022-10-31,JP1082,0.007758784352623735
2022-10-31,JP1083,0.017262094354995705
2022-10-31,JP1084,0.0046872793001886594
2022-10-31,JP1085,0.0013459028955918725
2022-10-31,JP1086,0.014808119140412336
2022-10-31,JP1087,0.0038050755489424004
2022-10-31,JP1088,0.01647604790898384
2022-10-31,JP1089,0.007765115880343052
2022-10-31,JP1090,0.004431185760964162
2022-10-31,JP1091,0.00933922482873041
2022-10-31,JP1092,0.03276758019034703
2022-10-31,JP1093,0.03841861508260815
2022-10-31,JP1094,0.005402752098764466
2022-10-31,JP1095,0.006264851977148312
2022-10-31,JP1096,0.017951625581631613
2022-10-31,JP1097,0.002147781901799866
2022-10-31,JP1098,0.007397820411857074
2022-10-31,JP1099,0.005068061540989049
2022-10-31,JP1100,0.006793067507609183
2022-10-31,JP1101,0.0024622303854196577
2022-10-31,JP1102,0.0010655975543882332
2022-10-31,JP1103,0.000694989949905025
2022-10-31,JP1104,0.0015897334788342393
2022-10-31,JP1105,0.0029967191288959834
2022-10-31,JP1106,0.0036065518201710885
2022-10-31,JP1107,0.0357799828899955
2022-10-31,JP1108,0.01691200965980523
2022-10-31,JP1109,0.002358062954676796
2022-10-31,JP1110,0.007209998322415033
2022-10-31,JP1111,0.004012890821988158
2022-10-31,JP1112,0.004008908356969869
2022-10-31,JP1113,0.0056335899753712955
2022-10-31,JP1114,0.009405765827941583
2022-10-31,JP1115,0.003849448980205678
2022-10-31,JP1116,0.01578050675475528
2022-10-31,JP1117,0.0015225120126161479
2022-10-31,JP1118,0.004859779813262053
2022-10-31,JP1119,0.06500202670413013
2022-11-30,JP1000,0.004744489581715564
2022-11-30,JP1001,0.00708853228967342
2022-11-30,JP1002,0.013701787271722991
2022-11-30,JP1003,0.0017147626367139091
2022-11-30,JP1004,0.00549798944432762
2022-11-30,JP1005,0.022684513049607568
2022-11-30,JP1006,0.002622008782165333
2022-11-30,JP1007,0.0020942458429934105
2022-11-30,JP1008,0.00559053352419015
2022-11-30,JP1009,0.012723348369986884
2022-11-30,JP1010,0.005308842623463237
2022-11-30,JP1011,0.02142659913327244
2022-11-30,JP1012,0.011031793492509968
2022-11-30,JP1013,0.011766316668053946
2022-11-30,JP1014,0.007829902766075609
2022-11-30,JP1015,0.04994259476213152
2022-11-30,JP1016,0.0036073240124387764
2022-11-30,JP1017,0.0006707932571686574
2022-11-30,JP1018,0.02901181044636477
2022-11-30,JP1019,0.002971744483307605
2022-11-30,JP1020,0.0052250873152061336
2022-11-30,JP1021,0.01864387916995676
2022-11-30,JP1022,0.0010120671035109975
2022-11-30,JP1023,0.0015809474762365416
2022-11-30,JP1024,0.0009061821482602523
2022-11-30,JP1025,0.0018006505906817112
2022-11-30,JP1026,0.007993690389173615
2022-11-30,JP1027,0.010236083270014363
2022-11-30,JP1028,0.006616395186975727
2022-11-30,JP1029,0.0012962785520334418
2022-11-30,JP1030,0.0005038918865668311
2022-11-30,JP1031,0.005821579014684313
2022-11-30,JP1032,0.003100149086646649
2022-11-30,JP1033,0.008042030984859444
2022-11-30,JP1034,0.01216343138457692
2022-11-30,JP1035,0.006588415709076584
2022-11-30,JP1036,0.010212602733378867
2022-11-30,JP1037,0.006021351530582131
2022-11-30,JP1038,0.008191726589831133
2022-11-30,JP1039,0.0022605452271859095
2022-11-30,JP1040,0.004046372560776779
2022-11-30,JP1041,0.006155161467520468
2022-11-30,JP1042,0.01076016339793083
2022-11-30,JP1043,0.003633033069289366
2022-11-30,JP1044,0.00728979257253745
2022-11-30,JP1045,0.0034862768997775085
2022-11-30,JP1046,0.0048599809145539324
2022-11-30,JP1047,0.01418628503531937
2022-11-30,JP1048,0.0007152602969850767
2022-11-30,JP1049,0.0012875878776197568
2022-11-30,JP1050,0.0010399449150761684
2022-11-30,JP1051,0.00047784131058183863
2022-11-30,JP1052,0.002947794975814654
2022-11-30,JP1053,0.011398946069909552
2022-11-30,JP1054,0.003401025236401402
2022-11-30,JP1055,0.006466849694745276
2022-11-30,JP1056,0.017555257726943822
2022-11-30,JP1057,0.021724339376304903
2022-11-30,JP1058,0.005455267563969089
2022-11-30,JP1059,0.021461860305353877
2022-11-30,JP1060,0.0049360694382206225
2022-11-30,JP1061,0.0020432236215044224
2022-11-30,JP1062,0.0033609342609794224
2022-11-30,JP1063,0.0011253768171436166
2022-11-30,JP1064,0.0017417277367249384
2022-11-30,JP1065,0.0038010791553845158
2022-11-30,JP1066,0.012710853391181172
2022-11-30,JP1067,0.028371756327344823
2022-11-30,JP1068,0.0013572479220221546
2022-11-30,JP1069,0.006977378174548443
2022-11-30,JP1070,0.0017257984090921922
2022-11-30,JP1071,0.006865249717865303
2022-11-30,JP1072,0.004031840847498316
2022-11-30,JP1073,0.0009468916938156932
2022-11-30,JP1074,0.009295055389283408
2022-11-30,JP1075,0.0026883526837598397
2022-11-30,JP1076,0.002844503721569079
2022-11-30,JP1077,0.001863320441464683
2022-11-30,JP1078,0.0021490941893130095
2022-11-30,JP1079,0.007273296373424994
2022-11-30,JP1080,0.003993134294959753
2022-11-30,JP1081,0.007402748013771585
2022-11-30,JP1082,0.007342069786227168
2022-11-30,JP1083,0.016243994865016226
2022-11-30,JP1084,0.003511352311002791
2022-11-30,JP1085,0.001081191218348657
2022-11-30,JP1086,0.015583883406012973
2022-11-30,JP1087,0.0035842934310691245
2022-11-30,JP1088,0.018580534352654696
2022-11-30,JP1089,0.007026214691633746
2022-11-30,JP1090,0.0042407484057964415
2022-11-30,JP1091,0.0068773461998252435
2022-11-30,JP1092,0.03531741094170115
2022-11-30,JP1093,0.04442594670102903
2022-11-30,JP1094,0.005247884828126712
2022-11-30,JP1095,0.005773675441764462
2022-11-30,JP1096,0.015558510552671729
2022-11-30,JP1097,0.001998442642592314
2022-11-30,JP1098,0.007605000487884507
2022-11-30,JP1099,0.004801882787189795
2022-11-30,JP1100,0.006399961580096098
2022-11-30,JP1101,0.0018503610628670612
2022-11-30,JP1102,0.0009350917106634907
2022-11-30,JP1103,0.0006306646580973243
2022-11-30,JP1104,0.0016587127288803277
2022-11-30,JP1105,0.0031442336494248513
2022-11-30,JP1106,0.0032919718860318307
2022-11-30,JP1107,0.03476857321923511
2022-11-30,JP1108,0.013241475370975869
2022-11-30,JP1109,0.0017221663938332022
2022-11-30,JP1110,0.008075897612701883
2022-11-30,JP1111,0.003360437810606839
2022-11-30,JP1112,0.0040168528424361655
2022-11-30,JP1113,0.0070852432444841575
2022-11-30,JP1114,0.009420556097765435
2022-11-30,JP1115,0.003999906149382493
2022-11-30,JP1116,0.015364040455031138
2022-11-30,JP1117,0.001515225831239175
2022-11-30,JP1118,0.005059738079597616
2022-11-30,JP1119,0.06355761489049834
2022-12-31,JP1000,0.003932517235021199
2022-12-31,JP1001,0.007345275895426855
2022-12-31,JP1002,0.014083958842227769
2022-12-31,JP1003,0.0017511476168723583
2022-12-31,JP1004,0.00488394874042552
2022-12-31,JP1005,0.022632586988445794
2022-12-31,JP1006,0.0024339074334729922
2022-12-31,JP1007,0.0018019816588889842
2022-12-31,JP1008,0.006627033578868641
2022-12-31,JP1009,0.014600074617968055
2022-12-31,JP1010,0.005007860362402294
2022-12-31,JP1011,0.020984520466583705
2022-12-31,JP1012,0.011281769301198494
2022-12-31,JP1013,0.013318257423182179
2022-12-31,JP1014,0.009533265011273495
2022-12-31,JP1015,0.05140679135969279
2022-12-31,JP1016,0.004056692314640535
2022-12-31,JP1017,0.0007481049339489888
2022-12-31,JP1018,0.025974673088047545
2022-12-31,JP1019,0.002909377374354366
2022-12-31,JP1020,0.004972141646950212
2022-12-31,JP1021,0.020432992425192732
2022-12-31,JP1022,0.000970646769391954
2022-12-31,JP1023,0.0014928039776574797
2022-12-31,JP1024,0.0011121634793408242
2022-12-31,JP1025,0.0020842163654479647
2022-12-31,JP1026,0.007293553904566075
2022-12-31,JP1027,0.010331805757776947
2022-12-31,JP1028,0.006578594285045262
2022-12-31,JP1029,0.0014020142503193092
2022-12-31,JP1030,0.0006632516167353285
2022-12-31,JP1031,0.005624029940335777
2022-12-31,JP1032,0.0029766439288827985
2022-12-31,JP1033,0.00833834236202613
2022-12-31,JP1034,0.010296983973606554
2022-12-31,JP1035,0.006011839977919862
2022-12-31,JP1036,0.011948644426961143
2022-12-31,JP1037,0.007107483045991533
2022-12-31,JP1038,0.007230904520940862
2022-12-31,JP1039,0.002895325795560572
2022-12-31,JP1040,0.004466156559813129
2022-12-31,JP1041,0.005978657040488871
2022-12-31,JP1042,0.012714196897327947
2022-12-31,JP1043,0.003158155143109885
2022-12-31,JP1044,0.007921306462407214
2022-12-31,JP1045,0.004431927712466808
2022-12-31,JP1046,0.004654972748294278
2022-12-31,JP1047,0.013944200985289913
2022-12-31,JP1048,0.0006617292831538635
2022-12-31,JP1049,0.0014643877262057994
2022-12-31,JP1050,0.001227931724275019
2022-12-31,JP1051,0.0005250553381889024
2022-12-31,JP1052,0.002808320531014103
2022-12-31,JP1053,0.011520994131133782
2022-12-31,JP1054,0.003918893983188378
2022-12-31,JP1055,0.0052195179382907115
2022-12-31,JP1056,0.01685100695737869
2022-12-31,JP1057,0.01547275997976624
2022-12-31,JP1058,0.004289916195679375
2022-12-31,JP1059,0.018763113286666626
2022-12-31,JP1060,0.006241506577436607
2022-12-31,JP1061,0.0022015359736753254
2022-12-31,JP1062,0.0034620836269492433
2022-12-31,JP1063,0.0010300008351435766
2022-12-31,JP1064,0.0019168376772863423
2022-12-31,JP1065,0.002902912789434101
2022-12-31,JP1066,0.010357214410292236
2022-12-31,JP1067,0.02728351595038681
2022-12-31,JP1068,0.001511477836796873
2022-12-31,JP1069,0.008552138152309605
2022-12-31,JP1070,0.0018815141642611413
2022-12-31,JP1071,0.00810392488670294
2022-12-31,JP1072,0.0049241981032466155
2022-12-31,JP1073,0.0009466230487039561
2022-12-31,JP1074,0.012334477196304976
2022-12-31,JP1075,0.00268868543820023
2022-12-31,JP1076,0.0029204245582859422
2022-12-31,JP1077,0.0015001628893213724
2022-12-31,JP1078,0.003051355255957197
2022-12-31,JP1079,0.00752570898339308
2022-12-31,JP1080,0.004181193887004101
2022-12-31,JP1081,0.00835646880884559
2022-12-31,JP1082,0.007076203874542126
2022-12-31,JP1083,0.02211032030234703
2022-12-31,JP1084,0.003099285380534185
2022-12-31,JP1085,0.0012561636520018263
2022-12-31,JP1086,0.01446094310769438
2022-12-31,JP1087,0.0031878534734706707
2022-12-31,JP1088,0.014151452743554343
2022-12-31,JP1089,0.007738384556730026
2022-12-31,JP1090,0.0041439196756592085
2022-12-31,JP1091,0.007658776017669609
2022-12-31,JP1092,0.03396242743224254
2022-12-31,JP1093,0.03529751668170485
2022-12-31,JP1094,0.006141921873635986
2022-12-31,JP1095,0.006286509082760571
2022-12-31,JP1096,0.012739596043248938
2022-12-31,JP1097,0.002383140711226064
2022-12-31,JP1098,0.007345335654075298
2022-12-31,JP1099,0.0048537646820465356
2022-12-31,JP1100,0.006844811696538642
2022-12-31,JP1101,0.002584285526324156
2022-12-31,JP1102,0.001095400196627815
2022-12-31,JP1103,0.0007517949328576465
2022-12-31,JP1104,0.001784198895044845
2022-12-31,JP1105,0.0033655269003442212
2022-12-31,JP1106,0.0035961184463715835
2022-12-31,JP1107,0.036663662571329615
2022-12-31,JP1108,0.017406943557058047
2022-12-31,JP1109,0.002003321365002966
2022-12-31,JP1110,0.008936313843147659
2022-12-31,JP1111,0.0038330012247296315
2022-12-31,JP1112,0.0034715030417787605
2022-12-31,JP1113,0.005963222541141524
2022-12-31,JP1114,0.010332356145743953
2022-12-31,JP1115,0.003179813707780453
2022-12-31,JP1116,0.014894346831117244
2022-12-31,JP1117,0.0015122107179140055
2022-12-31,JP1118,0.005255026615296206
2022-12-31,JP1119,0.06368733793103766
2023-01-31,JP1000,0.004750516422520004
2023-01-31,JP1001,0.008103277489044455
2023-01-31,JP1002,0.01626854705929037
2023-01-31,JP1003,0.0015586830622755286
2023-01-31,JP1004,0.004169569831601422
2023-01-31,JP1005,0.020902725228233426
2023-01-31,JP1006,0.0025693944440951092
2023-01-31,JP1007,0.0023154137889220983
2023-01-31,JP1008,0.006676016753391558
2023-01-31,JP1009,0.009709822425783152
2023-01-31,JP1010,0.006038074488641207
2023-01-31,JP1011,0.01992352260394184
2023-01-31,JP1012,0.012826200334404595
2023-01-31,JP1013,0.012407382598639164
2023-01-31,JP1014,0.008421382909861698
2023-01-31,JP1015,0.055639590609910555
2023-01-31,JP1016,0.004228725052398594
2023-01-31,JP1017,0.0006992212872051925
2023-01-31,JP1018,0.02692386710632016
2023-01-31,JP1019,0.0032267910482117012
2023-01-31,JP1020,0.005009075120795697
2023-01-31,JP1021,0.018743370589064844
2023-01-31,JP1022,0.0012210147147117831
2023-01-31,JP1023,0.0013943804587204253
2023-01-31,JP1024,0.0010487196997543415
2023-01-31,JP1025,0.0025313135322908246
2023-01-31,JP1026,0.009884893929639808
2023-01-31,JP1027,0.008482905937743689
2023-01-31,JP1028,0.006007417405105596
2023-01-31,JP1029,0.001341684010025962
2023-01-31,JP1030,0.0004714742952642984
2023-01-31,JP1031,0.005603127392249727
2023-01-31,JP1032,0.003415303090142249
2023-01-31,JP1033,0.007774805320952733
2023-01-31,JP1034,0.010116691835429178
2023-01-31,JP1035,0.006421186851535393
2023-01-31,JP1036,0.012290595364715013
2023-01-31,JP1037,0.006508261865681199
2023-01-31,JP1038,0.008902790066548684
2023-01-31,JP1039,0.002275893644749289
2023-01-31,JP1040,0.004356355764396738
2023-01-31,JP1041,0.006031832144423408
2023-01-31,JP1042,0.011796860993076723
2023-01-31,JP1043,0.0040049052280829
2023-01-31,JP1044,0.007752309867933961
2023-01-31,JP1045,0.004442138040866817
2023-01-31,JP1046,0.0046709965676292094
2023-01-31,JP1047,0.011778365516796108
2023-01-31,JP1048,0.0006437182579992003
2023-01-31,JP1049,0.0014490672828701803
2023-01-31,JP1050,0.001454120483232768
2023-01-31,JP1051,0.00038715374429813083
2023-01-31,JP1052,0.0021503332133908193
2023-01-31,JP1053,0.010710183007905017
2023-01-31,JP1054,0.004003850023478164
2023-01-31,JP1055,0.006897661761975853
2023-01-31,JP1056,0.016020482547955756
2023-01-31,JP1057,0.016502757443552445
2023-01-31,JP1058,0.005113646777319677
2023-01-31,JP1059,0.01960472700616124
2023-01-31,JP1060,0.0061724599840032495
2023-01-31,JP1061,0.0020757718079083072
2023-01-31,JP1062,0.002439652902012741
2023-01-31,JP1063,0.0011205268425933646
2023-01-31,JP1064,0.002226452062312254
2023-01-31,JP1065,0.0037423671152012473
2023-01-31,JP1066,0.011527252518580175
2023-01-31,JP1067,0.027086980043063685
2023-01-31,JP1068,0.0012764232092592875
2023-01-31,JP1069,0.008850223911702254
2023-01-31,JP1070,0.0023492828659011002
2023-01-31,JP1071,0.008642524287761924
2023-01-31,JP1072,0.005007165147969265
2023-01-31,JP1073,0.0007678171314766036
2023-01-31,JP1074,0.014925392901918197
2023-01-31,JP1075,0.002716974093148835
2023-01-31,JP1076,0.002661424426602618
2023-01-31,JP1077,0.0019836039552010385
2023-01-31,JP1078,0.0027023469086657555
2023-01-31,JP1079,0.009085754340730952
2023-01-31,JP1080,0.004631273630131481
2023-01-31,JP1081,0.006288587619662026
2023-01-31,JP1082,0.007536983542469348
2023-01-31,JP1083,0.01764445181462134
2023-01-31,JP1084,0.00414968473982037
2023-01-31,JP1085,0.0011867306447612457
2023-01-31,JP1086,0.01402492029478915
2023-01-31,JP1087,0.0030190218242569194
2023-01-31,JP1088,0.017648514539880616
2023-01-31,JP1089,0.007304946196515202
2023-01-31,JP1090,0.004402274824768526
2023-01-31,JP1091,0.007664479884093265
2023-01-31,JP1092,0.033182014045535065
2023-01-31,JP1093,0.035325482505616373
2023-01-31,JP1094,0.005630071969657552
2023-01-31,JP1095,0.005509787752265758
2023-01-31,JP1096,0.01499921892091835
2023-01-31,JP1097,0.0020283858267892024
2023-01-31,JP1098,0.006275081393748195
2023-01-31,JP1099,0.0042607207902312354
2023-01-31,JP1100,0.007123848192417885
2023-01-31,JP1101,0.0024985765173678332
2023-01-31,JP1102,0.0011591293733782552
2023-01-31,JP1103,0.0006498210201534195
2023-01-31,JP1104,0.0019435795440718951
2023-01-31,JP1105,0.0030869993231188993
2023-01-31,JP1106,0.004170894284402024
2023-01-31,JP1107,0.034037412560464636
2023-01-31,JP1108,0.01448107594229408
2023-01-31,JP1109,0.0021346672350843953
2023-01-31,JP1110,0.007617218542532398
2023-01-31,JP1111,0.0036521546018268547
2023-01-31,JP1112,0.003340847900124667
2023-01-31,JP1113,0.006873445179252479
2023-01-31,JP1114,0.010240259578514184
2023-01-31,JP1115,0.003525065017646498
2023-01-31,JP1116,0.015824953701177927
2023-01-31,JP1117,0.0018351387577168127
2023-01-31,JP1118,0.004817165952602336
2023-01-31,JP1119,0.06433962221615068
2023-02-28,JP1000,0.004192276111050068
2023-02-28,JP1001,0.0072589868066881644
2023-02-28,JP1002,0.015319716632030642
2023-02-28,JP1003,0.0017536788553469038
2023-02-28,JP1004,0.0041406264342339905
2023-02-28,JP1005,0.02239802199956624
2023-02-28,JP1006,0.002503345101847319
2023-02-28,JP1007,0.0028464864954574664
2023-02-28,JP1008,0.007185725686863449
2023-02-28,JP1009,0.016143272426297674
2023-02-28,JP1010,0.00458492631931696
2023-02-28,JP1011,0.021888588275224274
2023-02-28,JP1012,0.013873320059994608
2023-02-28,JP1013,0.011737054410069715
2023-02-28,JP1014,0.008438099860616355
2023-02-28,JP1015,0.055660052201126894
2023-02-28,JP1016,0.00397543368416732
2023-02-28,JP1017,0.000606510821598113
2023-02-28,JP1018,0.021767401453486535
2023-02-28,JP1019,0.002746992851234636
2023-02-28,JP1020,0.005749269729941488
2023-02-28,JP1021,0.01997654509585396
2023-02-28,JP1022,0.0009214194144100626
2023-02-28,JP1023,0.0015137650653802403
2023-02-28,JP1024,0.001066374441938378
2023-02-28,JP1025,0.0023594295914281223
2023-02-28,JP1026,0.008377166651146684
2023-02-28,JP1027,0.008702624617706635
2023-02-28,JP1028,0.007594648861019322
2023-02-28,JP1029,0.0013066840336049977
2023-02-28,JP1030,0.000441455564428813
2023-02-28,JP1031,0.006399626366613661
2023-02-28,JP1032,0.00285773098026829
2023-02-28,JP1033,0.007969710394278812
2023-02-28,JP1034,0.013131949310094794
2023-02-28,JP1035,0.006080547561541558
2023-02-28,JP1036,0.009931993667138782
2023-02-28,JP1037,0.006558555469549315
2023-02-28,JP1038,0.009026657231167155
2023-02-28,JP1039,0.0025429507250251887
2023-02-28,JP1040,0.004005200960983434
2023-02-28,JP1041,0.005401492748009804
2023-02-28,JP1042,0.010195490886952114
2023-02-28,JP1043,0.0031462411098088154
2023-02-28,JP1044,0.009665294815791684
2023-02-28,JP1045,0.003421742337416485
2023-02-28,JP1046,0.004553584717940394
2023-02-28,JP1047,0.013292961431595434
2023-02-28,JP1048,0.0007333723098140635
2023-02-28,JP1049,0.0015897054236271144
2023-02-28,JP1050,0.0010801094483109616
2023-02-28,JP1051,0.000520523848219065
2023-02-28,JP1052,0.0028711383276282003
2023-02-28,JP1053,0.01172159978080577
2023-02-28,JP1054,0.004145357283725191
2023-02-28,JP1055,0.005453235189591316
2023-02-28,JP1056,0.016019487427924035
2023-02-28,JP1057,0.019972252025555044
2023-02-28,JP1058,0.0046353487138073544
2023-02-28,JP1059,0.018374729545413304
2023-02-28,JP1060,0.005783756233368781
2023-02-28,JP1061,0.001977335974515558
2023-02-28,JP1062,0.0026653939775193973
2023-02-28,JP1063,0.0012605645522100295
2023-02-28,JP1064,0.0023023920940697137
2023-02-28,JP1065,0.003699045127595483
2023-02-28,JP1066,0.01075626015849804
2023-02-28,JP1067,0.0252165188352735
2023-02-28,JP1068,0.001170881506086976
2023-02-28,JP1069,0.008493240466447187
2023-02-28,JP1070,0.0018162836467215454
2023-02-28,JP1071,0.00802359880754129
2023-02-28,JP1072,0.004495793397584813
2023-02-28,JP1073,0.0008653966080392026
2023-02-28,JP1074,0.011513499358431503
2023-02-28,JP1075,0.0026228080490528255
2023-02-28,JP1076,0.003153738562308845
2023-02-28,JP1077,0.0017719975348793144
2023-02-28,JP1078,0.0029276795266206944
2023-02-28,JP1079,0.008340413052721674
2023-02-28,JP1080,0.003862948820427503
2023-02-28,JP1081,0.005016790499612284
2023-02-28,JP1082,0.00739077126306892
2023-02-28,JP1083,0.017013645889033004
2023-02-28,JP1084,0.003765406600012584
2023-02-28,JP1085,0.0013499575806941951
2023-02-28,JP1086,0.013225406035148922
2023-02-28,JP1087,0.0038614384609524264
2023-02-28,JP1088,0.016768441621616604
2023-02-28,JP1089,0.007658612923931494
2023-02-28,JP1090,0.0045700908600733075
2023-02-28,JP1091,0.005806720597308229
2023-02-28,JP1092,0.03571064508619308
2023-02-28,JP1093,0.04020514873862968
2023-02-28,JP1094,0.0060028611598115286
2023-02-28,JP1095,0.006514741032916022
2023-02-28,JP1096,0.014056543152521467
2023-02-28,JP1097,0.001790019166065702
2023-02-28,JP1098,0.005997553918312905
2023-02-28,JP1099,0.005656985350745456
2023-02-28,JP1100,0.00684871728477972
2023-02-28,JP1101,0.001896195881514841
2023-02-28,JP1102,0.0009012983972449632
2023-02-28,JP1103,0.0006491955930798853
2023-02-28,JP1104,0.001669616713602596
2023-02-28,JP1105,0.0037614192511676225
2023-02-28,JP1106,0.0037309755103393837
2023-02-28,JP1107,0.036369507936239005
2023-02-28,JP1108,0.015175525021146642
2023-02-28,JP1109,0.0020910874865914105
2023-02-28,JP1110,0.008513016837742594
2023-02-28,JP1111,0.0036886057793730615
2023-02-28,JP1112,0.004621045984560688
2023-02-28,JP1113,0.006406437849085381
2023-02-28,JP1114,0.007992063917844048
2023-02-28,JP1115,0.0033075948122246743
2023-02-28,JP1116,0.015860303938984122
2023-02-28,JP1117,0.0015711630310657975
2023-02-28,JP1118,0.00507540400935826
2023-02-28,JP1119,0.062461008945820476
2023-03-31,JP1000,0.004553209585851915
2023-03-31,JP1001,0.008234718617703293
2023-03-31,JP1002,0.01418973100639194
2023-03-31,JP1003,0.0014256187759795766
2023-03-31,JP1004,0.004121023969467755
2023-03-31,JP1005,0.019959355839761824
2023-03-31,JP1006,0.002026078414621903
2023-03-31,JP1007,0.0022231921563019134
2023-03-31,JP1008,0.006630013394060704
2023-03-31,JP1009,0.013193391986047978
2023-03-31,JP1010,0.00546999186334726
2023-03-31,JP1011,0.018381829196961744
2023-03-31,JP1012,0.013507427558054954
2023-03-31,JP1013,0.011693018128044642
2023-03-31,JP1014,0.009010335747169982
2023-03-31,JP1015,0.04938447873346262
2023-03-31,JP1016,0.0040899958152058775
2023-03-31,JP1017,0.000665357316413258
2023-03-31,JP1018,0.0222938998416589
2023-03-31,JP1019,0.003470204850882231
2023-03-31,JP1020,0.00582907330957436
2023-03-31,JP1021,0.020640380627684297
2023-03-31,JP1022,0.0009661396862292373
2023-03-31,JP1023,0.0015795020443243458
2023-03-31,JP1024,0.0008869685379216429
2023-03-31,JP1025,0.0024552220821321856
2023-03-31,JP1026,0.008545680677530296
2023-03-31,JP1027,0.007834586175211395
2023-03-31,JP1028,0.007584895423676689
2023-03-31,JP1029,0.0014641755217293547
2023-03-31,JP1030,0.0004822091953305789
2023-03-31,JP1031,0.006280836371620645
2023-03-31,JP1032,0.0027081426696680946
2023-03-31,JP1033,0.008036300497750682
2023-03-31,JP1034,0.007994477708320619
2023-03-31,JP1035,0.006484507452930206
2023-03-31,JP1036,0.009443323024393607
2023-03-31,JP1037,0.005324397989421277
2023-03-31,JP1038,0.008975579861505554
2023-03-31,JP1039,0.0028212064101683313
2023-03-31,JP1040,0.004129471565795351
2023-03-31,JP1041,0.006351026364250007
2023-03-31,JP1042,0.013942315218857007
2023-03-31,JP1043,0.003156299651125867
2023-03-31,JP1044,0.007855654867896973
2023-03-31,JP1045,0.004397046976038111
2023-03-31,JP1046,0.004679075462417635
2023-03-31,JP1047,0.013601943713981102
2023-03-31,JP1048,0.0006160516034205595
2023-03-31,JP1049,0.001176858959103139
2023-03-31,JP1050,0.001012693660613197
2023-03-31,JP1051,0.0005354034358375705
2023-03-31,JP1052,0.002944683332909828
2023-03-31,JP1053,0.012118247923085758
2023-03-31,JP1054,0.004091313044945531
2023-03-31,JP1055,0.007108429964504493
2023-03-31,JP1056,0.014392221366625015
2023-03-31,JP1057,0.01591579537857726
2023-03-31,JP1058,0.004085252366291957
2023-03-31,JP1059,0.017226928805773086
2023-03-31,JP1060,0.004649795423094164
2023-03-31,JP1061,0.0019440235416085694
2023-03-31,JP1062,0.0025889740189444835
2023-03-31,JP1063,0.0012440236936962995
2023-03-31,JP1064,0.0021803938791489274
2023-03-31,JP1065,0.004183050856382115
2023-03-31,JP1066,0.01015364946146741
2023-03-31,JP1067,0.02985321021010687
2023-03-31,JP1068,0.0014734919824387525
2023-03-31,JP1069,0.007242365813393365
2023-03-31,JP1070,0.0017387113213424767
2023-03-31,JP1071,0.009497992389442315
2023-03-31,JP1072,0.004355912894526683
2023-03-31,JP1073,0.0009518258883358119
2023-03-31,JP1074,0.011227413175474595
2023-03-31,JP1075,0.0033039677027417863
2023-03-31,JP1076,0.0034214054999763097
2023-03-31,JP1077,0.0016045098814097458
2023-03-31,JP1078,0.002593748305440293
2023-03-31,JP1079,0.006972635938086987
2023-03-31,JP1080,0.0040536101886143655
2023-03-31,JP1081,0.0061134307265189435
2023-03-31,JP1082,0.006184951475414679
2023-03-31,JP1083,0.017004556255391264
2023-03-31,JP1084,0.004051582129974646
2023-03-31,JP1085,0.000975640142793056
2023-03-31,JP1086,0.01716219415194066
2023-03-31,JP1087,0.0040478097679194575
2023-03-31,JP1088,0.017895388900509544
2023-03-31,JP1089,0.007815109486078413
2023-03-31,JP1090,0.005322732273433834
2023-03-31,JP1091,0.0063189704411557475
2023-03-31,JP1092,0.041515068944364554
2023-03-31,JP1093,0.05566405179461192
2023-03-31,JP1094,0.005372211448287072
2023-03-31,JP1095,0.0060066368278914525
2023-03-31,JP1096,0.013767468744033003
2023-03-31,JP1097,0.002223732532254144
2023-03-31,JP1098,0.007314762663410554
2023-03-31,JP1099,0.0039592171096008676
2023-03-31,JP1100,0.007488144897942985
2023-03-31,JP1101,0.002498775572291669
2023-03-31,JP1102,0.0009612943827318032
2023-03-31,JP1103,0.0006205089868718465
2023-03-31,JP1104,0.001832435572473238
2023-03-31,JP1105,0.0029642208433821537
2023-03-31,JP1106,0.004134410170585325
2023-03-31,JP1107,0.036746681534365916
2023-03-31,JP1108,0.019642429993657264
2023-03-31,JP1109,0.0019411873421120022
2023-03-31,JP1110,0.006907012557367418
2023-03-31,JP1111,0.003510802722255238
2023-03-31,JP1112,0.003917339452951626
2023-03-31,JP1113,0.007291653033746594
2023-03-31,JP1114,0.01119343013064247
2023-03-31,JP1115,0.003407552917156716
2023-03-31,JP1116,0.014626564272437748
2023-03-31,JP1117,0.0015323616143810333
2023-03-31,JP1118,0.004746343633891498
2023-03-31,JP1119,0.04988943076093624
2023-04-30,JP1000,0.004706338129013423
2023-04-30,JP1001,0.008578309234943366
2023-04-30,JP1002,0.015693751321236314
2023-04-30,JP1003,0.0019187999193761916
2023-04-30,JP1004,0.004819105134946065
2023-04-30,JP1005,0.020552747174274917
2023-04-30,JP1006,0.0025215435826202426
2023-04-30,JP1007,0.0020479568476093318
2023-04-30,JP1008,0.007039738810143763
2023-04-30,JP1009,0.012438662053039628
2023-04-30,JP1010,0.005882383072710273
2023-04-30,JP1011,0.022066394907634103
2023-04-30,JP1012,0.012787595692254104
2023-04-30,JP1013,0.011265590056511458
2023-04-30,JP1014,0.007224140214449293
2023-04-30,JP1015,0.056232887863706
2023-04-30,JP1016,0.004160337577294684
2023-04-30,JP1017,0.00075887248297405
2023-04-30,JP1018,0.027705978893171165
2023-04-30,JP1019,0.0034893178533193757
2023-04-30,JP1020,0.005930788434522493
2023-04-30,JP1021,0.016301324773780077
2023-04-30,JP1022,0.0011873057671909332
2023-04-30,JP1023,0.0013102531316852256
2023-04-30,JP1024,0.0009817309405968128
2023-04-30,JP1025,0.0022713684427421296
2023-04-30,JP1026,0.008077143959737592
2023-04-30,JP1027,0.008498097466296132
2023-04-30,JP1028,0.006477035408874147
2023-04-30,JP1029,0.0013703373687872903
2023-04-30,JP1030,0.00045126668724484905
2023-04-30,JP1031,0.005261837824999356
2023-04-30,JP1032,0.0026277471301553706
2023-04-30,JP1033,0.00741762880358137
2023-04-30,JP1034,0.008963933519554164
2023-04-30,JP1035,0.006418659308796412
2023-04-30,JP1036,0.011317821016536384
2023-04-30,JP1037,0.006024841518420959
2023-04-30,JP1038,0.006409321367514013
2023-04-30,JP1039,0.0022040801861332266
2023-04-30,JP1040,0.0038886169020115706
2023-04-30,JP1041,0.006099995179439569
2023-04-30,JP1042,0.01272893440369321
2023-04-30,JP1043,0.00303422402046288
2023-04-30,JP1044,0.007641980638856805
2023-04-30,JP1045,0.0033673736059611973
2023-04-30,JP1046,0.004619574710356777
2023-04-30,JP1047,0.009584702351553075
2023-04-30,JP1048,0.0005933254664476791
2023-04-30,JP1049,0.0014891904420157704
2023-04-30,JP1050,0.0013740773983461363
2023-04-30,JP1051,0.0005067794415533838
2023-04-30,JP1052,0.002554611893711295
2023-04-30,JP1053,0.013664526615731962
2023-04-30,JP1054,0.003708111410240181
2023-04-30,JP1055,0.006010626465152615
2023-04-30,JP1056,0.014630990463755916
2023-04-30,JP1057,0.022767128242044746
2023-04-30,JP1058,0.005115753461763534
2023-04-30,JP1059,0.021199751209658724
2023-04-30,JP1060,0.00588466042695116
2023-04-30,JP1061,0.002147923832932123
2023-04-30,JP1062,0.002775547294454267
2023-04-30,JP1063,0.0010731216001109755
2023-04-30,JP1064,0.0020540618731041253
2023-04-30,JP1065,0.003735227782249932
2023-04-30,JP1066,0.011377122448044227
2023-04-30,JP1067,0.03147710804180184
2023-04-30,JP1068,0.0013386167310018848
2023-04-30,JP1069,0.00784107406249079
2023-04-30,JP1070,0.0016824253914570874
2023-04-30,JP1071,0.00738620205517506
2023-04-30,JP1072,0.0040708413430711006
2023-04-30,JP1073,0.0009281572092013373
2023-04-30,JP1074,0.011057938317398295
2023-04-30,JP1075,0.0028908610323786694
2023-04-30,JP1076,0.003104056456638434
2023-04-30,JP1077,0.0016642729915228578
2023-04-30,JP1078,0.002690406953454495
2023-04-30,JP1079,0.00810580111061567
2023-04-30,JP1080,0.0038297797761526736
2023-04-30,JP1081,0.006667763241026413
2023-04-30,JP1082,0.00736013965097541
2023-04-30,JP1083,0.019257456811071782
2023-04-30,JP1084,0.003198199112859927
2023-04-30,JP1085,0.0011865357113572152
2023-04-30,JP1086,0.015163705873619196
2023-04-30,JP1087,0.004086373397577924
2023-04-30,JP1088,0.01566826365326536
2023-04-30,JP1089,0.0072590361996430755
2023-04-30,JP1090,0.004878319582220496
2023-04-30,JP1091,0.008160841852028361
2023-04-30,JP1092,0.03155428048547688
2023-04-30,JP1093,0.0390027074586787
2023-04-30,JP1094,0.004467817706245405
2023-04-30,JP1095,0.005489889589292553
2023-04-30,JP1096,0.017522693148796255
2023-04-30,JP1097,0.0019850296778343613
2023-04-30,JP1098,0.0075248978216627795
2023-04-30,JP1099,0.0052261565661155035
2023-04-30,JP1100,0.006646038472922728
2023-04-30,JP1101,0.0021375844490305186
2023-04-30,JP1102,0.0012069943899559422
2023-04-30,JP1103,0.0007116423595173367
2023-04-30,JP1104,0.002106014533584901
2023-04-30,JP1105,0.002520068827843628
2023-04-30,JP1106,0.004049778648021958
2023-04-30,JP1107,0.028140333648500764
2023-04-30,JP1108,0.015491084927420858
2023-04-30,JP1109,0.001922824217701796
2023-04-30,JP1110,0.006495051435837306
2023-04-30,JP1111,0.0032230372612187344
2023-04-30,JP1112,0.003756716185625557
2023-04-30,JP1113,0.006468040519743642
2023-04-30,JP1114,0.008519281957014308
2023-04-30,JP1115,0.0034033989411523732
2023-04-30,JP1116,0.015698795555099218
2023-04-30,JP1117,0.0017642715560409687
2023-04-30,JP1118,0.006733307979052851
2023-04-30,JP1119,0.07025717166362634
2023-05-31,JP1000,0.004479935225000921
2023-05-31,JP1001,0.007986452032682261
2023-05-31,JP1002,0.013162770009816508
2023-05-31,JP1003,0.0017386800157011104
2023-05-31,JP1004,0.004872324736402825
2023-05-31,JP1005,0.025466961331416297
2023-05-31,JP1006,0.002190600343323502
2023-05-31,JP1007,0.002479897071472165
2023-05-31,JP1008,0.005680855982681939
2023-05-31,JP1009,0.011903447802716557
2023-05-31,JP1010,0.005213800899625749
2023-05-31,JP1011,0.018027435939899895
2023-05-31,JP1012,0.011596497167217027
2023-05-31,JP1013,0.00974316120661981
2023-05-31,JP1014,0.00937697995536377
2023-05-31,JP1015,0.04997677124238866
2023-05-31,JP1016,0.004064602942566505
2023-05-31,JP1017,0.0006382063103539125
2023-05-31,JP1018,0.02680862527863976
2023-05-31,JP1019,0.0032300390716419876
2023-05-31,JP1020,0.004976011026789885
2023-05-31,JP1021,0.018356253615744986
2023-05-31,JP1022,0.0009101912012504666
2023-05-31,JP1023,0.001436274196669588
2023-05-31,JP1024,0.0010818400927736312
2023-05-31,JP1025,0.0023089555503497303
2023-05-31,JP1026,0.008123299263801682
2023-05-31,JP1027,0.009408025114166536
2023-05-31,JP1028,0.006086493496309224
2023-05-31,JP1029,0.001167698502439258
2023-05-31,JP1030,0.00041543838866147775
2023-05-31,JP1031,0.005094027637980127
2023-05-31,JP1032,0.0029404357827321026
2023-05-31,JP1033,0.008469328588826533
2023-05-31,JP1034,0.010588333338999466
2023-05-31,JP1035,0.006685846353047216
2023-05-31,JP1036,0.010192537500855154
2023-05-31,JP1037,0.006557018762426243
2023-05-31,JP1038,0.009168383094141768
2023-05-31,JP1039,0.0031146658923207502
2023-05-31,JP1040,0.004373699426387931
2023-05-31,JP1041,0.006071680594724624
2023-05-31,JP1042,0.011527740943753527
2023-05-31,JP1043,0.0035411578054011785
2023-05-31,JP1044,0.009681042948812247
2023-05-31,JP1045,0.0036813356939821807
2023-05-31,JP1046,0.0041496738290472705
2023-05-31,JP1047,0.014930024243917928
2023-05-31,JP1048,0.0006101333968028488
2023-05-31,JP1049,0.0014929523232634738
2023-05-31,JP1050,0.0011866128226786714
2023-05-31,JP1051,0.000501699450884966
2023-05-31,JP1052,0.0022493414871148625
2023-05-31,JP1053,0.01390161933482444
2023-05-31,JP1054,0.0038359868539939107
2023-05-31,JP1055,0.005800480474939029
2023-05-31,JP1056,0.01303859380799144
2023-05-31,JP1057,0.015460150877127724
2023-05-31,JP1058,0.005017546314349225
2023-05-31,JP1059,0.017840806300618194
2023-05-31,JP1060,0.00534937536531645
2023-05-31,JP1061,0.0020421959870689332
2023-05-31,JP1062,0.002918428107955899
2023-05-31,JP1063,0.0011854015750690638
2023-05-31,JP1064,0.0022227327407639955
2023-05-31,JP1065,0.0037911531454626465
2023-05-31,JP1066,0.010419206244271333
2023-05-31,JP1067,0.024477836350046602
2023-05-31,JP1068,0.0012394102693921393
2023-05-31,JP1069,0.00781641546569224
2023-05-31,JP1070,0.0017895192570170442
2023-05-31,JP1071,0.006682093028488773
2023-05-31,JP1072,0.004420824454587444
2023-05-31,JP1073,0.0007266582462604464
2023-05-31,JP1074,0.012707274980974775
2023-05-31,JP1075,0.003013541081356014
2023-05-31,JP1076,0.0022897250075999643
2023-05-31,JP1077,0.0019989528508540274
2023-05-31,JP1078,0.0023461535228183135
2023-05-31,JP1079,0.008492178495775575
2023-05-31,JP1080,0.0045110207388540866
2023-05-31,JP1081,0.006754496818333175
2023-05-31,JP1082,0.00753102880888125
2023-05-31,JP1083,0.017499603846662857
2023-05-31,JP1084,0.0029930356377953216
2023-05-31,JP1085,0.0012822039434931553
2023-05-31,JP1086,0.01360680372011467
2023-05-31,JP1087,0.004307052460004015
2023-05-31,JP1088,0.016685814365337608
2023-05-31,JP1089,0.006757012081364183
2023-05-31,JP1090,0.004661709987165896
2023-05-31,JP1091,0.007487447978863276
2023-05-31,JP1092,0.04188511518013783
2023-05-31,JP1093,0.03808231078130283
2023-05-31,JP1094,0.00524785066792754
2023-05-31,JP1095,0.006142204279357197
2023-05-31,JP1096,0.014727561093018525
2023-05-31,JP1097,0.001871943136076005
2023-05-31,JP1098,0.00773858280588285
2023-05-31,JP1099,0.0057294507771723895
2023-05-31,JP1100,0.006965052510812993
2023-05-31,JP1101,0.001917515445829306
2023-05-31,JP1102,0.0010108443128986184
2023-05-31,JP1103,0.0005756532431717296
2023-05-31,JP1104,0.0015973839770877468
2023-05-31,JP1105,0.003226935892536902
2023-05-31,JP1106,0.00399114285649111
2023-05-31,JP1107,0.040021295136803414
2023-05-31,JP1108,0.016124968181029486
2023-05-31,JP1109,0.0017224966524026467
2023-05-31,JP1110,0.007595523840702364
2023-05-31,JP1111,0.003241421999226826
2023-05-31,JP1112,0.0037061965818093374
2023-05-31,JP1113,0.006023008951234774
2023-05-31,JP1114,0.009434213159846239
2023-05-31,JP1115,0.0039498058702951665
2023-05-31,JP1116,0.01525943947121229
2023-05-31,JP1117,0.0014207347732151814
2023-05-31,JP1118,0.0043396467159528065
2023-05-31,JP1119,0.07183401424649206
2023-06-30,JP1000,0.0048099503122614054
2023-06-30,JP1001,0.006599668715296935
2023-06-30,JP1002,0.013925754278408458
2023-06-30,JP1003,0.001735938915735131
2023-06-30,JP1004,0.0036436474177954123
2023-06-30,JP1005,0.01978085165265555
2023-06-30,JP1006,0.002459132289195473
2023-06-30,JP1007,0.0024817940359374967
2023-06-30,JP1008,0.005663397980807967
2023-06-30,JP1009,0.010630435148485176
2023-06-30,JP1010,0.0053789594920834625
2023-06-30,JP1011,0.020431490610817043
2023-06-30,JP1012,0.012911634663511057
2023-06-30,JP1013,0.01184411906867832
2023-06-30,JP1014,0.008240009420641565
2023-06-30,JP1015,0.055365427299117524
2023-06-30,JP1016,0.0040324753806417115
2023-06-30,JP1017,0.0007200106166699783
2023-06-30,JP1018,0.02357786675238551
2023-06-30,JP1019,0.0030933032762150772
2023-06-30,JP1020,0.005867057166486644
2023-06-30,JP1021,0.01505594862459426
2023-06-30,JP1022,0.0011497518804269439
2023-06-30,JP1023,0.0014208390279098055
2023-06-30,JP1024,0.0007594434161662584
2023-06-30,JP1025,0.002294915320940965
2023-06-30,JP1026,0.007420456244940464
2023-06-30,JP1027,0.0075980268990515016
2023-06-30,JP1028,0.008004350748855256
2023-06-30,JP1029,0.0013216314230162555
2023-06-30,JP1030,0.0004877433049915949
2023-06-30,JP1031,0.005300135392253806
2023-06-30,JP1032,0.0031990853962592164
2023-06-30,JP1033,0.00671592455795454
2023-06-30,JP1034,0.013102037257421137
2023-06-30,JP1035,0.005758183838320003
2023-06-30,JP1036,0.012793190293149244
2023-06-30,JP1037,0.005768063845948649
2023-06-30,JP1038,0.00899503698236936
2023-06-30,JP1039,0.0021922023793746947
2023-06-30,JP1040,0.0031272376432997092
2023-06-30,JP1041,0.006653507945313312
2023-06-30,JP1042,0.01156468826915405
2023-06-30,JP1043,0.0031936531093247843
2023-06-30,JP1044,0.005998973769248137
2023-06-30,JP1045,0.0036511346172575514
2023-06-30,JP1046,0.004561957038585338
2023-06-30,JP1047,0.01027507662429193
2023-06-30,JP1048,0.0006893953256188054
2023-06-30,JP1049,0.0012814468864230475
2023-06-30,JP1050,0.0010055931157845904
2023-06-30,JP1051,0.00047715478057224674
2023-06-30,JP1052,0.002039460750486081
2023-06-30,JP1053,0.011106266534360249
2023-06-30,JP1054,0.003791962636827366
2023-06-30,JP1055,0.006463775123164284
2023-06-30,JP1056,0.016610083435409612
2023-06-30,JP1057,0.018363204153223414
2023-06-30,JP1058,0.003560865702622064
2023-06-30,JP1059,0.01883741863824312
2023-06-30,JP1060,0.004882002120637493
2023-06-30,JP1061,0.0024937898651107176
2023-06-30,JP1062,0.0026550166253505553
2023-06-30,JP1063,0.0012355672498690785
2023-06-30,JP1064,0.0023771444640313544
2023-06-30,JP1065,0.003238608883769053
2023-06-30,JP1066,0.011235383430665553
2023-06-30,JP1067,0.02801180484063881
2023-06-30,JP1068,0.0015626421081982602
2023-06-30,JP1069,0.008392780689298851
2023-06-30,JP1070,0.0015856043598650449
2023-06-30,JP1071,0.007550117908521717
2023-06-30,JP1072,0.004180602622657193
2023-06-30,JP1073,0.0007377132119456956
2023-06-30,JP1074,0.012238433487104506
2023-06-30,JP1075,0.002585539208418664
2023-06-30,JP1076,0.002937813918727281
2023-06-30,JP1077,0.001693265588534716
2023-06-30,JP1078,0.0029125281861486743
2023-06-30,JP1079,0.007096814797624651
2023-06-30,JP1080,0.0034965330863233482
2023-06-30,JP1081,0.0066013182237793285
2023-06-30,JP1082,0.006743172367748767
2023-06-30,JP1083,0.02166991686247653
2023-06-30,JP1084,0.0038562123253873728
2023-06-30,JP1085,0.0012980472355351013
2023-06-30,JP1086,0.01598119534783433
2023-06-30,JP1087,0.0029423644691407742
2023-06-30,JP1088,0.013975008714634684
2023-06-30,JP1089,0.0063056644065565765
2023-06-30,JP1090,0.005121798755324647
2023-06-30,JP1091,0.007696072539539559
2023-06-30,JP1092,0.036553428479939115
2023-06-30,JP1093,0.03763897723118057
2023-06-30,JP1094,0.005112725753698016
2023-06-30,JP1095,0.005376895617994743
2023-06-30,JP1096,0.015629496215934985
2023-06-30,JP1097,0.002165473286721472
2023-06-30,JP1098,0.007466176888713496
2023-06-30,JP1099,0.005072984556712982
2023-06-30,JP1100,0.00742160390218922
2023-06-30,JP1101,0.0022846647993945263
2023-06-30,JP1102,0.0011372066534542091
2023-06-30,JP1103,0.000676328535745142
2023-06-30,JP1104,0.0015513451127246703
2023-06-30,JP1105,0.003314090053024205
2023-06-30,JP1106,0.0038407548617453067
2023-06-30,JP1107,0.033991538271353434
2023-06-30,JP1108,0.015062371731919863
2023-06-30,JP1109,0.002109657833290084
2023-06-30,JP1110,0.007461312556028693
2023-06-30,JP1111,0.003647040202181813
2023-06-30,JP1112,0.0037719350924250807
2023-06-30,JP1113,0.006741216620232134
2023-06-30,JP1114,0.010018707095500255
2023-06-30,JP1115,0.0032806850133296054
2023-06-30,JP1116,0.013957047549742543
2023-06-30,JP1117,0.0014637827147124085
2023-06-30,JP1118,0.00451012330705124
2023-06-30,JP1119,0.08766920473468069
2023-07-31,JP1000,0.004007163955023556
2023-07-31,JP1001,0.007394452599683089
2023-07-31,JP1002,0.014324546382650362
2023-07-31,JP1003,0.0017567383868484303
2023-07-31,JP1004,0.004780468591781061
2023-07-31,JP1005,0.023378072208753226
2023-07-31,JP1006,0.002239304121551731
2023-07-31,JP1007,0.002185002033828476
2023-07-31,JP1008,0.0064159487644427195
2023-07-31,JP1009,0.010662593416057476
2023-07-31,JP1010,0.004688311386346096
2023-07-31,JP1011,0.0161949156017473
2023-07-31,JP1012,0.013150946479005986
2023-07-31,JP1013,0.014301029075363741
2023-07-31,JP1014,0.008070119623970215
2023-07-31,JP1015,0.05389363198240749
2023-07-31,JP1016,0.004579388238706112
2023-07-31,JP1017,0.0005954777979186967
2023-07-31,JP1018,0.025559037071591937
2023-07-31,JP1019,0.0035859847779568083
2023-07-31,JP1020,0.005385241660264433
2023-07-31,JP1021,0.018245567473283323
2023-07-31,JP1022,0.0011484165462060636
2023-07-31,JP1023,0.001361546495984228
2023-07-31,JP1024,0.0009455484378746099
2023-07-31,JP1025,0.0022038165369781828
2023-07-31,JP1026,0.009250591607822952
2023-07-31,JP1027,0.009089529420345925
2023-07-31,JP1028,0.006913404347219797
2023-07-31,JP1029,0.001275544447289393
2023-07-31,JP1030,0.00044127501643145795
2023-07-31,JP1031,0.005553934464084936
2023-07-31,JP1032,0.002974518599967635
2023-07-31,JP1033,0.007727921727361888
2023-07-31,JP1034,0.009799038046517229
2023-07-31,JP1035,0.006282790330893661
2023-07-31,JP1036,0.012790504499500852
2023-07-31,JP1037,0.005718101583840162
2023-07-31,JP1038,0.00942273755351508
2023-07-31,JP1039,0.0024271993533879427
2023-07-31,JP1040,0.00450876730713484
2023-07-31,JP1041,0.006275417142392264
2023-07-31,JP1042,0.010686986359793482
2023-07-31,JP1043,0.0031684525454995886
2023-07-31,JP1044,0.008247680854747856
2023-07-31,JP1045,0.00397616093556487
2023-07-31,JP1046,0.004676091554718367
2023-07-31,JP1047,0.015440311263931557
2023-07-31,JP1048,0.0007204214981373179
2023-07-31,JP1049,0.001202634084066266
2023-07-31,JP1050,0.0012897711677679045
2023-07-31,JP1051,0.0005152708789541454
2023-07-31,JP1052,0.0025004655213995124
2023-07-31,JP1053,0.009484549729673789
2023-07-31,JP1054,0.0036631647242126087
2023-07-31,JP1055,0.006861928972955523
2023-07-31,JP1056,0.015646127560180387
2023-07-31,JP1057,0.02164005329790676
2023-07-31,JP1058,0.005325014917638722
2023-07-31,JP1059,0.019792860179568425
2023-07-31,JP1060,0.004008115980241606
2023-07-31,JP1061,0.001980713686540679
2023-07-31,JP1062,0.0023691332268485628
2023-07-31,JP1063,0.0013129612302846087
2023-07-31,JP1064,0.002169177513048184
2023-07-31,JP1065,0.0034258415307065245
2023-07-31,JP1066,0.010616610711472395
2023-07-31,JP1067,0.03118908045935269
2023-07-31,JP1068,0.0011488982984906543
2023-07-31,JP1069,0.006518141691631687
2023-07-31,JP1070,0.0015412748545907073
2023-07-31,JP1071,0.008135404688827678
2023-07-31,JP1072,0.0040475975280408515
2023-07-31,JP1073,0.0008864635807037857
2023-07-31,JP1074,0.012644655556267436
2023-07-31,JP1075,0.002374436296493426
2023-07-31,JP1076,0.0028600864157174804
2023-07-31,JP1077,0.0015542934155336123
2023-07-31,JP1078,0.0025626172415908056
2023-07-31,JP1079,0.008537171752872974
2023-07-31,JP1080,0.004065423912945819
2023-07-31,JP1081,0.006480816600944091
2023-07-31,JP1082,0.007485854492805792
2023-07-31,JP1083,0.01789467486041547
2023-07-31,JP1084,0.0037324956422262433
2023-07-31,JP1085,0.001176116135563763
2023-07-31,JP1086,0.013040213518304018
2023-07-31,JP1087,0.003137195641533099
2023-07-31,JP1088,0.014637373789466298
2023-07-31,JP1089,0.007616670167632287
2023-07-31,JP1090,0.005195037287254892
2023-07-31,JP1091,0.006304035183363768
2023-07-31,JP1092,0.03167556030451766
2023-07-31,JP1093,0.04379255789744228
2023-07-31,JP1094,0.005436411433758553
2023-07-31,JP1095,0.005734600652583213
2023-07-31,JP1096,0.015605324443294578
2023-07-31,JP1097,0.002417079240429627
2023-07-31,JP1098,0.007697571564728331
2023-07-31,JP1099,0.004517379825706073
2023-07-31,JP1100,0.007112383037646064
2023-07-31,JP1101,0.0024199357295348026
2023-07-31,JP1102,0.0009856254881605068
2023-07-31,JP1103,0.0006494889658750756
2023-07-31,JP1104,0.0015342488387349515
2023-07-31,JP1105,0.0028579943345581455
2023-07-31,JP1106,0.0038667437645728683
2023-07-31,JP1107,0.037856545940354744
2023-07-31,JP1108,0.016226762009295626
2023-07-31,JP1109,0.001662944551100927
2023-07-31,JP1110,0.008032878916076607
2023-07-31,JP1111,0.003510429606631055
2023-07-31,JP1112,0.0041921312423943
2023-07-31,JP1113,0.005459642093946812
2023-07-31,JP1114,0.010059528018888701
2023-07-31,JP1115,0.00378130727155553
2023-07-31,JP1116,0.012715689883061604
2023-07-31,JP1117,0.0016616305372181154
2023-07-31,JP1118,0.004522221116861401
2023-07-31,JP1119,0.06702430925871151
2023-08-31,JP1000,0.004367331472598428
2023-08-31,JP1001,0.00818110272639734
2023-08-31,JP1002,0.01378417624759649
2023-08-31,JP1003,0.001602275614274543
2023-08-31,JP1004,0.004480929574003605
2023-08-31,JP1005,0.024443308631976992
2023-08-31,JP1006,0.00275243758197658
2023-08-31,JP1007,0.002004326099108421
2023-08-31,JP1008,0.00554580013352221
2023-08-31,JP1009,0.011786684065413828
2023-08-31,JP1010,0.004809605695319148
2023-08-31,JP1011,0.018167202909166773
2023-08-31,JP1012,0.011686037747533672
2023-08-31,JP1013,0.012767511709293874
2023-08-31,JP1014,0.008151554610307756
2023-08-31,JP1015,0.046502405915858316
2023-08-31,JP1016,0.0038551437405623234
2023-08-31,JP1017,0.0005907668455357232
2023-08-31,JP1018,0.025482411743709472
2023-08-31,JP1019,0.0032598708313969745
2023-08-31,JP1020,0.006279909661435115
2023-08-31,JP1021,0.01698220738561452
2023-08-31,JP1022,0.0010392499749967835
2023-08-31,JP1023,0.0015073058951879466
2023-08-31,JP1024,0.000880204754691798
2023-08-31,JP1025,0.0023543183035315686
2023-08-31,JP1026,0.00811522915097969
2023-08-31,JP1027,0.008498308793455967
2023-08-31,JP1028,0.005909820637194169
2023-08-31,JP1029,0.001231333250221865
2023-08-31,JP1030,0.00041592571254216594
2023-08-31,JP1031,0.005558619362421239
2023-08-31,JP1032,0.003424183885700174
2023-08-31,JP1033,0.007892911404118701
2023-08-31,JP1034,0.011685770605846793
2023-08-31,JP1035,0.0054575656919546795
2023-08-31,JP1036,0.010133105352677182
2023-08-31,JP1037,0.006232850402994654
2023-08-31,JP1038,0.010857957192754628
2023-08-31,JP1039,0.002448275447359079
2023-08-31,JP1040,0.00527615432153477
2023-08-31,JP1041,0.0061805184223151345
2023-08-31,JP1042,0.010679065428031738
2023-08-31,JP1043,0.00417880524647911
2023-08-31,JP1044,0.008741775232343846
2023-08-31,JP1045,0.003793279580860742
2023-08-31,JP1046,0.004938355629177045
2023-08-31,JP1047,0.013233117055351191
2023-08-31,JP1048,0.000655268225419438
2023-08-31,JP1049,0.0015252845604639095
2023-08-31,JP1050,0.0011315967855883308
2023-08-31,JP1051,0.00044786889116727217
2023-08-31,JP1052,0.0024096301686092063
2023-08-31,JP1053,0.009589926363390509
2023-08-31,JP1054,0.0038663221570133808
2023-08-31,JP1055,0.006267258371946393
2023-08-31,JP1056,0.01697796596064575
2023-08-31,JP1057,0.020968126483495587
2023-08-31,JP1058,0.004567432997231499
2023-08-31,JP1059,0.019351255118558387
2023-08-31,JP1060,0.00523676577076292
2023-08-31,JP1061,0.0022301071913249574
2023-08-31,JP1062,0.0027510875826628105
2023-08-31,JP1063,0.001165211104529964
2023-08-31,JP1064,0.0024267671329204084
2023-08-31,JP1065,0.004144734650412179
2023-08-31,JP1066,0.01069329579769513
2023-08-31,JP1067,0.03078190947299355
2023-08-31,JP1068,0.0013656559346228632
2023-08-31,JP1069,0.007144737652234657
2023-08-31,JP1070,0.0020732843562922534
2023-08-31,JP1071,0.007066119326402519
2023-08-31,JP1072,0.0049775961955117
2023-08-31,JP1073,0.000807250864560419
2023-08-31,JP1074,0.011584154131709932
2023-08-31,JP1075,0.0027320987124113726
2023-08-31,JP1076,0.003605184020289325
2023-08-31,JP1077,0.0022474756382468647
2023-08-31,JP1078,0.0024505822861528408
2023-08-31,JP1079,0.0077871085652501185
2023-08-31,JP1080,0.004139746455066607
2023-08-31,JP1081,0.007065554629848725
2023-08-31,JP1082,0.008609732501879639
2023-08-31,JP1083,0.018357691266295568
2023-08-31,JP1084,0.003345100119714356
2023-08-31,JP1085,0.0011131129141037468
2023-08-31,JP1086,0.01454091146957491
2023-08-31,JP1087,0.00395108584338778
2023-08-31,JP1088,0.015731109720471273
2023-08-31,JP1089,0.007991579335394438
2023-08-31,JP1090,0.004968906933014377
2023-08-31,JP1091,0.007022516237846967
2023-08-31,JP1092,0.03560531062712828
2023-08-31,JP1093,0.04271541369667951
2023-08-31,JP1094,0.005135777185993323
2023-08-31,JP1095,0.0060080522539135385
2023-08-31,JP1096,0.016619405654659188
2023-08-31,JP1097,0.0022145098065097304
2023-08-31,JP1098,0.008077496790569195
2023-08-31,JP1099,0.004533580854233416
2023-08-31,JP1100,0.007215252665749061
2023-08-31,JP1101,0.002346465532096217
2023-08-31,JP1102,0.001073124551704446
2023-08-31,JP1103,0.0006229419723908659
2023-08-31,JP1104,0.0014408049865347295
2023-08-31,JP1105,0.0036025073899402854
2023-08-31,JP1106,0.0033008970677852155
2023-08-31,JP1107,0.030942158601201582
2023-08-31,JP1108,0.0163233248824812
2023-08-31,JP1109,0.0018766029800021868
2023-08-31,JP1110,0.00731956136268135
2023-08-31,JP1111,0.002983514408235379
2023-08-31,JP1112,0.003948216221226712
2023-08-31,JP1113,0.006668682590757022
2023-08-31,JP1114,0.008097260795302895
2023-08-31,JP1115,0.003722648275538335
2023-08-31,JP1116,0.01616030784017149
2023-08-31,JP1117,0.0014235349962649342
2023-08-31,JP1118,0.0052032974725696535
2023-08-31,JP1119,0.06880623096324079
2023-09-30,JP1000,0.004649357156356732
2023-09-30,JP1001,0.007004019917008419
2023-09-30,JP1002,0.013528302835352727
2023-09-30,JP1003,0.0019779532576998764
2023-09-30,JP1004,0.0047244334658875465
2023-09-30,JP1005,0.022438807771040573
2023-09-30,JP1006,0.0023808224544748925
2023-09-30,JP1007,0.002182342057563051
2023-09-30,JP1008,0.006806477858783011
2023-09-30,JP1009,0.01214150695063882
2023-09-30,JP1010,0.004993948943346811
2023-09-30,JP1011,0.01684468112936462
2023-09-30,JP1012,0.012522397657867125
2023-09-30,JP1013,0.012164529851403955
2023-09-30,JP1014,0.0075258553593929205
2023-09-30,JP1015,0.05114438539679251
2023-09-30,JP1016,0.004266482021575489
2023-09-30,JP1017,0.0006655090639588834
2023-09-30,JP1018,0.030208440444809043
2023-09-30,JP1019,0.0037339260154601174
2023-09-30,JP1020,0.004973537850923448
2023-09-30,JP1021,0.018305155174596466
2023-09-30,JP1022,0.0011242073633322737
2023-09-30,JP1023,0.0014368677249455974
2023-09-30,JP1024,0.0010995089508757767
2023-09-30,JP1025,0.0021458261719780724
2023-09-30,JP1026,0.006720092814912918
2023-09-30,JP1027,0.009170257690055
2023-09-30,JP1028,0.006459189987282713
2023-09-30,JP1029,0.001596017509185894
2023-09-30,JP1030,0.0005523181418532213
2023-09-30,JP1031,0.004810516130157468
2023-09-30,JP1032,0.003380512098464544
2023-09-30,JP1033,0.007962783041271395
2023-09-30,JP1034,0.01077227547893278
2023-09-30,JP1035,0.0054105614033168655
2023-09-30,JP1036,0.011176322724352681
2023-09-30,JP1037,0.007082242273066403
2023-09-30,JP1038,0.009344239165792478
2023-09-30,JP1039,0.002793314460609417
2023-09-30,JP1040,0.005780056031251469
2023-09-30,JP1041,0.005885838521202746
2023-09-30,JP1042,0.013784236475788922
2023-09-30,JP1043,0.0035193541623370086
2023-09-30,JP1044,0.008206340912146325
2023-09-30,JP1045,0.0038801908404646067
2023-09-30,JP1046,0.004929292634985658
2023-09-30,JP1047,0.011191427579921105
2023-09-30,JP1048,0.0005674521443396108
2023-09-30,JP1049,0.001506752108985116
2023-09-30,JP1050,0.0011770568931335809
2023-09-30,JP1051,0.00046623533228692097
2023-09-30,JP1052,0.0022661782057824672
2023-09-30,JP1053,0.01116259958542395
2023-09-30,JP1054,0.004334761067555545
2023-09-30,JP1055,0.005643932864902248
2023-09-30,JP1056,0.015484996241758803
2023-09-30,JP1057,0.023842881784438386
2023-09-30,JP1058,0.005197593781740316
2023-09-30,JP1059,0.01961935066734522
2023-09-30,JP1060,0.005501372276602097
2023-09-30,JP1061,0.0020923437714779176
2023-09-30,JP1062,0.0028187803517998634
2023-09-30,JP1063,0.0011067920157646785
2023-09-30,JP1064,0.0020311070366443615
2023-09-30,JP1065,0.0035040338935860725
2023-09-30,JP1066,0.009647384291672993
2023-09-30,JP1067,0.027950740169286066
2023-09-30,JP1068,0.001671276482360108
2023-09-30,JP1069,0.006555236362057607
2023-09-30,JP1070,0.002094891853318956
2023-09-30,JP1071,0.009087719077665306
2023-09-30,JP1072,0.004764099213201514
2023-09-30,JP1073,0.0007741403446177461
2023-09-30,JP1074,0.014139774688485731
2023-09-30,JP1075,0.0033466956891590916
2023-09-30,JP1076,0.003335931899891578
2023-09-30,JP1077,0.0017972384709851452
2023-09-30,JP1078,0.0026617866181338577
2023-09-30,JP1079,0.007356056413413173
2023-09-30,JP1080,0.004276591501494232
2023-09-30,JP1081,0.007502024889960797
2023-09-30,JP1082,0.007377352766108003
2023-09-30,JP1083,0.01901848787542655
2023-09-30,JP1084,0.00360865151701691
2023-09-30,JP1085,0.0014038662850483067
2023-09-30,JP1086,0.015143941462957914
2023-09-30,JP1087,0.003753238169554541
2023-09-30,JP1088,0.012275187755593473
2023-09-30,JP1089,0.008271396961751835
2023-09-30,JP1090,0.004760685253216358
2023-09-30,JP1091,0.0076566328810675965
2023-09-30,JP1092,0.03826618889486436
2023-09-30,JP1093,0.03714654273968538
2023-09-30,JP1094,0.005328856299766652
2023-09-30,JP1095,0.0071647822821800065
2023-09-30,JP1096,0.013051771700093192
2023-09-30,JP1097,0.001921490127960076
2023-09-30,JP1098,0.00616520543524332
2023-09-30,JP1099,0.0048962209684047285
2023-09-30,JP1100,0.008216559613395465
2023-09-30,JP1101,0.002286888446216078
2023-09-30,JP1102,0.0011640493231117987
2023-09-30,JP1103,0.0005272366098957741
2023-09-30,JP1104,0.0015391324014817846
2023-09-30,JP1105,0.0030218767444417267
2023-09-30,JP1106,0.004480387247731919
2023-09-30,JP1107,0.03602837253253015
2023-09-30,JP1108,0.015391480959576872
2023-09-30,JP1109,0.0019941414973952388
2023-09-30,JP1110,0.0070762612798075655
2023-09-30,JP1111,0.004156325681175366
2023-09-30,JP1112,0.004680298465876123
2023-09-30,JP1113,0.006890667843875821
2023-09-30,JP1114,0.010514261844768445
2023-09-30,JP1115,0.0034641963591761638
2023-09-30,JP1116,0.015542061031197969
2023-09-30,JP1117,0.0013371716747484254
2023-09-30,JP1118,0.0049342276793241
2023-09-30,JP1119,0.058861432476282616
2023-10-31,JP1000,0.004276803244427791
2023-10-31,JP1001,0.007133817397834856
2023-10-31,JP1002,0.014690391493644948
2023-10-31,JP1003,0.0015713342292314806
2023-10-31,JP1004,0.004123983124745201
2023-10-31,JP1005,0.021881614817402056
2023-10-31,JP1006,0.0024239511032411337
2023-10-31,JP1007,0.0022321000518450624
2023-10-31,JP1008,0.006062468860431653
2023-10-31,JP1009,0.010862261520993522
2023-10-31,JP1010,0.005412576551601559
2023-10-31,JP1011,0.021468321407703835
2023-10-31,JP1012,0.012270212476997376
2023-10-31,JP1013,0.01105812923184585
2023-10-31,JP1014,0.0072565736458492175
2023-10-31,JP1015,0.06113090821361047
2023-10-31,JP1016,0.00404189890400419
2023-10-31,JP1017,0.0007772699342636115
2023-10-31,JP1018,0.02960068381560174
2023-10-31,JP1019,0.0034626094192503737
2023-10-31,JP1020,0.006188588796718738
2023-10-31,JP1021,0.020418093070350755
2023-10-31,JP1022,0.0009949927606564021
2023-10-31,JP1023,0.00128771797452676
2023-10-31,JP1024,0.0011028275315230558
2023-10-31,JP1025,0.0019586463161037383
2023-10-31,JP1026,0.007536175731914413
2023-10-31,JP1027,0.008001128626632319
2023-10-31,JP1028,0.007049332222989347
2023-10-31,JP1029,0.001258434444731183
2023-10-31,JP1030,0.00047005129978549057
2023-10-31,JP1031,0.0051118337650321284
2023-10-31,JP1032,0.0038320725116642003
2023-10-31,JP1033,0.007391133681508603
2023-10-31,JP1034,0.010003910597460896
2023-10-31,JP1035,0.006144121524796194
2023-10-31,JP1036,0.010875672148460995
2023-10-31,JP1037,0.006749514017224358
2023-10-31,JP1038,0.009576233390714006
2023-10-31,JP1039,0.0028823593593478533
2023-10-31,JP1040,0.0042386899554247666
2023-10-31,JP1041,0.00640230605921647
2023-10-31,JP1042,0.01171530861565934
2023-10-31,JP1043,0.003114561609802681
2023-10-31,JP1044,0.00867134080714696
2023-10-31,JP1045,0.00328306747524281
2023-10-31,JP1046,0.004661352551755936
2023-10-31,JP1047,0.009352709530633704
2023-10-31,JP1048,0.0006233496846051913
2023-10-31,JP1049,0.0015044387062709262
2023-10-31,JP1050,0.0012016390788743673
2023-10-31,JP1051,0.0004887132222141893
2023-10-31,JP1052,0.0024498831305396914
2023-10-31,JP1053,0.009799595868671617
2023-10-31,JP1054,0.003587113916735292
2023-10-31,JP1055,0.006590731947602479
2023-10-31,JP1056,0.01463143148033709
2023-10-31,JP1057,0.015464706911779529
2023-10-31,JP1058,0.004166460884992974
2023-10-31,JP1059,0.018024747628506647
2023-10-31,JP1060,0.00539271565618135
2023-10-31,JP1061,0.002122521405505415
2023-10-31,JP1062,0.0025076964333170543
2023-10-31,JP1063,0.0012217781096676755
2023-10-31,JP1064,0.0017044385691254186
2023-10-31,JP1065,0.003276327652615963
2023-10-31,JP1066,0.012199597395973975
2023-10-31,JP1067,0.029788424703350573
2023-10-31,JP1068,0.001233891306651697
2023-10-31,JP1069,0.008215774684314869
2023-10-31,JP1070,0.0018309961263153387
2023-10-31,JP1071,0.008175218602853276
2023-10-31,JP1072,0.004703676092198226
2023-10-31,JP1073,0.0008428861243789922
2023-10-31,JP1074,0.014597049909959463
2023-10-31,JP1075,0.0026825829390349784
2023-10-31,JP1076,0.0028897431339134057
2023-10-31,JP1077,0.0017670047919685328
2023-10-31,JP1078,0.002630577566591865
2023-10-31,JP1079,0.009327177269537697
2023-10-31,JP1080,0.004404163930849844
2023-10-31,JP1081,0.006525374485147165
2023-10-31,JP1082,0.006247426980737715
2023-10-31,JP1083,0.02213412120841427
2023-10-31,JP1084,0.0034523732328642087
2023-10-31,JP1085,0.0011919125075779417
2023-10-31,JP1086,0.014654089518482051
2023-10-31,JP1087,0.00392951256648962
2023-10-31,JP1088,0.014565346767001842
2023-10-31,JP1089,0.007497858428543878
2023-10-31,JP1090,0.0041940188198094745
2023-10-31,JP1091,0.009452575911766964
2023-10-31,JP1092,0.03295349179065629
2023-10-31,JP1093,0.042621145329036395
2023-10-31,JP1094,0.007194201575736519
2023-10-31,JP1095,0.006615438346018056
2023-10-31,JP1096,0.014782848317836144
2023-10-31,JP1097,0.002204253262018013
2023-10-31,JP1098,0.006495765341047329
2023-10-31,JP1099,0.005821042090950019
2023-10-31,JP1100,0.0067576965188812475
2023-10-31,JP1101,0.002178497644094675
2023-10-31,JP1102,0.0009436141685667842
2023-10-31,JP1103,0.0006157814746340996
2023-10-31,JP1104,0.0016628011666906218
2023-10-31,JP1105,0.003559524257596911
2023-10-31,JP1106,0.003868197016368418
2023-10-31,JP1107,0.03909828791428184
2023-10-31,JP1108,0.01214449055086133
2023-10-31,JP1109,0.0022196100501065776
2023-10-31,JP1110,0.0062521210408180315
2023-10-31,JP1111,0.0036298585108976546
2023-10-31,JP1112,0.0027847645866131807
2023-10-31,JP1113,0.006118084789713455
2023-10-31,JP1114,0.010311790950165912
2023-10-31,JP1115,0.003306739131540393
2023-10-31,JP1116,0.01468452558862198
2023-10-31,JP1117,0.001768358124073802
2023-10-31,JP1118,0.005469154018814332
2023-10-31,JP1119,0.058036165329539244
2023-11-30,JP1000,0.00401888726729112
2023-11-30,JP1001,0.008626376299546391
2023-11-30,JP1002,0.015245752650757264
2023-11-30,JP1003,0.0017536747765669223
2023-11-30,JP1004,0.004530110586669683
2023-11-30,JP1005,0.02154447337960238
2023-11-30,JP1006,0.0022670083358955996
2023-11-30,JP1007,0.002063997008449268
2023-11-30,JP1008,0.005839796349883044
2023-11-30,JP1009,0.013399435329719702
2023-11-30,JP1010,0.005870727540582941
2023-11-30,JP1011,0.017235862455726135
2023-11-30,JP1012,0.01321876919322107
2023-11-30,JP1013,0.010747779219525942
2023-11-30,JP1014,0.00983105317069686
2023-11-30,JP1015,0.05411095667400416
2023-11-30,JP1016,0.004046026307989449
2023-11-30,JP1017,0.0007378906987983287
2023-11-30,JP1018,0.02978762290161253
2023-11-30,JP1019,0.0027450709054395814
2023-11-30,JP1020,0.006531605358210751
2023-11-30,JP1021,0.017903448021128244
2023-11-30,JP1022,0.0012154105229465924
2023-11-30,JP1023,0.0016322939597848603
2023-11-30,JP1024,0.0009432407204025509
2023-11-30,JP1025,0.002231413257712431
2023-11-30,JP1026,0.008522006036594011
2023-11-30,JP1027,0.009716774127053133
2023-11-30,JP1028,0.007234499616677117
2023-11-30,JP1029,0.0013247417464419342
2023-11-30,JP1030,0.0004872357141403569
2023-11-30,JP1031,0.00554396869190182
2023-11-30,JP1032,0.0032409424489933205
2023-11-30,JP1033,0.007129533932766064
2023-11-30,JP1034,0.01091875284420552
2023-11-30,JP1035,0.005792231213791849
2023-11-30,JP1036,0.012841750721075679
2023-11-30,JP1037,0.007397656091370095
2023-11-30,JP1038,0.00905636591443116
2023-11-30,JP1039,0.002888463048403142
2023-11-30,JP1040,0.004650107502204492
2023-11-30,JP1041,0.006356738469706659
2023-11-30,JP1042,0.010318418955126217
2023-11-30,JP1043,0.00347390849596683
2023-11-30,JP1044,0.008522980800453791
2023-11-30,JP1045,0.003967266850203844
2023-11-30,JP1046,0.004547378692874804
2023-11-30,JP1047,0.01339438199371627
2023-11-30,JP1048,0.0008051815040321566
2023-11-30,JP1049,0.0013630038425182522
2023-11-30,JP1050,0.0010411640820842784
2023-11-30,JP1051,0.0004603768187278597
2023-11-30,JP1052,0.003006812930647645
2023-11-30,JP1053,0.012183823453948308
2023-11-30,JP1054,0.0035118170937413337
2023-11-30,JP1055,0.005507354015372309
2023-11-30,JP1056,0.014659214359069965
2023-11-30,JP1057,0.02362355139386666
2023-11-30,JP1058,0.005092457899219815
2023-11-30,JP1059,0.019785029720047517
2023-11-30,JP1060,0.005666300019010594
2023-11-30,JP1061,0.0018765706592882687
2023-11-30,JP1062,0.0028049514469888704
2023-11-30,JP1063,0.0013477785021911483
2023-11-30,JP1064,0.002069705962161221
2023-11-30,JP1065,0.003569935625615614
2023-11-30,JP1066,0.012079055816220761
2023-11-30,JP1067,0.026136668347494986
2023-11-30,JP1068,0.001358104362091464
2023-11-30,JP1069,0.007135099828846122
2023-11-30,JP1070,0.0017585746196901568
2023-11-30,JP1071,0.008099886082616735
2023-11-30,JP1072,0.004419978527034951
2023-11-30,JP1073,0.0008472876322959616
2023-11-30,JP1074,0.013143298970737474
2023-11-30,JP1075,0.002806059987970204
2023-11-30,JP1076,0.003105782809088472
2023-11-30,JP1077,0.0016395970696824265
2023-11-30,JP1078,0.0021922321207941513
2023-11-30,JP1079,0.008020532791112771
2023-11-30,JP1080,0.004042962504557393
2023-11-30,JP1081,0.00760725228037293
2023-11-30,JP1082,0.00711143446390187
2023-11-30,JP1083,0.016213619852175613
2023-11-30,JP1084,0.0036700482575471307
2023-11-30,JP1085,0.0013274683836311913
2023-11-30,JP1086,0.01569721615663299
2023-11-30,JP1087,0.003259033761736412
2023-11-30,JP1088,0.014984679175582227
2023-11-30,JP1089,0.007305920706565599
2023-11-30,JP1090,0.004506178308532945
2023-11-30,JP1091,0.006994005188218953
2023-11-30,JP1092,0.030888088570148443
2023-11-30,JP1093,0.04119047034780166
2023-11-30,JP1094,0.006472685016379102
2023-11-30,JP1095,0.00575356776114551
2023-11-30,JP1096,0.013556387189480918
2023-11-30,JP1097,0.002590305791493455
2023-11-30,JP1098,0.00884755133795278
2023-11-30,JP1099,0.004895613019805887
2023-11-30,JP1100,0.007334964768452225
2023-11-30,JP1101,0.002324911319454098
2023-11-30,JP1102,0.001166827465883255
2023-11-30,JP1103,0.0005887773820375253
2023-11-30,JP1104,0.0017067755277895085
2023-11-30,JP1105,0.002966262841743388
2023-11-30,JP1106,0.00404029116489278
2023-11-30,JP1107,0.042246059390470984
2023-11-30,JP1108,0.016351230867173997
2023-11-30,JP1109,0.0018365543073493398
2023-11-30,JP1110,0.008184602985833999
2023-11-30,JP1111,0.00327655443177354
2023-11-30,JP1112,0.004128682535334691
2023-11-30,JP1113,0.005827910413385067
2023-11-30,JP1114,0.0085104523727527
2023-11-30,JP1115,0.003454724947080212
2023-11-30,JP1116,0.011571777820237756
2023-11-30,JP1117,0.0014987900341825518
2023-11-30,JP1118,0.006523742161092327
2023-11-30,JP1119,0.053023644094946615
2023-12-31,JP1000,0.004740840245614092
2023-12-31,JP1001,0.008155897999093616
2023-12-31,JP1002,0.014479314645463988
2023-12-31,JP1003,0.0017465134693930425
2023-12-31,JP1004,0.004326857498277626
2023-12-31,JP1005,0.019778140334426368
2023-12-31,JP1006,0.0022970540113583958
2023-12-31,JP1007,0.002106252550257496
2023-12-31,JP1008,0.0054807116199446036
2023-12-31,JP1009,0.012262133114734008
2023-12-31,JP1010,0.004844770365104932
2023-12-31,JP1011,0.01955772704846375
2023-12-31,JP1012,0.010477498419515684
2023-12-31,JP1013,0.012691583271509873
2023-12-31,JP1014,0.009368989098449276
2023-12-31,JP1015,0.05023314227152047
2023-12-31,JP1016,0.004818867217102565
2023-12-31,JP1017,0.0006898703584962649
2023-12-31,JP1018,0.0260024346975295
2023-12-31,JP1019,0.0027911785221400236
2023-12-31,JP1020,0.0053120236798627745
2023-12-31,JP1021,0.017900402298034995
2023-12-31,JP1022,0.0011233365228233254
2023-12-31,JP1023,0.0016243080139562859
2023-12-31,JP1024,0.000982224445071814
2023-12-31,JP1025,0.002370873057505483
2023-12-31,JP1026,0.00872048081540098
2023-12-31,JP1027,0.008419517705123704
2023-12-31,JP1028,0.00587331363163177
2023-12-31,JP1029,0.0013480839192568182
2023-12-31,JP1030,0.0005340558127344231
2023-12-31,JP1031,0.005605915283406247
2023-12-31,JP1032,0.0035414868795951636
2023-12-31,JP1033,0.009060592564423795
2023-12-31,JP1034,0.011072122612027413
2023-12-31,JP1035,0.005267240126623917
2023-12-31,JP1036,0.009480316846521303
2023-12-31,JP1037,0.006716884242656429
2023-12-31,JP1038,0.00881943086734798
2023-12-31,JP1039,0.002584991436917616
2023-12-31,JP1040,0.005103062270659394
2023-12-31,JP1041,0.006881912101657672
2023-12-31,JP1042,0.01150138202266444
2023-12-31,JP1043,0.0032316872279185933
2023-12-31,JP1044,0.009262928302892836
2023-12-31,JP1045,0.004140292458925917
2023-12-31,JP1046,0.004487524319575689
2023-12-31,JP1047,0.008991629675601315
2023-12-31,JP1048,0.000638556675845004
2023-12-31,JP1049,0.0015351421543157012
2023-12-31,JP1050,0.0010293751004795458
2023-12-31,JP1051,0.0005297524153133054
2023-12-31,JP1052,0.002735911703508572
2023-12-31,JP1053,0.009881763827049906
2023-12-31,JP1054,0.004243833511064411
2023-12-31,JP1055,0.006235136747881649
2023-12-31,JP1056,0.015100592319496856
2023-12-31,JP1057,0.01734127364972896
2023-12-31,JP1058,0.005479335599403694
2023-12-31,JP1059,0.017720688426648465
2023-12-31,JP1060,0.005013508748296587
2023-12-31,JP1061,0.0022639582754835127
2023-12-31,JP1062,0.002580354041535574
2023-12-31,JP1063,0.001442854571041064
2023-12-31,JP1064,0.0019221121564949764
2023-12-31,JP1065,0.0039026756530586575
2023-12-31,JP1066,0.013575152523693946
2023-12-31,JP1067,0.030960075703801854
2023-12-31,JP1068,0.0012004012603743484
2023-12-31,JP1069,0.007905244837758188
2023-12-31,JP1070,0.0020862044661834264
2023-12-31,JP1071,0.007135948708297503
2023-12-31,JP1072,0.005048208861869586
2023-12-31,JP1073,0.0008681118268819763
2023-12-31,JP1074,0.015762900252730833
2023-12-31,JP1075,0.00293937659208621
2023-12-31,JP1076,0.0030700071294597073
2023-12-31,JP1077,0.0018945620098215054
2023-12-31,JP1078,0.0023680893865056386
2023-12-31,JP1079,0.007291336971003464
2023-12-31,JP1080,0.004297581131653138
2023-12-31,JP1081,0.00679817770878728
2023-12-31,JP1082,0.006966622823612318
2023-12-31,JP1083,0.023684340459154775
2023-12-31,JP1084,0.00437966489148265
2023-12-31,JP1085,0.0009133428451502005
2023-12-31,JP1086,0.015053230239123933
2023-12-31,JP1087,0.003286086455056723
2023-12-31,JP1088,0.01763730122587559
2023-12-31,JP1089,0.0077368495199648495
2023-12-31,JP1090,0.005236934758827483
2023-12-31,JP1091,0.006705973397576759
2023-12-31,JP1092,0.03299535456594781
2023-12-31,JP1093,0.04026339889758309
2023-12-31,JP1094,0.005207095586221411
2023-12-31,JP1095,0.005997317292784675
2023-12-31,JP1096,0.017035475367868442
2023-12-31,JP1097,0.0023196943976756678
2023-12-31,JP1098,0.006985127084748874
2023-12-31,JP1099,0.0050525374165306365
2023-12-31,JP1100,0.00602559436837093
2023-12-31,JP1101,0.0018435645288482957
2023-12-31,JP1102,0.0011875625435407724
2023-12-31,JP1103,0.0006012423882497698
2023-12-31,JP1104,0.0019471461275202267
2023-12-31,JP1105,0.0031614717010663047
2023-12-31,JP1106,0.0038985302115881427
2023-12-31,JP1107,0.038886624063931514
2023-12-31,JP1108,0.017134826665606537
2023-12-31,JP1109,0.0018716923785938565
2023-12-31,JP1110,0.007353517354499687
2023-12-31,JP1111,0.0034262419358166134
2023-12-31,JP1112,0.004030271951183889
2023-12-31,JP1113,0.006328123391577195
2023-12-31,JP1114,0.008904172209557115
2023-12-31,JP1115,0.0037286646825728555
2023-12-31,JP1116,0.012908432180516323
2023-12-31,JP1117,0.001646627335001678
2023-12-31,JP1118,0.00525164239745269
2023-12-31,JP1119,0.06280170351255095
2024-01-31,JP1000,0.004807980625659329
2024-01-31,JP1001,0.008035304651601329
2024-01-31,JP1002,0.014048107991670484
2024-01-31,JP1003,0.0017073314087973504
2024-01-31,JP1004,0.0038806973419080863
2024-01-31,JP1005,0.02079518898268677
2024-01-31,JP1006,0.0022105675072262515
2024-01-31,JP1007,0.0029163436854781778
2024-01-31,JP1008,0.007653090118488964
2024-01-31,JP1009,0.010504682657705993
2024-01-31,JP1010,0.00538717658695902
2024-01-31,JP1011,0.01689775558689105
2024-01-31,JP1012,0.012335437557191423
2024-01-31,JP1013,0.011314421018903913
2024-01-31,JP1014,0.008786740775396115
2024-01-31,JP1015,0.0583301416051361
2024-01-31,JP1016,0.004329273564805119
2024-01-31,JP1017,0.0007533603976637965
2024-01-31,JP1018,0.026784688836413155
2024-01-31,JP1019,0.0030113303893053505
2024-01-31,JP1020,0.005003243236950863
2024-01-31,JP1021,0.018410455718529995
2024-01-31,JP1022,0.0010009225652959932
2024-01-31,JP1023,0.001390130460531825
2024-01-31,JP1024,0.0009623170409530004
2024-01-31,JP1025,0.0023299309710479305
2024-01-31,JP1026,0.009070979865365592
2024-01-31,JP1027,0.007011197802797513
2024-01-31,JP1028,0.005961425859062224
2024-01-31,JP1029,0.0012797799839485502
2024-01-31,JP1030,0.000422094271076048
2024-01-31,JP1031,0.004680178886907674
2024-01-31,JP1032,0.0039475739806789515
2024-01-31,JP1033,0.008575748748039645
2024-01-31,JP1034,0.013493545359476519
2024-01-31,JP1035,0.00495680188068305
2024-01-31,JP1036,0.01348988594122985
2024-01-31,JP1037,0.005648443812086044
2024-01-31,JP1038,0.009515405172557981
2024-01-31,JP1039,0.0020359776225499977
2024-01-31,JP1040,0.004405077014462972
2024-01-31,JP1041,0.0064636123193480164
2024-01-31,JP1042,0.011122896664039235
2024-01-31,JP1043,0.0030051684528037306
2024-01-31,JP1044,0.00838481392698631
2024-01-31,JP1045,0.00402076313425166
2024-01-31,JP1046,0.004057844561532782
2024-01-31,JP1047,0.011497929970869935
2024-01-31,JP1048,0.0006934383667142314
2024-01-31,JP1049,0.0014652562275465047
2024-01-31,JP1050,0.0009919207979741385
2024-01-31,JP1051,0.0004677637099741332
2024-01-31,JP1052,0.002644977799685239
2024-01-31,JP1053,0.010412409064658127
2024-01-31,JP1054,0.003450760340760365
2024-01-31,JP1055,0.006853017725008232
2024-01-31,JP1056,0.016766991461550772
2024-01-31,JP1057,0.020828795094752002
2024-01-31,JP1058,0.004606974698953834
2024-01-31,JP1059,0.01942022694967205
2024-01-31,JP1060,0.0063616829717509345
2024-01-31,JP1061,0.0024014797897646137
2024-01-31,JP1062,0.003206955006157659
2024-01-31,JP1063,0.001174878214619801
2024-01-31,JP1064,0.0022392109313411077
2024-01-31,JP1065,0.0038255935351407993
2024-01-31,JP1066,0.01321270539827116
2024-01-31,JP1067,0.022785973326222276
2024-01-31,JP1068,0.0013013705525555597
2024-01-31,JP1069,0.008343439609421393
2024-01-31,JP1070,0.002034906311982037
2024-01-31,JP1071,0.007867536077215784
2024-01-31,JP1072,0.004670266231167911
2024-01-31,JP1073,0.0008833430166643504
2024-01-31,JP1074,0.014688467396725066
2024-01-31,JP1075,0.0028976380408201117
2024-01-31,JP1076,0.003080662148993338
2024-01-31,JP1077,0.00170999712003604
2024-01-31,JP1078,0.0029777579742203157
2024-01-31,JP1079,0.00889572911840447
2024-01-31,JP1080,0.004704082685691921
2024-01-31,JP1081,0.007661194841904911
2024-01-31,JP1082,0.007536416926139544
2024-01-31,JP1083,0.018087773104090158
2024-01-31,JP1084,0.003375348615361676
2024-01-31,JP1085,0.0012962079514724485
2024-01-31,JP1086,0.01667314026898764
2024-01-31,JP1087,0.003767390275294508
2024-01-31,JP1088,0.015996615577689933
2024-01-31,JP1089,0.007675426468702058
2024-01-31,JP1090,0.0050633870591773895
2024-01-31,JP1091,0.007828307032881475
2024-01-31,JP1092,0.03451060753671706
2024-01-31,JP1093,0.042999910364557054
2024-01-31,JP1094,0.004685155092242887
2024-01-31,JP1095,0.0056505823889183
2024-01-31,JP1096,0.012611993063786882
2024-01-31,JP1097,0.0020177494263928348
2024-01-31,JP1098,0.006619368183617173
2024-01-31,JP1099,0.004051768607910121
2024-01-31,JP1100,0.007881078869687965
2024-01-31,JP1101,0.002115040939225352
2024-01-31,JP1102,0.0010115148328036702
2024-01-31,JP1103,0.0005911032312822822
2024-01-31,JP1104,0.001772671140261039
2024-01-31,JP1105,0.003716269468837732
2024-01-31,JP1106,0.004024478402803242
2024-01-31,JP1107,0.03679456547106722
2024-01-31,JP1108,0.01270336185892239
2024-01-31,JP1109,0.0019369012163257366
2024-01-31,JP1110,0.007734961629861022
2024-01-31,JP1111,0.003842633626955157
2024-01-31,JP1112,0.004094346185017519
2024-01-31,JP1113,0.0075945419949362235
2024-01-31,JP1114,0.008843203793219652
2024-01-31,JP1115,0.0033913318253752595
2024-01-31,JP1116,0.015417517509620768
2024-01-31,JP1117,0.0018573493094074642
2024-01-31,JP1118,0.005950898385449204
2024-01-31,JP1119,0.05611791331472912
2024-02-29,JP1000,0.004523934009299084
2024-02-29,JP1001,0.008422897946400802
2024-02-29,JP1002,0.013851650949208835
2024-02-29,JP1003,0.0017213728749297173
2024-02-29,JP1004,0.004637228948008562
2024-02-29,JP1005,0.024838472785262772
2024-02-29,JP1006,0.002366284153975482
2024-02-29,JP1007,0.0019373227825285329
2024-02-29,JP1008,0.006366916804577043
2024-02-29,JP1009,0.012352494915749482
2024-02-29,JP1010,0.0052690598570575885
2024-02-29,JP1011,0.01840301527871812
2024-02-29,JP1012,0.012469102317870477
2024-02-29,JP1013,0.011608666679082402
2024-02-29,JP1014,0.008528532395053573
2024-02-29,JP1015,0.05101359095418282
2024-02-29,JP1016,0.004242515351543511
2024-02-29,JP1017,0.0007100450270642834
2024-02-29,JP1018,0.02418906445338001
2024-02-29,JP1019,0.003304284024165141
2024-02-29,JP1020,0.005924398344446839
2024-02-29,JP1021,0.020051551528005966
2024-02-29,JP1022,0.0010821415949568735
2024-02-29,JP1023,0.001668017489366547
2024-02-29,JP1024,0.0011055634833808654
2024-02-29,JP1025,0.002827224554559799
2024-02-29,JP1026,0.00880926560837202
2024-02-29,JP1027,0.00955604523730807
2024-02-29,JP1028,0.005969469976691677
2024-02-29,JP1029,0.0013443083980676379
2024-02-29,JP1030,0.0005532292578251279
2024-02-29,JP1031,0.0053813913284640755
2024-02-29,JP1032,0.002602480345927423
2024-02-29,JP1033,0.006420383300489157
2024-02-29,JP1034,0.010044379945983032
2024-02-29,JP1035,0.00557036074623004
2024-02-29,JP1036,0.00943104527134148
2024-02-29,JP1037,0.006692177285823513
2024-02-29,JP1038,0.007765810990562283
2024-02-29,JP1039,0.0021420471752861873
2024-02-29,JP1040,0.005257926106357105
2024-02-29,JP1041,0.006555190686727836
2024-02-29,JP1042,0.01114460537130223
2024-02-29,JP1043,0.0029982161626163303
2024-02-29,JP1044,0.007890165411380433
2024-02-29,JP1045,0.003687405832095667
2024-02-29,JP1046,0.004310736870004307
2024-02-29,JP1047,0.011361925053218116
2024-02-29,JP1048,0.0006199314376359394
2024-02-29,JP1049,0.0012829908892007405
2024-02-29,JP1050,0.000979926620530316
2024-02-29,JP1051,0.00040714186219823
2024-02-29,JP1052,0.002228200417725409
2024-02-29,JP1053,0.010190645824258167
2024-02-29,JP1054,0.0037334537151152685
2024-02-29,JP1055,0.006536071417516463
2024-02-29,JP1056,0.015859290095368492
2024-02-29,JP1057,0.020554466205250935
2024-02-29,JP1058,0.004633812740554146
2024-02-29,JP1059,0.021160531098497765
2024-02-29,JP1060,0.004530399421338978
2024-02-29,JP1061,0.0023537086774548183
2024-02-29,JP1062,0.0028140756680198656
2024-02-29,JP1063,0.001282290202935032
2024-02-29,JP1064,0.0016110452922487918
2024-02-29,JP1065,0.00392045112884008
2024-02-29,JP1066,0.009717951804304027
2024-02-29,JP1067,0.03199892660182869
2024-02-29,JP1068,0.0011811938582389468
2024-02-29,JP1069,0.007904134404406963
2024-02-29,JP1070,0.001792931757855311
2024-02-29,JP1071,0.009108392364598096
2024-02-29,JP1072,0.00455874609165343
2024-02-29,JP1073,0.0009599652606787979
2024-02-29,JP1074,0.012052919374955468
2024-02-29,JP1075,0.002520663429492246
2024-02-29,JP1076,0.0028116117114763807
2024-02-29,JP1077,0.0018712284046706615
2024-02-29,JP1078,0.002846837129408597
2024-02-29,JP1079,0.0069046465041279585
2024-02-29,JP1080,0.0038921643148088995
2024-02-29,JP1081,0.00731932025419395
2024-02-29,JP1082,0.008326764700845065
2024-02-29,JP1083,0.01787574282905995
2024-02-29,JP1084,0.0031505434925251587
2024-02-29,JP1085,0.001292364014773178
2024-02-29,JP1086,0.012496082310386068
2024-02-29,JP1087,0.0038787807844168866
2024-02-29,JP1088,0.012562916851472365
2024-02-29,JP1089,0.007421294639279521
2024-02-29,JP1090,0.004334275406546995
2024-02-29,JP1091,0.006709634198985059
2024-02-29,JP1092,0.041594949151602285
2024-02-29,JP1093,0.040514571066432366
2024-02-29,JP1094,0.005395539975433278
2024-02-29,JP1095,0.005856332060346643
2024-02-29,JP1096,0.013907866835794648
2024-02-29,JP1097,0.002638257763104484
2024-02-29,JP1098,0.006878480525736323
2024-02-29,JP1099,0.006005217866125841
2024-02-29,JP1100,0.006451844116211016
2024-02-29,JP1101,0.0022288083129140333
2024-02-29,JP1102,0.0009956370000505348
2024-02-29,JP1103,0.0005943314126585317
2024-02-29,JP1104,0.0016433402036077208
2024-02-29,JP1105,0.0038221484939231234
2024-02-29,JP1106,0.004343082581678682
2024-02-29,JP1107,0.03561249052204822
2024-02-29,JP1108,0.01349524421897909
2024-02-29,JP1109,0.002020046138621182
2024-02-29,JP1110,0.0068745409403362665
2024-02-29,JP1111,0.003093883666901186
2024-02-29,JP1112,0.004106280196191736
2024-02-29,JP1113,0.005420945286047843
2024-02-29,JP1114,0.00960777098886029
2024-02-29,JP1115,0.003812977200605582
2024-02-29,JP1116,0.015843514138251583
2024-02-29,JP1117,0.0014373681335047813
2024-02-29,JP1118,0.006089363774097822
2024-02-29,JP1119,0.07062278635540806
2024-03-31,JP1000,0.004572129914928375
2024-03-31,JP1001,0.0072061116795327776
2024-03-31,JP1002,0.014884675429267535
2024-03-31,JP1003,0.0018800094444214837
2024-03-31,JP1004,0.004916486610373986
2024-03-31,JP1005,0.024262822626219205
2024-03-31,JP1006,0.002615257135425468
2024-03-31,JP1007,0.002144051220883278
2024-03-31,JP1008,0.006173841259921678
2024-03-31,JP1009,0.010909840780761558
2024-03-31,JP1010,0.005269597833381976
2024-03-31,JP1011,0.01780068419975262
2024-03-31,JP1012,0.012606392483115743
2024-03-31,JP1013,0.013358964847584453
2024-03-31,JP1014,0.008885907520850955
2024-03-31,JP1015,0.04959716702540486
2024-03-31,JP1016,0.004369553436843949
2024-03-31,JP1017,0.0007634751552420285
2024-03-31,JP1018,0.023568175016675776
2024-03-31,JP1019,0.003268314950013335
2024-03-31,JP1020,0.005868856494456748
2024-03-31,JP1021,0.018396647688973155
2024-03-31,JP1022,0.0010826897549768937
2024-03-31,JP1023,0.0012398768137183048
2024-03-31,JP1024,0.0010655890280854856
2024-03-31,JP1025,0.0027611233041065575
2024-03-31,JP1026,0.008382088561785642
2024-03-31,JP1027,0.00865759488283645
2024-03-31,JP1028,0.005960055575487417
2024-03-31,JP1029,0.0012012297213860863
2024-03-31,JP1030,0.0005226771216110877
2024-03-31,JP1031,0.005441778095884397
2024-03-31,JP1032,0.002815750783292476
2024-03-31,JP1033,0.008287373768744796
2024-03-31,JP1034,0.009455781163078337
2024-03-31,JP1035,0.005535636688054808
2024-03-31,JP1036,0.01194415192142988
2024-03-31,JP1037,0.006269959861684375
2024-03-31,JP1038,0.008132465523183235
2024-03-31,JP1039,0.002287086324190104
2024-03-31,JP1040,0.003972050153630609
2024-03-31,JP1041,0.0058899225457694085
2024-03-31,JP1042,0.012638488212472883
2024-03-31,JP1043,0.003433139782449498
2024-03-31,JP1044,0.00969883111099569
2024-03-31,JP1045,0.0034825093772399463
2024-03-31,JP1046,0.005165321493928155
2024-03-31,JP1047,0.011530243490538116
2024-03-31,JP1048,0.0006802819944850109
2024-03-31,JP1049,0.001363689726298081
2024-03-31,JP1050,0.0014538183933614863
2024-03-31,JP1051,0.00047195668371869233
2024-03-31,JP1052,0.0031875021434360426
2024-03-31,JP1053,0.011777632025113104
2024-03-31,JP1054,0.003438442695521324
2024-03-31,JP1055,0.00565220536554625
2024-03-31,JP1056,0.015469015890701415
2024-03-31,JP1057,0.019462404934365053
2024-03-31,JP1058,0.004578850391213861
2024-03-31,JP1059,0.018736652154156815
2024-03-31,JP1060,0.0065366663935208635
2024-03-31,JP1061,0.002244340660372396
2024-03-31,JP1062,0.002953660759667109
2024-03-31,JP1063,0.0011754087310151633
2024-03-31,JP1064,0.0021098566905973057
2024-03-31,JP1065,0.004427580029956112
2024-03-31,JP1066,0.012077152330648834
2024-03-31,JP1067,0.03712230609811696
2024-03-31,JP1068,0.0013855172952801473
2024-03-31,JP1069,0.007085251357192823
2024-03-31,JP1070,0.002042661995058626
2024-03-31,JP1071,0.008145245963989677
2024-03-31,JP1072,0.005216390230219406
2024-03-31,JP1073,0.0007648371525494919
2024-03-31,JP1074,0.011025624333489702
2024-03-31,JP1075,0.0028168839372460885
2024-03-31,JP1076,0.003467060536996905
2024-03-31,JP1077,0.001644778382310413
2024-03-31,JP1078,0.0028126338206310316
2024-03-31,JP1079,0.00732220883216113
2024-03-31,JP1080,0.004644078109940149
2024-03-31,JP1081,0.00683857918559137
2024-03-31,JP1082,0.007532061438804126
2024-03-31,JP1083,0.018499938957521504
2024-03-31,JP1084,0.003362205849054869
2024-03-31,JP1085,0.000962034811803926
2024-03-31,JP1086,0.013035217004088594
2024-03-31,JP1087,0.0035647384553674777
2024-03-31,JP1088,0.016279210719915938
2024-03-31,JP1089,0.009017763389108395
2024-03-31,JP1090,0.004251623231014669
2024-03-31,JP1091,0.006790326700486553
2024-03-31,JP1092,0.03146677295423476
2024-03-31,JP1093,0.04438740334529386
2024-03-31,JP1094,0.005794722295662661
2024-03-31,JP1095,0.006267365325126181
2024-03-31,JP1096,0.015504435445863508
2024-03-31,JP1097,0.0021115755071885894
2024-03-31,JP1098,0.008160730269839659
2024-03-31,JP1099,0.004603826098992803
2024-03-31,JP1100,0.006665497446605842
2024-03-31,JP1101,0.0020045482684006985
2024-03-31,JP1102,0.001028358565795344
2024-03-31,JP1103,0.0005944595375049015
2024-03-31,JP1104,0.0015684646049038205
2024-03-31,JP1105,0.0028626783977331455
2024-03-31,JP1106,0.0034603955541722604
2024-03-31,JP1107,0.03016828356949417
2024-03-31,JP1108,0.0159941085119987
2024-03-31,JP1109,0.0017898015062297711
2024-03-31,JP1110,0.008493046372640022
2024-03-31,JP1111,0.0037360853129915317
2024-03-31,JP1112,0.0038691035255076288
2024-03-31,JP1113,0.006506199963121563
2024-03-31,JP1114,0.01033401877787891
2024-03-31,JP1115,0.003461376107789755
2024-03-31,JP1116,0.014496759276977423
2024-03-31,JP1117,0.0018153765724743124
2024-03-31,JP1118,0.005760569424821341
2024-03-31,JP1119,0.0634953638645304
2024-04-30,JP1000,0.004151228067672832
2024-04-30,JP1001,0.0076431530062521106
2024-04-30,JP1002,0.014072210478677004
2024-04-30,JP1003,0.00142773994645687
2024-04-30,JP1004,0.004567832344558047
2024-04-30,JP1005,0.021987920268387178
2024-04-30,JP1006,0.0024369487358879022
2024-04-30,JP1007,0.0021312862577181338
2024-04-30,JP1008,0.005608814599599442
2024-04-30,JP1009,0.01117808887503738
2024-04-30,JP1010,0.005001169469226754
2024-04-30,JP1011,0.020917322626370822
2024-04-30,JP1012,0.011608473909780417
2024-04-30,JP1013,0.012228094947451328
2024-04-30,JP1014,0.009254901611373469
2024-04-30,JP1015,0.050627113280946455
2024-04-30,JP1016,0.004678150067381625
2024-04-30,JP1017,0.0006769865899893178
2024-04-30,JP1018,0.024509707425604974
2024-04-30,JP1019,0.003682939992907142
2024-04-30,JP1020,0.005885562049142579
2024-04-30,JP1021,0.015200055458560721
2024-04-30,JP1022,0.000804756641965353
2024-04-30,JP1023,0.0017482592126296483
2024-04-30,JP1024,0.0010596471347880442
2024-04-30,JP1025,0.0023149774003080837
2024-04-30,JP1026,0.006479913360185556
2024-04-30,JP1027,0.00867534833452473
2024-04-30,JP1028,0.006182545892531506
2024-04-30,JP1029,0.0012294897479238917
2024-04-30,JP1030,0.00048093746588795085
2024-04-30,JP1031,0.00534585063380561
2024-04-30,JP1032,0.003315154414156678
2024-04-30,JP1033,0.008564176474019108
2024-04-30,JP1034,0.010447314657276502
2024-04-30,JP1035,0.006048593837332943
2024-04-30,JP1036,0.009324200639111836
2024-04-30,JP1037,0.0064996149697366615
2024-04-30,JP1038,0.009040192716649693
2024-04-30,JP1039,0.0025556869004662456
2024-04-30,JP1040,0.005052577938918263
2024-04-30,JP1041,0.006179730348042554
2024-04-30,JP1042,0.010371052324835662
2024-04-30,JP1043,0.0035153355538444712
2024-04-30,JP1044,0.008286805292283003
2024-04-30,JP1045,0.003362201574956529
2024-04-30,JP1046,0.0044948178197654134
2024-04-30,JP1047,0.013846406028841721
2024-04-30,JP1048,0.0006845268770663418
2024-04-30,JP1049,0.0015884829490024422
2024-04-30,JP1050,0.001271878337617569
2024-04-30,JP1051,0.000640181113041728
2024-04-30,JP1052,0.0027677904571505882
2024-04-30,JP1053,0.011111736767026693
2024-04-30,JP1054,0.00395499350380819
2024-04-30,JP1055,0.0065310121432594435
2024-04-30,JP1056,0.01509178850997877
2024-04-30,JP1057,0.018685843838823095
2024-04-30,JP1058,0.005093116328456603
2024-04-30,JP1059,0.018939432662569457
2024-04-30,JP1060,0.004741528425066162
2024-04-30,JP1061,0.0019788110098282927
2024-04-30,JP1062,0.0033912939551381154
2024-04-30,JP1063,0.0011485325379162273
2024-04-30,JP1064,0.002315492579323724
2024-04-30,JP1065,0.00339779447945949
2024-04-30,JP1066,0.012723290621841476
2024-04-30,JP1067,0.03032361266471442
2024-04-30,JP1068,0.0015965518628638824
2024-04-30,JP1069,0.008805807653310807
2024-04-30,JP1070,0.0019816873514121687
2024-04-30,JP1071,0.007899082900674472
2024-04-30,JP1072,0.004064380696385805
2024-04-30,JP1073,0.000823650810560252
2024-04-30,JP1074,0.013211987029145866
2024-04-30,JP1075,0.0027319890193390193
2024-04-30,JP1076,0.0032789967318135405
2024-04-30,JP1077,0.0018020462813629686
2024-04-30,JP1078,0.0027085100280672143
2024-04-30,JP1079,0.009311266130379338
2024-04-30,JP1080,0.004358571460022245
2024-04-30,JP1081,0.006322154973638638
2024-04-30,JP1082,0.008291558403684436
2024-04-30,JP1083,0.019936185249772018
2024-04-30,JP1084,0.003599831274935986
2024-04-30,JP1085,0.0010816308212516187
2024-04-30,JP1086,0.017188940934166
2024-04-30,JP1087,0.004430288102206942
2024-04-30,JP1088,0.014854102449697143
2024-04-30,JP1089,0.007877884890875467
2024-04-30,JP1090,0.004776396443589431
2024-04-30,JP1091,0.006204939794514492
2024-04-30,JP1092,0.03650928543617919
2024-04-30,JP1093,0.03494528770814536
2024-04-30,JP1094,0.005576038729043285
2024-04-30,JP1095,0.007670760420193763
2024-04-30,JP1096,0.01322685452626304
2024-04-30,JP1097,0.0026990186200122114
2024-04-30,JP1098,0.008685303101535051
2024-04-30,JP1099,0.005075898111190271
2024-04-30,JP1100,0.007510842190638911
2024-04-30,JP1101,0.0022016644355432697
2024-04-30,JP1102,0.0010167776208670192
2024-04-30,JP1103,0.0006691636007595216
2024-04-30,JP1104,0.001577853335298275
2024-04-30,JP1105,0.0034540905812729247
2024-04-30,JP1106,0.0039035349163958084
2024-04-30,JP1107,0.03250587201308405
2024-04-30,JP1108,0.01690941563232405
2024-04-30,JP1109,0.002143421192424824
2024-04-30,JP1110,0.008255939751432618
2024-04-30,JP1111,0.0033064530049519447
2024-04-30,JP1112,0.004346861936310154
2024-04-30,JP1113,0.007790605364509966
2024-04-30,JP1114,0.00970909437426438
2024-04-30,JP1115,0.003756672356278867
2024-04-30,JP1116,0.016161663885445692
2024-04-30,JP1117,0.0013396623119245968
2024-04-30,JP1118,0.004575206441327324
2024-04-30,JP1119,0.06625589002385475
2024-05-31,JP1000,0.0033729481518484836
2024-05-31,JP1001,0.009018897351613844
2024-05-31,JP1002,0.016445208969765195
2024-05-31,JP1003,0.002025725632498267
2024-05-31,JP1004,0.004612963625430761
2024-05-31,JP1005,0.025673304732184425
2024-05-31,JP1006,0.002513925175154566
2024-05-31,JP1007,0.0023208565323534634
2024-05-31,JP1008,0.006762217079466674
2024-05-31,JP1009,0.012653744836277434
2024-05-31,JP1010,0.005772201630729645
2024-05-31,JP1011,0.015689865793898927
2024-05-31,JP1012,0.012026879148563902
2024-05-31,JP1013,0.010579865135907028
2024-05-31,JP1014,0.009839823694757282
2024-05-31,JP1015,0.04821424407340281
2024-05-31,JP1016,0.0040786697898097255
2024-05-31,JP1017,0.0007628679087190854
2024-05-31,JP1018,0.0292041259654195
2024-05-31,JP1019,0.003560200917925263
2024-05-31,JP1020,0.006186750209965353
2024-05-31,JP1021,0.01694628340642771
2024-05-31,JP1022,0.0009373046186019605
2024-05-31,JP1023,0.001288578875825202
2024-05-31,JP1024,0.0009345866258489182
2024-05-31,JP1025,0.0023653090366614338
2024-05-31,JP1026,0.008841139122177407
2024-05-31,JP1027,0.00961772842640681
2024-05-31,JP1028,0.005642598896959816
2024-05-31,JP1029,0.0012496034215153781
2024-05-31,JP1030,0.0004974404191732512
2024-05-31,JP1031,0.0043139585039610505
2024-05-31,JP1032,0.0034918716622819495
2024-05-31,JP1033,0.008835793700656918
2024-05-31,JP1034,0.009780696891520373
2024-05-31,JP1035,0.005734582526628926
2024-05-31,JP1036,0.011177563073230421
2024-05-31,JP1037,0.006751851761284769
2024-05-31,JP1038,0.008202348262652627
2024-05-31,JP1039,0.002336484033224174
2024-05-31,JP1040,0.003861395200022408
2024-05-31,JP1041,0.007278282540485886
2024-05-31,JP1042,0.013219748068219187
2024-05-31,JP1043,0.0031150533377028444
2024-05-31,JP1044,0.007931273433053113
2024-05-31,JP1045,0.0035513476981123963
2024-05-31,JP1046,0.003947901965356712
2024-05-31,JP1047,0.014351446768310003
2024-05-31,JP1048,0.0006522881256123335
2024-05-31,JP1049,0.0015199992207783424
2024-05-31,JP1050,0.0011310879806367329
2024-05-31,JP1051,0.0004885365821138323
2024-05-31,JP1052,0.002539752672256068
2024-05-31,JP1053,0.011306864010284542
2024-05-31,JP1054,0.0038032552123145
2024-05-31,JP1055,0.006763618922777824
2024-05-31,JP1056,0.017184236477662238
2024-05-31,JP1057,0.018263050595691395
2024-05-31,JP1058,0.004906241902419362
2024-05-31,JP1059,0.016936081945526087
2024-05-31,JP1060,0.005360980703143967
2024-05-31,JP1061,0.0022336820412416467
2024-05-31,JP1062,0.002786883215663762
2024-05-31,JP1063,0.0011592826051680417
2024-05-31,JP1064,0.002231682549143451
2024-05-31,JP1065,0.0038719080008929917
2024-05-31,JP1066,0.009301850411104593
2024-05-31,JP1067,0.029320755108031366
2024-05-31,JP1068,0.0012530318840482941
2024-05-31,JP1069,0.007270870333283235
2024-05-31,JP1070,0.0020923303579103558
2024-05-31,JP1071,0.006946568802391876
2024-05-31,JP1072,0.004494353284553116
2024-05-31,JP1073,0.0009533447699172659
2024-05-31,JP1074,0.013127658941868205
2024-05-31,JP1075,0.0025580296011972503
2024-05-31,JP1076,0.0029555583741894534
2024-05-31,JP1077,0.002109785060620941
2024-05-31,JP1078,0.00301058950174551
2024-05-31,JP1079,0.007503094072339627
2024-05-31,JP1080,0.004970248508597801
2024-05-31,JP1081,0.007626383577746785
2024-05-31,JP1082,0.005736876120675922
2024-05-31,JP1083,0.019092067266263488
2024-05-31,JP1084,0.004388380702265887
2024-05-31,JP1085,0.0011580038520757109
2024-05-31,JP1086,0.017435592502457326
2024-05-31,JP1087,0.0032036413524359846
2024-05-31,JP1088,0.013776032400503173
2024-05-31,JP1089,0.008464326602174438
2024-05-31,JP1090,0.004919956286745938
2024-05-31,JP1091,0.007281887267660279
2024-05-31,JP1092,0.03953259739963006
2024-05-31,JP1093,0.038742633742890734
2024-05-31,JP1094,0.004933127832368487
2024-05-31,JP1095,0.006284498875096403
2024-05-31,JP1096,0.014684243978319673
2024-05-31,JP1097,0.002305352515264434
2024-05-31,JP1098,0.007337069623310745
2024-05-31,JP1099,0.00485421974506468
2024-05-31,JP1100,0.008512674013308326
2024-05-31,JP1101,0.002017959941344769
2024-05-31,JP1102,0.0010671203529433793
2024-05-31,JP1103,0.0006420551556478119
2024-05-31,JP1104,0.0017377247128569442
2024-05-31,JP1105,0.003271395478042082
2024-05-31,JP1106,0.004280231372256295
2024-05-31,JP1107,0.0368819820561726
2024-05-31,JP1108,0.014587327760038876
2024-05-31,JP1109,0.0017761601617110045
2024-05-31,JP1110,0.0067530631418570445
2024-05-31,JP1111,0.0031607889752770972
2024-05-31,JP1112,0.004148398594028086
2024-05-31,JP1113,0.006149020593096337
2024-05-31,JP1114,0.009953711805207606
2024-05-31,JP1115,0.0031969824071884597
2024-05-31,JP1116,0.014461479716026682
2024-05-31,JP1117,0.0017256464886487564
2024-05-31,JP1118,0.005752103003753996
2024-05-31,JP1119,0.05964232222052441
2024-06-30,JP1000,0.004086661080143536
2024-06-30,JP1001,0.007925820550746136
2024-06-30,JP1002,0.014746972535143366
2024-06-30,JP1003,0.002077175539148051
2024-06-30,JP1004,0.004492400449603176
2024-06-30,JP1005,0.02102334639504579
2024-06-30,JP1006,0.0023422739645641427
2024-06-30,JP1007,0.002588554314914113
2024-06-30,JP1008,0.007534056041587547
2024-06-30,JP1009,0.011447462861178846
2024-06-30,JP1010,0.005204150268169867
2024-06-30,JP1011,0.02265272711817618
2024-06-30,JP1012,0.013241435258963053
2024-06-30,JP1013,0.011427127519433828
2024-06-30,JP1014,0.00807231877905114
2024-06-30,JP1015,0.05004958554444944
2024-06-30,JP1016,0.004618942310125659
2024-06-30,JP1017,0.0006050536888357051
2024-06-30,JP1018,0.026440773218408667
2024-06-30,JP1019,0.0031773732954379573
2024-06-30,JP1020,0.005392464935611036
2024-06-30,JP1021,0.01837858352426552
2024-06-30,JP1022,0.0011451915136012935
2024-06-30,JP1023,0.0015713441440563167
2024-06-30,JP1024,0.0011647955325090175
2024-06-30,JP1025,0.0021702428096645777
2024-06-30,JP1026,0.006835260929884772
2024-06-30,JP1027,0.008961039264696154
2024-06-30,JP1028,0.006856842943969523
2024-06-30,JP1029,0.0012074419390995168
2024-06-30,JP1030,0.0004240962443795797
2024-06-30,JP1031,0.005994266077142902
2024-06-30,JP1032,0.0024191304277978447
2024-06-30,JP1033,0.008853326821296114
2024-06-30,JP1034,0.011232463628386468
2024-06-30,JP1035,0.0063525048847421365
2024-06-30,JP1036,0.011064489922202598
2024-06-30,JP1037,0.005217240582555591
2024-06-30,JP1038,0.007535665340193617
2024-06-30,JP1039,0.0023677103596082194
2024-06-30,JP1040,0.005235034144003292
2024-06-30,JP1041,0.006975519515206078
2024-06-30,JP1042,0.011616536436540606
2024-06-30,JP1043,0.0033034865531836105
2024-06-30,JP1044,0.00888605455880867
2024-06-30,JP1045,0.004344334902013106
2024-06-30,JP1046,0.004771103621720208
2024-06-30,JP1047,0.010386322351041203
2024-06-30,JP1048,0.000819153397798543
2024-06-30,JP1049,0.0014943954841807779
2024-06-30,JP1050,0.0011244327385317755
2024-06-30,JP1051,0.000522952415502224
2024-06-30,JP1052,0.002983913167022637
2024-06-30,JP1053,0.011450798502862389
2024-06-30,JP1054,0.004093231900600856
2024-06-30,JP1055,0.007398091587240082
2024-06-30,JP1056,0.01454096775948396
2024-06-30,JP1057,0.01785297475507794
2024-06-30,JP1058,0.004650300690272655
2024-06-30,JP1059,0.021995902480509234
2024-06-30,JP1060,0.006302580283328465
2024-06-30,JP1061,0.0022973871152840437
2024-06-30,JP1062,0.0026482924647616177
2024-06-30,JP1063,0.0014197765038511168
2024-06-30,JP1064,0.0019131614047696508
2024-06-30,JP1065,0.003487538956251962
2024-06-30,JP1066,0.010871867533363628
2024-06-30,JP1067,0.03245686807282072
2024-06-30,JP1068,0.0012880482735519116
2024-06-30,JP1069,0.009119147915958407
2024-06-30,JP1070,0.001998812462207576
2024-06-30,JP1071,0.007649444294226943
2024-06-30,JP1072,0.004438214413548923
2024-06-30,JP1073,0.000793521467370932
2024-06-30,JP1074,0.01517589879343689
2024-06-30,JP1075,0.003103817192538869
2024-06-30,JP1076,0.002613010004799481
2024-06-30,JP1077,0.0018884875843465016
2024-06-30,JP1078,0.0026978551085840045
2024-06-30,JP1079,0.007052491521884198
2024-06-30,JP1080,0.00397925229748063
2024-06-30,JP1081,0.007099914689930651
2024-06-30,JP1082,0.0060110883935006465
2024-06-30,JP1083,0.0200016725201618
2024-06-30,JP1084,0.0037386738357345103
2024-06-30,JP1085,0.0011626997362854264
2024-06-30,JP1086,0.015238921026920219
2024-06-30,JP1087,0.0036654099111280932
2024-06-30,JP1088,0.014228078308637041
2024-06-30,JP1089,0.007187488784395767
2024-06-30,JP1090,0.004238378612053176
2024-06-30,JP1091,0.007883547957073425
2024-06-30,JP1092,0.03303226688099692
2024-06-30,JP1093,0.03943850135771445
2024-06-30,JP1094,0.005612852448930728
2024-06-30,JP1095,0.00526351859827907
2024-06-30,JP1096,0.014638990963079884
2024-06-30,JP1097,0.0022471287676163994
2024-06-30,JP1098,0.007400352360280288
2024-06-30,JP1099,0.0052643348323787595
2024-06-30,JP1100,0.0066167537081590405
2024-06-30,JP1101,0.0020322880756751737
2024-06-30,JP1102,0.0010156399708814334
2024-06-30,JP1103,0.0006691957464601662
2024-06-30,JP1104,0.0016577528103005879
2024-06-30,JP1105,0.0029492382794822193
2024-06-30,JP1106,0.004855908827562091
2024-06-30,JP1107,0.033451853050401305
2024-06-30,JP1108,0.013808557346338448
2024-06-30,JP1109,0.0018597655734220765
2024-06-30,JP1110,0.008061193501429363
2024-06-30,JP1111,0.0036799205777711935
2024-06-30,JP1112,0.0046977243106110875
2024-06-30,JP1113,0.005681309797789505
2024-06-30,JP1114,0.00941170507123962
2024-06-30,JP1115,0.0041167518357903615
2024-06-30,JP1116,0.01362530071496305
2024-06-30,JP1117,0.0018720450671740744
2024-06-30,JP1118,0.005274205778919487
2024-06-30,JP1119,0.06476977678577704
2024-07-31,JP1000,0.00449649220532611
2024-07-31,JP1001,0.006538541650836914
2024-07-31,JP1002,0.013062482589030162
2024-07-31,JP1003,0.0017838029399213071
2024-07-31,JP1004,0.004453500040206096
2024-07-31,JP1005,0.02021903154665994
2024-07-31,JP1006,0.0025327014522296383
2024-07-31,JP1007,0.002394786712180957
2024-07-31,JP1008,0.0060669436332844336
2024-07-31,JP1009,0.013240115057360644
2024-07-31,JP1010,0.005492216814826277
2024-07-31,JP1011,0.020211126605368834
2024-07-31,JP1012,0.01153591812581931
2024-07-31,JP1013,0.011745432143600507
2024-07-31,JP1014,0.009738247609774812
2024-07-31,JP1015,0.04566530395207331
2024-07-31,JP1016,0.003651055778096065
2024-07-31,JP1017,0.000666521466451528
2024-07-31,JP1018,0.025555423661376277
2024-07-31,JP1019,0.0032257538884854888
2024-07-31,JP1020,0.006041810165587635
2024-07-31,JP1021,0.019537304357414756
2024-07-31,JP1022,0.0010391935986831214
2024-07-31,JP1023,0.0014287392394983537
2024-07-31,JP1024,0.001126383880397159
2024-07-31,JP1025,0.0026234690280996296
2024-07-31,JP1026,0.007757373384452796
2024-07-31,JP1027,0.009040704269302353
2024-07-31,JP1028,0.006613581807050195
2024-07-31,JP1029,0.0011105857052755737
2024-07-31,JP1030,0.00043248778108334525
2024-07-31,JP1031,0.006113894424335425
2024-07-31,JP1032,0.0034792287897482035
2024-07-31,JP1033,0.008484530225424105
2024-07-31,JP1034,0.011477571325765287
2024-07-31,JP1035,0.005456304329012094
2024-07-31,JP1036,0.012034964363733438
2024-07-31,JP1037,0.006703813556338612
2024-07-31,JP1038,0.00837787157497467
2024-07-31,JP1039,0.0020208389687244874
2024-07-31,JP1040,0.0037285362917296215
2024-07-31,JP1041,0.0074436497776481005
2024-07-31,JP1042,0.013841630359700331
2024-07-31,JP1043,0.00301341510639699
2024-07-31,JP1044,0.007100062788887192
2024-07-31,JP1045,0.004495498993840068
2024-07-31,JP1046,0.004540222341844052
2024-07-31,JP1047,0.010980203239102733
2024-07-31,JP1048,0.000620127502279214
2024-07-31,JP1049,0.0012435193270157242
2024-07-31,JP1050,0.0013322750261606324
2024-07-31,JP1051,0.0005116736311306707
2024-07-31,JP1052,0.002183919194813744
2024-07-31,JP1053,0.010153754734351522
2024-07-31,JP1054,0.004535764178989815
2024-07-31,JP1055,0.006466001226880614
2024-07-31,JP1056,0.013304964811238877
2024-07-31,JP1057,0.01819836786440768
2024-07-31,JP1058,0.00475181580292954
2024-07-31,JP1059,0.021914519195379043
2024-07-31,JP1060,0.005589513981657174
2024-07-31,JP1061,0.002557284805067772
2024-07-31,JP1062,0.002916747869320983
2024-07-31,JP1063,0.0009313922560635238
2024-07-31,JP1064,0.0022343896299593952
2024-07-31,JP1065,0.0035337478854664175
2024-07-31,JP1066,0.010931451645434381
2024-07-31,JP1067,0.02992880382329326
2024-07-31,JP1068,0.0012605705721639795
2024-07-31,JP1069,0.007780084588998115
2024-07-31,JP1070,0.0017258773729778671
2024-07-31,JP1071,0.007822572686427411
2024-07-31,JP1072,0.005044255816521735
2024-07-31,JP1073,0.0008345428456938659
2024-07-31,JP1074,0.013570089861022467
2024-07-31,JP1075,0.0026534020542217035
2024-07-31,JP1076,0.0033572739941702765
2024-07-31,JP1077,0.0018030014721841787
2024-07-31,JP1078,0.0025871355771135496
2024-07-31,JP1079,0.008963580836029661
2024-07-31,JP1080,0.004118757297760912
2024-07-31,JP1081,0.007281554137495324
2024-07-31,JP1082,0.006555376762601858
2024-07-31,JP1083,0.018114577646867552
2024-07-31,JP1084,0.0039491135973998255
2024-07-31,JP1085,0.0011696550092276511
2024-07-31,JP1086,0.015105459591344692
2024-07-31,JP1087,0.0036624902404402723
2024-07-31,JP1088,0.015616344859543987
2024-07-31,JP1089,0.007156107733818146
2024-07-31,JP1090,0.004307724204223751
2024-07-31,JP1091,0.007085096982519911
2024-07-31,JP1092,0.035185277626259205
2024-07-31,JP1093,0.04302695011708278
2024-07-31,JP1094,0.005759798400677493
2024-07-31,JP1095,0.0068934680169611025
2024-07-31,JP1096,0.01618551695337425
2024-07-31,JP1097,0.002022539414970736
2024-07-31,JP1098,0.0067173988939488805
2024-07-31,JP1099,0.005505819061165247
2024-07-31,JP1100,0.007527292888182721
2024-07-31,JP1101,0.0024822433251822503
2024-07-31,JP1102,0.0010498516381457126
2024-07-31,JP1103,0.0006310640893840215
2024-07-31,JP1104,0.0017427824588355171
2024-07-31,JP1105,0.0028363709719570114
2024-07-31,JP1106,0.003764649114702354
2024-07-31,JP1107,0.04345695761707625
2024-07-31,JP1108,0.015053393959409113
2024-07-31,JP1109,0.0019639697530588595
2024-07-31,JP1110,0.007142119665949228
2024-07-31,JP1111,0.003982139896480691
2024-07-31,JP1112,0.003441093594469715
2024-07-31,JP1113,0.006628671313659086
2024-07-31,JP1114,0.009187267631315721
2024-07-31,JP1115,0.0034362105573329735
2024-07-31,JP1116,0.012614825654580126
2024-07-31,JP1117,0.0019505773120480103
2024-07-31,JP1118,0.005569492102561391
2024-07-31,JP1119,0.0605583102916619
2024-08-31,JP1000,0.0037870707504180194
2024-08-31,JP1001,0.0069659420200999704
2024-08-31,JP1002,0.011786044269538543
2024-08-31,JP1003,0.0016151607104624367
2024-08-31,JP1004,0.004409820965710616
2024-08-31,JP1005,0.019219066262311527
2024-08-31,JP1006,0.002682733889008096
2024-08-31,JP1007,0.002483380714533939
2024-08-31,JP1008,0.006101107510450124
2024-08-31,JP1009,0.01100015342088845
2024-08-31,JP1010,0.005084726295776638
2024-08-31,JP1011,0.022066774462556643
2024-08-31,JP1012,0.012660295017196137
2024-08-31,JP1013,0.00978738319593454
2024-08-31,JP1014,0.007014237694639236
2024-08-31,JP1015,0.04728814382431134
2024-08-31,JP1016,0.0040948537968794035
2024-08-31,JP1017,0.0005743242420924646
2024-08-31,JP1018,0.024602580142348996
2024-08-31,JP1019,0.0027016611971485056
2024-08-31,JP1020,0.005628726935875537
2024-08-31,JP1021,0.01911564430865438
2024-08-31,JP1022,0.0012060643678999676
2024-08-31,JP1023,0.0014252434047171043
2024-08-31,JP1024,0.0009825607372385406
2024-08-31,JP1025,0.0026075911290409023
2024-08-31,JP1026,0.008365838234028127
2024-08-31,JP1027,0.008564752034114855
2024-08-31,JP1028,0.006456291015996082
2024-08-31,JP1029,0.0014572120494076456
2024-08-31,JP1030,0.0004657458929295805
2024-08-31,JP1031,0.004598943251035814
2024-08-31,JP1032,0.0030902686342996048
2024-08-31,JP1033,0.007744302291026059
2024-08-31,JP1034,0.011492622745042267
2024-08-31,JP1035,0.0058885606246903525
2024-08-31,JP1036,0.011832541318635311
2024-08-31,JP1037,0.004915402179999262
2024-08-31,JP1038,0.00829659738056639
2024-08-31,JP1039,0.0028924547344247814
2024-08-31,JP1040,0.0037874831483527007
2024-08-31,JP1041,0.0059778380310844806
2024-08-31,JP1042,0.012473895052133996
2024-08-31,JP1043,0.0032381093358582235
2024-08-31,JP1044,0.009194578228679988
2024-08-31,JP1045,0.003643522930437004
2024-08-31,JP1046,0.004472391473522233
2024-08-31,JP1047,0.012376798668294924
2024-08-31,JP1048,0.0006169125772999529
2024-08-31,JP1049,0.0012729288820406
2024-08-31,JP1050,0.0012566402516175634
2024-08-31,JP1051,0.0004523951219147561
2024-08-31,JP1052,0.0025949794224761017
2024-08-31,JP1053,0.011775507352951868
2024-08-31,JP1054,0.003832557643576547
2024-08-31,JP1055,0.006323511909445786
2024-08-31,JP1056,0.017520507610131384
2024-08-31,JP1057,0.02397370840339191
2024-08-31,JP1058,0.004776364616951003
2024-08-31,JP1059,0.018734808067087497
2024-08-31,JP1060,0.006017425782395235
2024-08-31,JP1061,0.002022070718416231
2024-08-31,JP1062,0.003177539590393559
2024-08-31,JP1063,0.0010875693560922072
2024-08-31,JP1064,0.00199119520291881
2024-08-31,JP1065,0.0031854069636917345
2024-08-31,JP1066,0.010359122943815961
2024-08-31,JP1067,0.03175376467769482
2024-08-31,JP1068,0.0013116263594113548
2024-08-31,JP1069,0.007439231254935573
2024-08-31,JP1070,0.0021895439600311825
2024-08-31,JP1071,0.008213119174438037
2024-08-31,JP1072,0.004420956140576323
2024-08-31,JP1073,0.0007239867872202597
2024-08-31,JP1074,0.011782184311850161
2024-08-31,JP1075,0.0025108951815673982
2024-08-31,JP1076,0.002764161054981889
2024-08-31,JP1077,0.0016531094273848374
2024-08-31,JP1078,0.002550793671770551
2024-08-31,JP1079,0.008306524725821007
2024-08-31,JP1080,0.004168028585848676
2024-08-31,JP1081,0.008386977661141002
2024-08-31,JP1082,0.007722624194237023
2024-08-31,JP1083,0.017623122461368407
2024-08-31,JP1084,0.003749538081955443
2024-08-31,JP1085,0.0011705437709777246
2024-08-31,JP1086,0.016879084209911202
2024-08-31,JP1087,0.0039347224363205984
2024-08-31,JP1088,0.01549582569108349
2024-08-31,JP1089,0.008823676536879098
2024-08-31,JP1090,0.004682329603832786
2024-08-31,JP1091,0.007599617555699126
2024-08-31,JP1092,0.04128624388619151
2024-08-31,JP1093,0.043897715424054164
2024-08-31,JP1094,0.005529949663491146
2024-08-31,JP1095,0.005880257347035931
2024-08-31,JP1096,0.01210399798658808
2024-08-31,JP1097,0.0018021331177744484
2024-08-31,JP1098,0.0069624612084107015
2024-08-31,JP1099,0.004654407400358342
2024-08-31,JP1100,0.006923997009161265
2024-08-31,JP1101,0.002429146475608457
2024-08-31,JP1102,0.0009534913640667949
2024-08-31,JP1103,0.0005425826647017274
2024-08-31,JP1104,0.001450494483072995
2024-08-31,JP1105,0.0028924667140161667
2024-08-31,JP1106,0.0033601839507021703
2024-08-31,JP1107,0.03518971308668623
2024-08-31,JP1108,0.017798183063747017
2024-08-31,JP1109,0.002051547108332551
2024-08-31,JP1110,0.0076582977058938
2024-08-31,JP1111,0.003435073470107187
2024-08-31,JP1112,0.0033567080672326386
2024-08-31,JP1113,0.007603394003377763
2024-08-31,JP1114,0.009084577059101864
2024-08-31,JP1115,0.003886614988499878
2024-08-31,JP1116,0.011696165443790782
2024-08-31,JP1117,0.0015973752366462168
2024-08-31,JP1118,0.004994582212482771
2024-08-31,JP1119,0.06603365940502913
2024-09-30,JP1000,0.0043786722946086995
2024-09-30,JP1001,0.006428823828479018
2024-09-30,JP1002,0.012604274347228736
2024-09-30,JP1003,0.0018078197934743238
2024-09-30,JP1004,0.0035096758918294548
2024-09-30,JP1005,0.02558481408670881
2024-09-30,JP1006,0.002399967705036308
2024-09-30,JP1007,0.0021251984795154174
2024-09-30,JP1008,0.005767426121857294
2024-09-30,JP1009,0.012248868864887848
2024-09-30,JP1010,0.004612223345170891
2024-09-30,JP1011,0.021645329606145236
2024-09-30,JP1012,0.012901060788445445
2024-09-30,JP1013,0.010838779409852594
2024-09-30,JP1014,0.008569924006008428
2024-09-30,JP1015,0.05813162433452733
2024-09-30,JP1016,0.00425958657872988
2024-09-30,JP1017,0.0006620693458580041
2024-09-30,JP1018,0.02318650034205086
2024-09-30,JP1019,0.0031418845067839904
2024-09-30,JP1020,0.00536708198022707
2024-09-30,JP1021,0.019186608500036142
2024-09-30,JP1022,0.0009803075718662069
2024-09-30,JP1023,0.0013039089487584916
2024-09-30,JP1024,0.0011300127679034846
2024-09-30,JP1025,0.0023963923734559686
2024-09-30,JP1026,0.00705427778385867
2024-09-30,JP1027,0.007996303603351858
2024-09-30,JP1028,0.007106561925972331
2024-09-30,JP1029,0.0011242504958807683
2024-09-30,JP1030,0.0004899934388364375
2024-09-30,JP1031,0.005150172566628896
2024-09-30,JP1032,0.0029143528641650046
2024-09-30,JP1033,0.007149082174520065
2024-09-30,JP1034,0.01007676944287198
2024-09-30,JP1035,0.005253827441046625
2024-09-30,JP1036,0.0101172893604848
2024-09-30,JP1037,0.00687515007462706
2024-09-30,JP1038,0.007941580639687284
2024-09-30,JP1039,0.0025982009579242106
2024-09-30,JP1040,0.004617590125036943
2024-09-30,JP1041,0.006048571937980831
2024-09-30,JP1042,0.012004361568828751
2024-09-30,JP1043,0.003109061330540371
2024-09-30,JP1044,0.009107000256987506
2024-09-30,JP1045,0.004105901303375257
2024-09-30,JP1046,0.005164020634635198
2024-09-30,JP1047,0.012941899527827514
2024-09-30,JP1048,0.0007026770805320623
2024-09-30,JP1049,0.0018099884997034266
2024-09-30,JP1050,0.0012460134638005247
2024-09-30,JP1051,0.0005529047152773675
2024-09-30,JP1052,0.0024336317515634134
2024-09-30,JP1053,0.010240157327776021
2024-09-30,JP1054,0.003804199538235949
2024-09-30,JP1055,0.005536222254722871
2024-09-30,JP1056,0.014980661352180784
2024-09-30,JP1057,0.018868925065926884
2024-09-30,JP1058,0.005228067827983753
2024-09-30,JP1059,0.02184700530257112
2024-09-30,JP1060,0.005573319712369967
2024-09-30,JP1061,0.002094022936368282
2024-09-30,JP1062,0.003314834512360792
2024-09-30,JP1063,0.000981358349044522
2024-09-30,JP1064,0.0017690567062591043
2024-09-30,JP1065,0.003683304505905977
2024-09-30,JP1066,0.011138500253922743
2024-09-30,JP1067,0.027215995205045612
2024-09-30,JP1068,0.0010498565219863082
2024-09-30,JP1069,0.006812489459729021
2024-09-30,JP1070,0.0020565113011585777
2024-09-30,JP1071,0.00919995615434822
2024-09-30,JP1072,0.004767073342423801
2024-09-30,JP1073,0.0007417356031051502
2024-09-30,JP1074,0.012289471700634746
2024-09-30,JP1075,0.002634022494605588
2024-09-30,JP1076,0.0027515726503554694
2024-09-30,JP1077,0.001631648099324213
2024-09-30,JP1078,0.0025841160492193443
2024-09-30,JP1079,0.006646437588419347
2024-09-30,JP1080,0.0046767120851474294
2024-09-30,JP1081,0.006881705687624064
2024-09-30,JP1082,0.0068583160395842896
2024-09-30,JP1083,0.016067321540015115
2024-09-30,JP1084,0.003854527394225198
2024-09-30,JP1085,0.001033231321896787
2024-09-30,JP1086,0.015320234601853933
2024-09-30,JP1087,0.0033008556597680953
2024-09-30,JP1088,0.01548323388006401
2024-09-30,JP1089,0.0064811323280577265
2024-09-30,JP1090,0.004330108144568575
2024-09-30,JP1091,0.007062262989257788
2024-09-30,JP1092,0.035906979552189716
2024-09-30,JP1093,0.0437757789056041
2024-09-30,JP1094,0.005667722608137343
2024-09-30,JP1095,0.006891232807997669
2024-09-30,JP1096,0.012768122391047654
2024-09-30,JP1097,0.0026570842283037714
2024-09-30,JP1098,0.007697131661101453
2024-09-30,JP1099,0.004681673423762212
2024-09-30,JP1100,0.007588005606481326
2024-09-30,JP1101,0.0026039748671305
2024-09-30,JP1102,0.0011450514988318135
2024-09-30,JP1103,0.0005723712273435552
2024-09-30,JP1104,0.0016495072671641028
2024-09-30,JP1105,0.0034231473900373814
2024-09-30,JP1106,0.0037337591077569354
2024-09-30,JP1107,0.036414789508312395
2024-09-30,JP1108,0.015970198168140926
2024-09-30,JP1109,0.0017384727403634767
2024-09-30,JP1110,0.008063388327930177
2024-09-30,JP1111,0.003373117938125049
2024-09-30,JP1112,0.003761859463219496
2024-09-30,JP1113,0.005524143492502343
2024-09-30,JP1114,0.009104221367899096
2024-09-30,JP1115,0.003928170017718985
2024-09-30,JP1116,0.014903298408829814
2024-09-30,JP1117,0.0017204435665911795
2024-09-30,JP1118,0.00503644317724609
2024-09-30,JP1119,0.06804947700679327
2024-10-31,JP1000,0.005284172542939392
2024-10-31,JP1001,0.00944056037717637
2024-10-31,JP1002,0.014306492140778285
2024-10-31,JP1003,0.0021139301885054586
2024-10-31,JP1004,0.004349692048007897
2024-10-31,JP1005,0.021803355669661375
2024-10-31,JP1006,0.0029318781580585577
2024-10-31,JP1007,0.002319492932121691
2024-10-31,JP1008,0.005414910721687544
2024-10-31,JP1009,0.010782916581967261
2024-10-31,JP1010,0.0048917229571053215
2024-10-31,JP1011,0.017546954529240225
2024-10-31,JP1012,0.012984882076050206
2024-10-31,JP1013,0.011121810182737744
2024-10-31,JP1014,0.00884252897167064
2024-10-31,JP1015,0.05041805209459572
2024-10-31,JP1016,0.0037125535117617597
2024-10-31,JP1017,0.0006176742883102962
2024-10-31,JP1018,0.028468982989352416
2024-10-31,JP1019,0.0034157792877288506
2024-10-31,JP1020,0.004227061234195304
2024-10-31,JP1021,0.018164756187754476
2024-10-31,JP1022,0.0011507707355022517
2024-10-31,JP1023,0.0015813105548754488
2024-10-31,JP1024,0.0013029823868315206
2024-10-31,JP1025,0.002301370651165957
2024-10-31,JP1026,0.008420001918742056
2024-10-31,JP1027,0.008079276151822568
2024-10-31,JP1028,0.005900457667525326
2024-10-31,JP1029,0.0013192981147865889
2024-10-31,JP1030,0.0004985863974984536
2024-10-31,JP1031,0.0072016231864187
2024-10-31,JP1032,0.003073514995741792
2024-10-31,JP1033,0.007930366612359352
2024-10-31,JP1034,0.010627797671879604
2024-10-31,JP1035,0.006591061825418073
2024-10-31,JP1036,0.012172052604381428
2024-10-31,JP1037,0.005565267311762152
2024-10-31,JP1038,0.010116830516087687
2024-10-31,JP1039,0.002540616242597526
2024-10-31,JP1040,0.0033398886531677396
2024-10-31,JP1041,0.00636271877094569
2024-10-31,JP1042,0.01072000280248061
2024-10-31,JP1043,0.0039669598557904705
2024-10-31,JP1044,0.00910728994508057
2024-10-31,JP1045,0.004460083155145985
2024-10-31,JP1046,0.005234469180557844
2024-10-31,JP1047,0.011441532886213412
2024-10-31,JP1048,0.0007300324696707468
2024-10-31,JP1049,0.0016009762313804092
2024-10-31,JP1050,0.0012134647374133774
2024-10-31,JP1051,0.0004664683942413718
2024-10-31,JP1052,0.0030635969206730526
2024-10-31,JP1053,0.011082568709137588
2024-10-31,JP1054,0.0036320822758087235
2024-10-31,JP1055,0.007711883083695246
2024-10-31,JP1056,0.012834084445363762
2024-10-31,JP1057,0.0184384734188043
2024-10-31,JP1058,0.004603924952528743
2024-10-31,JP1059,0.022081858499488387
2024-10-31,JP1060,0.00553169283032124
2024-10-31,JP1061,0.0021117658469744192
2024-10-31,JP1062,0.003200683128376306
2024-10-31,JP1063,0.0012853654516748767
2024-10-31,JP1064,0.002088648287353129
2024-10-31,JP1065,0.0037386731034690316
2024-10-31,JP1066,0.01042571513244477
2024-10-31,JP1067,0.028539370090444213
2024-10-31,JP1068,0.0013024225658244955
2024-10-31,JP1069,0.006798910587405296
2024-10-31,JP1070,0.0015644240736293069
2024-10-31,JP1071,0.008070720831109598
2024-10-31,JP1072,0.005092972889983418
2024-10-31,JP1073,0.0008873925624371559
2024-10-31,JP1074,0.01245058091593263
2024-10-31,JP1075,0.003698181707720747
2024-10-31,JP1076,0.002751955785047699
2024-10-31,JP1077,0.001893908753114291
2024-10-31,JP1078,0.0025760358839367553
2024-10-31,JP1079,0.009049248841945716
2024-10-31,JP1080,0.004275059013370605
2024-10-31,JP1081,0.007086457823254562
2024-10-31,JP1082,0.00826244468282233
2024-10-31,JP1083,0.019250742931377993
2024-10-31,JP1084,0.003992825869180609
2024-10-31,JP1085,0.001180093986761247
2024-10-31,JP1086,0.01168115839893482
2024-10-31,JP1087,0.0046530857356592605
2024-10-31,JP1088,0.016774226864379745
2024-10-31,JP1089,0.0074328695262528945
2024-10-31,JP1090,0.005252506056655615
2024-10-31,JP1091,0.0067227697684580905
2024-10-31,JP1092,0.03355871523776372
2024-10-31,JP1093,0.03619520868957552
2024-10-31,JP1094,0.005489098630307034
2024-10-31,JP1095,0.005740071743924139
2024-10-31,JP1096,0.014888905347194566
2024-10-31,JP1097,0.001936372518049614
2024-10-31,JP1098,0.006806566414053945
2024-10-31,JP1099,0.005328539818607011
2024-10-31,JP1100,0.008197940087321396
2024-10-31,JP1101,0.002280764944057276
2024-10-31,JP1102,0.0010141511942955378
2024-10-31,JP1103,0.0007000736707867768
2024-10-31,JP1104,0.0019227900007922018
2024-10-31,JP1105,0.003695129344451
2024-10-31,JP1106,0.004101572795341526
2024-10-31,JP1107,0.033625042362317274
2024-10-31,JP1108,0.01570367203100904
2024-10-31,JP1109,0.0020453831225350472
2024-10-31,JP1110,0.005787514332075928
2024-10-31,JP1111,0.00348714360593313
2024-10-31,JP1112,0.004671646330386318
2024-10-31,JP1113,0.005898845072469891
2024-10-31,JP1114,0.008093660571702322
2024-10-31,JP1115,0.0034818884716685864
2024-10-31,JP1116,0.014112983523386906
2024-10-31,JP1117,0.0018620167613048013
2024-10-31,JP1118,0.006842299449492597
2024-10-31,JP1119,0.07128338939855258
2024-11-30,JP1000,0.003797649371969096
2024-11-30,JP1001,0.0067179064222370605
2024-11-30,JP1002,0.011951118601471016
2024-11-30,JP1003,0.002082275393452413
2024-11-30,JP1004,0.004352973501471762
2024-11-30,JP1005,0.025757450764114394
2024-11-30,JP1006,0.0023930905875496314
2024-11-30,JP1007,0.0026663605562175603
2024-11-30,JP1008,0.007022554995618917
2024-11-30,JP1009,0.011017853664046598
2024-11-30,JP1010,0.005188026313604246
2024-11-30,JP1011,0.017325108623898557
2024-11-30,JP1012,0.012763366867313261
2024-11-30,JP1013,0.013107414067187136
2024-11-30,JP1014,0.010651083125543418
2024-11-30,JP1015,0.059681083070558506
2024-11-30,JP1016,0.0043132733509550795
2024-11-30,JP1017,0.0007085298408643647
2024-11-30,JP1018,0.02461110322118725
2024-11-30,JP1019,0.0038506919243000933
2024-11-30,JP1020,0.0051813155544777985
2024-11-30,JP1021,0.01693441006362706
2024-11-30,JP1022,0.000915389844487933
2024-11-30,JP1023,0.0016151067927066129
2024-11-30,JP1024,0.001125922339338385
2024-11-30,JP1025,0.0023963088251981847
2024-11-30,JP1026,0.008121577239659419
2024-11-30,JP1027,0.007610005189263849
2024-11-30,JP1028,0.006868866410328923
2024-11-30,JP1029,0.001396730229034189
2024-11-30,JP1030,0.0004517090926423074
2024-11-30,JP1031,0.00473925827077555
2024-11-30,JP1032,0.0032640097409761854
2024-11-30,JP1033,0.008667597537222491
2024-11-30,JP1034,0.01110186502877497
2024-11-30,JP1035,0.006572365508351099
2024-11-30,JP1036,0.011020567666960869
2024-11-30,JP1037,0.0054037249573244545
2024-11-30,JP1038,0.009072639806844794
2024-11-30,JP1039,0.002822896226115124
2024-11-30,JP1040,0.003982081161985783
2024-11-30,JP1041,0.006089972904491515
2024-11-30,JP1042,0.0092668734308364
2024-11-30,JP1043,0.0033262524193188813
2024-11-30,JP1044,0.010019441627664634
2024-11-30,JP1045,0.0037184318081189905
2024-11-30,JP1046,0.004056955984012529
2024-11-30,JP1047,0.0141414815789681
2024-11-30,JP1048,0.0007349324176624869
2024-11-30,JP1049,0.0014545800275537262
2024-11-30,JP1050,0.0011699787633126508
2024-11-30,JP1051,0.00045957010852521564
2024-11-30,JP1052,0.002506720646620767
2024-11-30,JP1053,0.012668961186915656
2024-11-30,JP1054,0.0035610023816251843
2024-11-30,JP1055,0.007084495135018399
2024-11-30,JP1056,0.015606868200498537
2024-11-30,JP1057,0.019820410889710104
2024-11-30,JP1058,0.004004548559976039
2024-11-30,JP1059,0.020484786433391047
2024-11-30,JP1060,0.005524863543102831
2024-11-30,JP1061,0.0018680062324304963
2024-11-30,JP1062,0.0028104827745979426
2024-11-30,JP1063,0.0011057080452672758
2024-11-30,JP1064,0.002142434658616718
2024-11-30,JP1065,0.003254968552259897
2024-11-30,JP1066,0.010233401708592467
2024-11-30,JP1067,0.028612682444977083
2024-11-30,JP1068,0.0012236896927931534
2024-11-30,JP1069,0.007262060962896084
2024-11-30,JP1070,0.001585652742414816
2024-11-30,JP1071,0.00810552638798645
2024-11-30,JP1072,0.004742674700487028
2024-11-30,JP1073,0.0008353798612902085
2024-11-30,JP1074,0.012366900667665728
2024-11-30,JP1075,0.002349991658278467
2024-11-30,JP1076,0.0027305193081953363
2024-11-30,JP1077,0.001615112421852566
2024-11-30,JP1078,0.0028667973902475464
2024-11-30,JP1079,0.008429452861584011
2024-11-30,JP1080,0.004329596018930187
2024-11-30,JP1081,0.006804457733954507
2024-11-30,JP1082,0.00829657943892484
2024-11-30,JP1083,0.020229546309747767
2024-11-30,JP1084,0.0029248617141786185
2024-11-30,JP1085,0.0013565283250259533
2024-11-30,JP1086,0.01450596825599006
2024-11-30,JP1087,0.003999407832221685
2024-11-30,JP1088,0.016203582545852597
2024-11-30,JP1089,0.006540042738395708
2024-11-30,JP1090,0.004244864015292067
2024-11-30,JP1091,0.005928239799200194
2024-11-30,JP1092,0.03302271389664029
2024-11-30,JP1093,0.04104839214301346
2024-11-30,JP1094,0.005472891474784273
2024-11-30,JP1095,0.005566565227407214
2024-11-30,JP1096,0.014505478630900416
2024-11-30,JP1097,0.002201054414488437
2024-11-30,JP1098,0.007567018703035544
2024-11-30,JP1099,0.004641690967834003
2024-11-30,JP1100,0.006837634415921558
2024-11-30,JP1101,0.001944139220485985
2024-11-30,JP1102,0.000915908121814596
2024-11-30,JP1103,0.0007143455643479646
2024-11-30,JP1104,0.0019330732857975527
2024-11-30,JP1105,0.003272169234117672
2024-11-30,JP1106,0.003661464885001509
2024-11-30,JP1107,0.03357296146680593
2024-11-30,JP1108,0.01731622815077663
2024-11-30,JP1109,0.0013134786343781942
2024-11-30,JP1110,0.009013118306168744
2024-11-30,JP1111,0.003402767940226158
2024-11-30,JP1112,0.002958941390131349
2024-11-30,JP1113,0.007806572321699331
2024-11-30,JP1114,0.007406705401296474
2024-11-30,JP1115,0.002882433515241533
2024-11-30,JP1116,0.013434222642094215
2024-11-30,JP1117,0.0015934105297153046
2024-11-30,JP1118,0.005754974409693907
2024-11-30,JP1119,0.0658101375090542
2024-12-31,JP1000,0.0036328616197008243
2024-12-31,JP1001,0.006613737436631657
2024-12-31,JP1002,0.018005435949774894
2024-12-31,JP1003,0.002027871452651103
2024-12-31,JP1004,0.003949936839530824
2024-12-31,JP1005,0.03127346616662644
2024-12-31,JP1006,0.002632595672612291
2024-12-31,JP1007,0.0023089882246813097
2024-12-31,JP1008,0.007372871938793736
2024-12-31,JP1009,0.011075313626253748
2024-12-31,JP1010,0.0050058982345667045
2024-12-31,JP1011,0.019774039979588584
2024-12-31,JP1012,0.012871595488315119
2024-12-31,JP1013,0.012469920046010302
2024-12-31,JP1014,0.009229222669289047
2024-12-31,JP1015,0.05120263939062613
2024-12-31,JP1016,0.004383585917811498
2024-12-31,JP1017,0.0007197283753927795
2024-12-31,JP1018,0.02581556599059746
2024-12-31,JP1019,0.0032012610218305195
2024-12-31,JP1020,0.005494203480213461
2024-12-31,JP1021,0.016624929596023776
2024-12-31,JP1022,0.0012066786315838318
2024-12-31,JP1023,0.0016017455424532897
2024-12-31,JP1024,0.0011585327781143523
2024-12-31,JP1025,0.0020912096522856657
2024-12-31,JP1026,0.0076706103308401335
2024-12-31,JP1027,0.008713878872173276
2024-12-31,JP1028,0.007097580501698491
2024-12-31,JP1029,0.0011712108952383789
2024-12-31,JP1030,0.00061326716275924
2024-12-31,JP1031,0.005990056357020352
2024-12-31,JP1032,0.003300543910104045
2024-12-31,JP1033,0.008477765746986214
2024-12-31,JP1034,0.010253379645966893
2024-12-31,JP1035,0.005572487395112818
2024-12-31,JP1036,0.00873017090929263
2024-12-31,JP1037,0.007131959045710958
2024-12-31,JP1038,0.008878779899327638
2024-12-31,JP1039,0.0028904863796206347
2024-12-31,JP1040,0.004601139640733311
2024-12-31,JP1041,0.006307153523720428
2024-12-31,JP1042,0.011909089396960051
2024-12-31,JP1043,0.0032558146820169283
2024-12-31,JP1044,0.0077634219322472615
2024-12-31,JP1045,0.003607173740841835
2024-12-31,JP1046,0.004196197145959343
2024-12-31,JP1047,0.01167973307504067
2024-12-31,JP1048,0.0007656616363175506
2024-12-31,JP1049,0.0015215673307656865
2024-12-31,JP1050,0.0010138173585823754
2024-12-31,JP1051,0.0005488993852159301
2024-12-31,JP1052,0.002674195646061859
2024-12-31,JP1053,0.011789705394833531
2024-12-31,JP1054,0.004113671270056904
2024-12-31,JP1055,0.005355416181530888
2024-12-31,JP1056,0.015749073913309146
2024-12-31,JP1057,0.02270476917009761
2024-12-31,JP1058,0.004305631685971012
2024-12-31,JP1059,0.0183365811475825
2024-12-31,JP1060,0.004669036229189615
2024-12-31,JP1061,0.0021496450744299027
2024-12-31,JP1062,0.0024748271692805624
2024-12-31,JP1063,0.0010845351979613406
2024-12-31,JP1064,0.0021907741526635063
2024-12-31,JP1065,0.003940475487076252
2024-12-31,JP1066,0.009557420530068217
2024-12-31,JP1067,0.02773037793999388
2024-12-31,JP1068,0.00127413842319053
2024-12-31,JP1069,0.007595713992057252
2024-12-31,JP1070,0.001988029155112042
2024-12-31,JP1071,0.009048892040399159
2024-12-31,JP1072,0.004979037145798017
2024-12-31,JP1073,0.0008530999097137333
2024-12-31,JP1074,0.012818963181945581
2024-12-31,JP1075,0.0026960953367632513
2024-12-31,JP1076,0.003235559358413832
2024-12-31,JP1077,0.001638481608375619
2024-12-31,JP1078,0.0024840715986763746
2024-12-31,JP1079,0.008377333098304069
2024-12-31,JP1080,0.004633278233385898
2024-12-31,JP1081,0.007217922242018121
2024-12-31,JP1082,0.007949811598204843
2024-12-31,JP1083,0.018946934837421086
2024-12-31,JP1084,0.0036330536261136295
2024-12-31,JP1085,0.0012306666458802521
2024-12-31,JP1086,0.013964664403278183
2024-12-31,JP1087,0.00400714467443436
2024-12-31,JP1088,0.015458630302055482
2024-12-31,JP1089,0.007488567671231855
2024-12-31,JP1090,0.004597099303771718
2024-12-31,JP1091,0.008001588302745015
2024-12-31,JP1092,0.02931721224302815
2024-12-31,JP1093,0.036524343148985304
2024-12-31,JP1094,0.00617053697783286
2024-12-31,JP1095,0.006403198410101534
2024-12-31,JP1096,0.014584033887877046
2024-12-31,JP1097,0.002245414070458384
2024-12-31,JP1098,0.007694592854701482
2024-12-31,JP1099,0.005913206016719905
2024-12-31,JP1100,0.006818960992911095
2024-12-31,JP1101,0.0025756202483987
2024-12-31,JP1102,0.001121832675548401
2024-12-31,JP1103,0.0005959430075846794
2024-12-31,JP1104,0.0015993516594992314
2024-12-31,JP1105,0.003706228658092789
2024-12-31,JP1106,0.004463826462832058
2024-12-31,JP1107,0.03587617302655985
2024-12-31,JP1108,0.0175274665141334
2024-12-31,JP1109,0.00205666194843873
2024-12-31,JP1110,0.007306556606664234
2024-12-31,JP1111,0.0035241160153246715
2024-12-31,JP1112,0.0034005733116182174
2024-12-31,JP1113,0.006085849607530455
2024-12-31,JP1114,0.009155430686316768
2024-12-31,JP1115,0.0040905926696615386
2024-12-31,JP1116,0.015433179384022914
2024-12-31,JP1117,0.0016195032937564332
2024-12-31,JP1118,0.005843974293888578
2024-12-31,JP1119,0.05999502682590351
