effective_date,ticker,book_equity,net_income,sales,operating_cash_flow
2014-03-31,JP1000,31153836800.66694,231797586.01996762,3784686574.1106277,352064996.1373149
2014-03-31,JP1001,22694764533.370716,1308912059.8359082,23003261792.935932,1057586715.5774758
2014-03-31,JP1002,107709379602.04607,1168237330.717184,42042058178.751625,1472649972.6111932
2014-03-31,JP1003,13622286348.947544,319661902.59372973,6410705759.888861,253471770.36673233
2014-03-31,JP1004,8594027342.57791,253078200.6585685,12052969566.271492,817502106.3715003
2014-03-31,JP1005,120138825110.23164,3871105463.30133,53056672751.91761,3715457047.452041
2014-03-31,JP1006,17668071703.08439,262119004.742738,8853200567.845207,172321351.2185262
2014-03-31,JP1007,10133026829.729355,-54487029.79834849,2353149563.0331974,-79412722.8171842
2014-03-31,JP1008,34289952628.750237,606124929.8658265,8519209546.1008,67254243.99204269
2014-03-31,JP1009,25535430057.807465,290501391.55754703,13902100172.192871,-281809605.4290023
2014-03-31,JP1010,37071809125.105804,179618068.57292208,7743847815.868873,256858181.9164601
2014-03-31,JP1011,178030346466.7686,1039060863.7244247,17445296378.445805,1288902015.5751262
2014-03-31,JP1012,52424941874.35043,1397269426.8136613,40017777491.43838,1482745022.8311396
2014-03-31,JP1013,88521318170.79587,289903964.26743096,23064740922.358173,1246558155.6200264
2014-03-31,JP1014,26781245161.035114,713712077.9699537,163007682.98304498,-40953492.59988011
2014-03-31,JP1015,259298091010.27707,1003653355.7642101,47051724736.78361,-296328185.7840482
2014-03-31,JP1016,33498898367.908016,-38877762.519519515,12963220659.77086,514384086.17566395
2014-03-31,JP1017,1931332639.2062893,57777061.67149728,2062885801.1428354,134829547.47959957
2014-03-31,JP1018,189842191212.04996,1602001554.9527164,96379582971.81073,3642329448.3416986
2014-03-31,JP1019,20464654462.3682,373918894.3106619,16774174181.241339,735567599.7174846
2014-03-31,JP1020,21165479649.762794,348485197.2168431,14878348197.736511,344118817.56716573
2014-03-31,JP1021,89527363347.54083,-576484352.5090767,15875389787.765974,699914705.2437036
2014-03-31,JP1022,4264100706.031231,-41784375.86877146,1.0,-43767783.95961451
2014-03-31,JP1023,12501080287.838306,141677350.50180408,4127386684.821799,39313625.28089927
2014-03-31,JP1024,4486230896.769432,65361352.13744609,1449588848.3191645,128588217.31308347
2014-03-31,JP1025,7872489941.064114,106014694.99859023,4061200743.8042746,210377523.46503103
2014-03-31,JP1026,45493830149.531334,327700148.78061086,13994479591.397604,289625004.27894574
2014-03-31,JP1027,54586903286.37048,691714240.799762,17759693282.062035,607894090.121943
2014-03-31,JP1028,49633407441.970665,745185485.3666344,22805298315.11249,1116104548.1446574
2014-03-31,JP1029,9942424944.611,15961621.27141948,2908865242.714701,14763993.814482063
2014-03-31,JP1030,4740256961.103469,62550098.344394594,939270325.9242897,42687489.46981756
2014-03-31,JP1031,23641572421.816345,220274388.36684462,7219925858.165098,55927273.80286428
2014-03-31,JP1032,11878199884.729797,54794677.57740332,1171914119.2797475,-73485085.35208899
2014-03-31,JP1033,21882469481.824627,613840951.6332921,15533440940.588314,713447465.1300029
2014-03-31,JP1034,74958077083.37508,733296436.4277283,21780142234.00128,1068042979.4801605
2014-03-31,JP1035,39104358149.40875,642356205.237662,24640097751.58975,893652146.9941587
2014-03-31,JP1036,46207052615.88173,1157653141.8092158,27753718355.33557,412052552.71072114
2014-03-31,JP1037,31174567384.192287,692553801.3258382,18672481007.578026,1317978309.2612572
2014-03-31,JP1038,41781198256.43634,-78191498.43191351,20933278248.392086,1029736882.2061671
2014-03-31,JP1039,17504766038.615913,299394754.5445415,3088279613.481151,109984417.62500548
2014-03-31,JP1040,25643026024.636307,305403683.2765698,6547735788.394872,244732812.37966073
2014-03-31,JP1041,33447523375.719074,353720312.1513409,10158070149.187273,-19779507.14262326
2014-03-31,JP1042,39415454026.768295,2708499605.1976457,53595912935.89403,3115322092.925625
2014-03-31,JP1043,15767790960.42123,352417082.97368354,4276724598.727023,301132327.7722544
2014-03-31,JP1044,42692339659.05251,1033966343.4444598,29624000003.06225,1075330604.9337637
2014-03-31,JP1045,32131732176.344967,-50121796.93453705,6592225188.504439,468578968.2015754
2014-03-31,JP1046,43626092443.27503,1134736227.383777,16309046373.66661,423286178.98891133
2014-03-31,JP1047,45320139084.15543,1326412825.147826,29655976704.411404,1336517432.50447
2014-03-31,JP1048,3418899558.008138,76443848.42686589,1275888246.152799,107168878.53760786
2014-03-31,JP1049,17709234464.195816,155255443.0982505,3987573577.5726876,124145498.2922935
2014-03-31,JP1050,4544851870.733251,24118324.491857458,1707543523.6533818,-6573988.173719026
2014-03-31,JP1051,5125280272.753263,56895718.15154238,1491234459.6126301,57091528.09783014
2014-03-31,JP1052,7717411006.936915,281883024.4801115,4795910896.456742,278547842.4737842
2014-03-31,JP1053,46847702595.10161,97593748.11928716,7402688509.255912,-662146220.0628215
2014-03-31,JP1054,16620736436.609901,111739716.96231025,2721725620.556923,143838479.4234604
2014-03-31,JP1055,26026564458.13608,-166329632.43998578,14090308184.017479,828489269.7424716
2014-03-31,JP1056,80010565290.0491,1287249955.242571,61878653370.49739,3679973750.085107
2014-03-31,JP1057,210561519506.58368,1574827530.4249718,47120218784.573746,1572710535.0790286
2014-03-31,JP1058,19564234535.337563,377095552.6275235,10786988853.556269,474431521.9478211
2014-03-31,JP1059,190018493513.42755,2011710421.511186,60287718148.10399,3482929665.0481353
2014-03-31,JP1060,17995994560.324306,292141406.61804914,31265143821.70703,1412869425.2050118
2014-03-31,JP1061,5673499033.664368,94175080.40026443,5214321413.081366,189949569.54401878
2014-03-31,JP1062,14349043446.89422,396255190.00890756,4859718906.507618,121846366.22943613
2014-03-31,JP1063,7375790451.629493,158157214.31520274,3966486233.7399764,228933189.65359896
2014-03-31,JP1064,15877682790.369978,274738232.55192447,6158090338.0807905,293474993.18953377
2014-03-31,JP1065,25736965367.96584,558707792.5160431,15103680155.422155,776443377.0839906
2014-03-31,JP1066,58294347617.85072,545503839.5091432,31919493785.145596,1403860198.7035856
2014-03-31,JP1067,151642673246.15424,4632368370.388682,30393369756.77297,2034779976.4212346
2014-03-31,JP1068,12197144106.495543,34818809.63494,2028102216.2094367,17552160.96857769
2014-03-31,JP1069,45459992435.54647,906333843.2715162,34183992837.044098,1748114540.5338323
2014-03-31,JP1070,5970592907.282561,241502472.96754602,6476929699.43049,274025206.8512478
2014-03-31,JP1071,31525092749.726715,2067996642.1549718,22094381247.60244,560752562.090512
2014-03-31,JP1072,14995939836.451338,61714606.517654955,10340909523.524683,308224614.53202456
2014-03-31,JP1073,5926652506.07442,125697557.76228334,3757272038.874888,126134299.73185366
2014-03-31,JP1074,48618276322.171364,507592866.42048895,15653912762.277113,741716198.4179113
2014-03-31,JP1075,14125234854.106955,198510878.9943401,3176025130.772578,79275747.67235564
2014-03-31,JP1076,10934259644.289608,533104644.26541483,9812752493.989565,522252318.12343687
2014-03-31,JP1077,13364069299.17633,369961304.02908826,2643692946.241659,80251692.8391477
2014-03-31,JP1078,15420080860.79207,93220380.28933898,5709505483.792859,244975536.46150434
2014-03-31,JP1079,30589410963.23195,787456924.0867538,19401079396.129272,1070827763.0433012
2014-03-31,JP1080,24972400540.159294,444849436.98711574,9351220422.099993,835820730.9725032
2014-03-31,JP1081,34803284769.52984,315930412.49653906,28194851847.09864,689782337.6169347
2014-03-31,JP1082,34355049831.456512,563456305.0930098,17272560587.57426,1593080350.0328326
2014-03-31,JP1083,99549507983.19614,2718992063.9795876,52791265667.16319,1631439143.2927942
2014-03-31,JP1084,10995586748.020294,5442346.0455479575,1.0,-38161478.56340061
2014-03-31,JP1085,7722511245.731021,80850784.84844083,2593107451.4572387,91614892.19552805
2014-03-31,JP1086,50100960374.47626,565453205.3835306,19230355567.826984,1380976781.9065602
2014-03-31,JP1087,19314795390.235645,14239536.695092447,4721859441.956081,288136674.49160105
2014-03-31,JP1088,75326142038.82608,1126753321.889262,22944823196.182255,1712643258.8297064
2014-03-31,JP1089,72698678416.7978,146013472.8720904,15302348621.479744,668569678.5885891
2014-03-31,JP1090,28848158048.92741,370879276.3314338,13090664537.222872,704672890.2420309
2014-03-31,JP1091,34326067033.579067,225983509.4849201,6243714561.619232,-183433626.2944409
2014-03-31,JP1092,170767227615.6344,3129204790.8986597,90600631806.68219,7875174127.792252
2014-03-31,JP1093,209709207514.79315,3214669888.7962604,60216839203.31484,460593973.57634914
2014-03-31,JP1094,22659865916.58603,86564762.83968827,9148977790.628765,449708023.9972495
2014-03-31,JP1095,21224911541.94663,504241781.52603567,22886784634.70475,1524625943.214893
2014-03-31,JP1096,43041327161.12302,449033018.6336306,50585676635.19285,2534845099.5742493
2014-03-31,JP1097,6741915526.635983,110252265.56874496,7592895121.633685,366412428.0315142
2014-03-31,JP1098,56684391774.91303,125134178.75458378,15277432672.758842,928209461.1832598
2014-03-31,JP1099,9042350047.57208,445116243.31700516,5666617183.430132,368346938.06459254
2014-03-31,JP1100,35830650562.9155,925035758.4307051,16642359468.218117,-231172213.5381294
2014-03-31,JP1101,12754942949.270063,180456131.31858003,4813769048.797277,267907102.68425548
2014-03-31,JP1102,6391669905.893091,133717974.81265947,2820926365.568437,19628542.020204794
2014-03-31,JP1103,3978373323.4963913,36121911.115255535,615085746.3934633,53273673.70767556
2014-03-31,JP1104,10159176303.104965,190723069.86631107,3534505991.505755,91183104.32389489
2014-03-31,JP1105,22821189470.858826,173848326.87451175,6066676813.11102,530013799.76216686
2014-03-31,JP1106,14355132531.641294,921518000.6436639,19299399060.915825,992765499.3784641
2014-03-31,JP1107,218303180082.85956,8303496492.779594,210842271952.80133,10882537198.965483
2014-03-31,JP1108,83170233687.91264,1163032107.9079232,30953545687.480835,2161669290.0805254
2014-03-31,JP1109,4729447781.8824835,234526642.7298916,4227293539.8686385,412715616.38035524
2014-03-31,JP1110,37765168120.9169,-69708238.8722821,5556402715.473624,18130309.420806617
2014-03-31,JP1111,15651365032.714533,-312182306.01858956,5579346120.942934,319992063.1607067
2014-03-31,JP1112,15018878341.472889,771393604.6080205,10746980682.067736,754402427.0081587
2014-03-31,JP1113,19519747062.10489,998242009.6357301,21387842356.63548,1387563328.9115307
2014-03-31,JP1114,51738563108.77878,702868520.8958926,16043771764.905706,488840578.43927735
2014-03-31,JP1115,15083381475.230776,526820280.9231933,5014625029.248418,289624899.35564846
2014-03-31,JP1116,117916819059.54411,732109971.1150787,1676892945.71804,-2008553879.883674
2014-03-31,JP1117,10346227493.115253,-76661659.10305023,4430058873.17644,181078107.75170833
2014-03-31,JP1118,59792031590.43343,-67004480.31230011,4250654585.4197106,318573628.1196954
2014-03-31,JP1119,281667548931.7836,1806572269.89604,107591473519.78606,13089668307.898216
2014-06-30,JP1000,35800053252.71216,782820959.6517873,4441388796.248212,615007635.4875453
2014-06-30,JP1001,35511173203.46893,1230019643.4820123,20259940342.05681,1831509843.6675828
2014-06-30,JP1002,131602703041.44911,1361039709.5007417,43751723422.03504,1209241635.865642
2014-06-30,JP1003,12808829084.879824,226249586.4555018,6702581504.826359,449637390.4997809
2014-06-30,JP1004,22773838426.97817,490883584.44903266,21232898907.855797,859972416.6828363
2014-06-30,JP1005,88773769824.81998,1493676192.1520944,61557528475.40364,4397422214.613785
2014-06-30,JP1006,14301819689.721666,652110751.8134972,10352283383.594479,352576028.8581884
2014-06-30,JP1007,15973577724.728348,154904216.2118933,3263954444.053507,262837591.11993992
2014-06-30,JP1008,26025173432.140175,265338066.13358626,9661173433.387808,21420064.96486691
2014-06-30,JP1009,43045869414.334274,1298447365.7679107,17139260296.040567,-168966628.6046165
2014-06-30,JP1010,24689368607.584583,763928574.5971559,9841138794.737612,257803593.5505573
2014-06-30,JP1011,137577223841.16315,-1210462369.6375685,27585502877.9885,258397486.22060296
2014-06-30,JP1012,92858034442.71269,1327816720.1264465,41805498815.57118,1864206259.3890605
2014-06-30,JP1013,120327736878.3581,1337497779.8558366,28614500012.560753,1392795791.878616
2014-06-30,JP1014,60040042651.62577,1209686612.4448726,5970215289.843891,288267116.33349925
2014-06-30,JP1015,231289794072.29926,3392914187.5108294,70166463640.86958,4044086189.446432
2014-06-30,JP1016,24343198837.947998,37686111.54011266,11453238215.686476,270707702.73931473
2014-06-30,JP1017,1627438018.3249981,81037157.56452419,2254832586.7392864,118175793.84435073
2014-06-30,JP1018,243171335670.47006,1807403910.460688,121232955047.53275,9263991509.640167
2014-06-30,JP1019,14398839187.065647,845643719.767622,19007777198.55364,950656748.6147856
2014-06-30,JP1020,21135911228.51874,632165063.4096938,14257530609.870111,519380057.3539314
2014-06-30,JP1021,60588256281.53844,975947777.8886123,19141800847.186623,1437654309.9487557
2014-06-30,JP1022,16869999450.604836,65274925.81238937,339386388.6492577,-12413203.33834333
2014-06-30,JP1023,5023849362.736279,33742645.54369565,4887964359.651625,127257761.51316871
2014-06-30,JP1024,4444816621.595027,42066395.13252552,1441023825.45875,-2442189.4439653526
2014-06-30,JP1025,11303622078.524092,35762085.45122705,4271456749.750372,104035831.71634382
2014-06-30,JP1026,62915577660.80291,356632155.9146033,14603189629.103846,909616885.0436752
2014-06-30,JP1027,51921408825.611145,525043883.59016603,21083127941.50641,1196450622.3917766
2014-06-30,JP1028,38218175953.26231,835052351.2621034,21417085193.347485,756778452.3980726
2014-06-30,JP1029,9308389279.51137,136763907.58677477,3330123092.282698,161025887.21631187
2014-06-30,JP1030,5927824749.270785,57307064.93171643,1287719979.7326758,76222628.12856957
2014-06-30,JP1031,24783549060.37452,603151116.1420305,7451004626.0191555,467854789.78041863
2014-06-30,JP1032,12905297119.545746,58596989.33525742,1126239486.6149888,147717909.09752268
2014-06-30,JP1033,64901760203.20753,311888888.3042035,15094888053.02706,452262977.7711029
2014-06-30,JP1034,62047249101.78674,1695919079.8669248,22917665900.67979,831813716.8850315
2014-06-30,JP1035,31034692524.605976,670496107.6964052,22326717163.509007,1367812343.1955144
2014-06-30,JP1036,112418393145.71074,719025027.2273751,22817296346.61271,1760623114.4876018
2014-06-30,JP1037,22850172523.62335,1318484764.0385602,23256506630.592793,864488613.5253942
2014-06-30,JP1038,30442672826.301807,789320154.3620794,14389069207.990276,426435039.02888787
2014-06-30,JP1039,13974807631.834372,-84189823.7326018,2723590247.710914,-113647676.32561895
2014-06-30,JP1040,26086406801.825783,334236138.5265041,6115502473.819544,365228831.6077803
2014-06-30,JP1041,43543667101.1197,764684141.1788312,12851918351.155401,629775171.0497755
2014-06-30,JP1042,74811827130.33533,2960543798.249264,63934993302.46132,2085360024.7250807
2014-06-30,JP1043,24472567816.304913,282127893.5977337,6911040437.142602,49214063.58358612
2014-06-30,JP1044,33626260061.86832,1065188357.8423501,24867005655.229614,385767122.6581602
2014-06-30,JP1045,24729001310.51427,-224156720.99445724,4633275251.121538,510720842.0117894
2014-06-30,JP1046,54384286474.646805,261546709.0510186,15745736702.972965,755525943.9094071
2014-06-30,JP1047,109681146763.31494,854489232.8067796,32692229132.63649,2555931206.8833485
2014-06-30,JP1048,4625232806.274431,83985595.18366349,1381068947.6675692,66972843.70098556
2014-06-30,JP1049,4698815262.219009,28625667.570376184,3361841505.407443,132674070.03551379
2014-06-30,JP1050,6504267037.111167,14478609.922478197,1960930160.9463725,104812599.08979538
2014-06-30,JP1051,4489899223.474574,-21631400.898007575,1401081733.2450025,73349284.79556605
2014-06-30,JP1052,8991831034.15092,236277696.49880537,5715588303.079306,190347846.24640355
2014-06-30,JP1053,42606124962.31114,148949138.0685383,14259034653.40208,23040449.275522307
2014-06-30,JP1054,16894739480.973522,133741147.23212612,5512184179.532287,85335182.59822826
2014-06-30,JP1055,26317573082.807755,743268185.948077,12465190929.251188,508072995.41578674
2014-06-30,JP1056,65055597930.39392,1950140704.2573547,62882522931.43128,2963263030.4542737
2014-06-30,JP1057,178400441023.67953,501167808.6850359,43224216634.03123,4289726422.905958
2014-06-30,JP1058,16579060039.938751,147922872.17571145,11683010755.13436,507652780.95341694
2014-06-30,JP1059,177739220195.7341,1743389285.8321989,53841343657.08441,2319500592.6594768
2014-06-30,JP1060,11924287846.773281,746011618.8254431,22044513982.64646,1565722462.3501165
2014-06-30,JP1061,8738202957.221432,-63336931.59100197,4703863192.951657,476839945.7814458
2014-06-30,JP1062,20644310055.215874,56590644.59776872,6240104083.407904,133018095.86149246
2014-06-30,JP1063,5053551045.490101,117596859.42692482,3902266494.7981377,71258862.53677283
2014-06-30,JP1064,11574549574.115656,222904649.69249293,6198119282.668052,339595610.4860927
2014-06-30,JP1065,16685445303.494467,589561403.3879048,11952536471.984554,886810225.0425109
2014-06-30,JP1066,35957097436.748566,345631924.3455609,31661190834.400322,2400230655.0317225
2014-06-30,JP1067,139229728641.85388,1638880585.0176134,31162835393.917454,-379533296.2666152
2014-06-30,JP1068,8607378560.403885,-58108882.07475356,810148299.3218446,74476663.70177457
2014-06-30,JP1069,29496757730.006145,1311508954.9685261,29865104054.47933,1648549398.1848536
2014-06-30,JP1070,5430400841.316332,410964714.07333773,7776347924.360909,475588729.62706846
2014-06-30,JP1071,21375423256.593807,542273289.4551309,14014052933.989325,540103308.0360725
2014-06-30,JP1072,14304760160.532043,98529154.08032908,6586720154.064474,42837607.789396025
2014-06-30,JP1073,2791304012.9311023,67897695.68567811,3257048632.014276,78428212.29111804
2014-06-30,JP1074,52563473706.06277,1693321235.008502,13852467882.574049,854664694.0516387
2014-06-30,JP1075,21395012113.959576,207018801.66959602,2789436137.2872167,125093676.30438371
2014-06-30,JP1076,9986756588.612906,775345336.3964608,8671560815.02355,277305271.8099301
2014-06-30,JP1077,7571554057.633712,-29020325.370707132,4076097166.88694,374231913.4633978
2014-06-30,JP1078,14526418714.564072,23064643.38985417,4431158333.0578,230117503.61972106
2014-06-30,JP1079,34448047852.964775,298283416.65456307,17797727396.3938,927207375.294082
2014-06-30,JP1080,29985620598.708855,342727068.71583676,10900666976.542692,707974747.0058668
2014-06-30,JP1081,31795952369.30072,1404339449.802455,30809341085.952454,793498138.7745329
2014-06-30,JP1082,29691758984.014896,394206047.9330116,20040369965.99415,1373250912.086455
2014-06-30,JP1083,93197792955.76129,3038458620.238384,58402775468.70082,2783089057.345586
2014-06-30,JP1084,17426442126.770332,64668769.17742441,850974857.1196879,280635344.61119735
2014-06-30,JP1085,8098868252.096293,76756011.33272506,2643496639.995222,176136182.3298882
2014-06-30,JP1086,93371494454.76828,625834313.0303266,28007218400.92039,-656863928.4170574
2014-06-30,JP1087,18834565539.312267,92191056.44070446,3230272009.5382733,601807413.8744228
2014-06-30,JP1088,84615212094.64835,283363173.5913055,20042229453.727974,-640500470.804795
2014-06-30,JP1089,37537737136.23109,860307733.7481911,13655342218.51369,324953915.3292005
2014-06-30,JP1090,38416712599.15491,783844350.6046728,14457889016.213522,539850351.3162086
2014-06-30,JP1091,30220234093.655483,-121304019.77284928,4482771424.18065,-123145534.58142295
2014-06-30,JP1092,133688280905.51994,886227372.5845953,68385565489.68665,4071266182.3691564
2014-06-30,JP1093,206386998825.48022,5630787936.913086,63993861432.885376,3626356944.2967706
2014-06-30,JP1094,18955706971.767483,311367540.4580484,13342978518.712915,774462359.6663831
2014-06-30,JP1095,22700736038.458755,710367591.8105686,21960285502.037945,567513330.5219189
2014-06-30,JP1096,38404017732.9761,976565017.9712636,37422950234.62961,2222608200.462817
2014-06-30,JP1097,11080323136.258928,193556690.27759156,8521561171.170347,268264270.72085208
2014-06-30,JP1098,34386729034.98863,221358539.54610488,14493192687.85152,376436691.0789096
2014-06-30,JP1099,24226201501.501297,180152855.15815923,7188583508.654248,13107972.625468412
2014-06-30,JP1100,37020980713.366844,879091244.8543078,16616628404.220022,1592652656.7970736
2014-06-30,JP1101,29607742954.0666,182218214.28132305,6342594096.217096,356452845.39216703
2014-06-30,JP1102,3787343222.568742,148525728.71039343,2663074366.901202,128713033.70467727
2014-06-30,JP1103,5982299818.255436,91670228.22153708,940592509.6245078,31236492.590176288
2014-06-30,JP1104,8233363144.426563,198841354.2648491,3538900483.4586864,164061643.98395798
2014-06-30,JP1105,15183938354.046812,317660559.9522596,6647449535.445744,106551654.62727089
2014-06-30,JP1106,12809070313.921396,568436403.773864,20543469714.80004,1148847667.0313356
2014-06-30,JP1107,194451657127.71274,7303782155.495794,174529046613.53476,7800158265.991956
2014-06-30,JP1108,137413275616.13107,1248772459.5284948,21496313470.11094,1156872347.2335415
2014-06-30,JP1109,10031785712.962685,132731961.49358037,3792428200.97784,163078559.76988304
2014-06-30,JP1110,37713449932.88909,56372182.09716697,4930210703.251677,-287083723.9009314
2014-06-30,JP1111,12935313645.28918,132953647.3723992,4899579034.333705,127654961.61765149
2014-06-30,JP1112,16495793313.268732,384965770.2425112,11836440210.919691,470491358.6338693
2014-06-30,JP1113,21539944557.66688,621893002.01151,23276345696.750416,1158224810.782003
2014-06-30,JP1114,58969557744.12341,754915262.7187039,15449384190.178251,542964539.556129
2014-06-30,JP1115,17635982863.9126,407343920.33256835,5721585581.015366,143244953.9966948
2014-06-30,JP1116,92655967155.03178,161161387.1548633,1.0,-181242951.1927058
2014-06-30,JP1117,9615593283.99934,-82590315.51829982,3971065630.115895,164124630.40796664
2014-06-30,JP1118,47812295285.81376,586941153.6765217,5020780956.99752,32092544.6452444
2014-06-30,JP1119,202436024308.0552,2518784983.4822726,137174435625.94875,4062760488.619244
2014-09-30,JP1000,21716085553.260937,2579351.494995093,3703860062.25096,480068974.1407446
2014-09-30,JP1001,38069910264.41316,779313200.0399278,22101370550.179596,1195562578.245536
2014-09-30,JP1002,142231407967.84195,724777368.15425,42149739192.71152,2636131046.6926694
2014-09-30,JP1003,7678819051.114243,226781262.27992478,6278468569.686583,289136054.6666881
2014-09-30,JP1004,11281404077.341112,583707778.6720178,18055256069.22676,635725277.7142104
2014-09-30,JP1005,95326261716.77913,5284397412.209706,69038506449.99066,5831399593.674866
2014-09-30,JP1006,14896717517.391562,633414787.3103322,11098648831.475557,536375872.2280153
2014-09-30,JP1007,11270783850.55153,-9605308.56917892,2764889613.1417923,218670260.73315
2014-09-30,JP1008,38837935969.74316,263225931.7506087,12131346431.313967,922156658.9388503
2014-09-30,JP1009,62537920148.89075,56836923.896963045,14350942736.978813,901548834.3702986
2014-09-30,JP1010,58029434365.16763,679602268.5119666,9009724918.177223,391930782.1411332
2014-09-30,JP1011,112559973614.02089,141881780.3518175,27576398703.60338,-864766500.7302011
2014-09-30,JP1012,44909365631.85656,775869332.5600469,38899524672.699844,2141597961.547124
2014-09-30,JP1013,106003298330.7474,1599765046.2084837,20327708952.483253,1899624277.3916934
2014-09-30,JP1014,54802835095.6143,530659445.44917184,4510870978.636215,268713230.7075233
2014-09-30,JP1015,231862226421.78305,5442337396.39777,49490508952.00993,2997316321.0843287
2014-09-30,JP1016,18255815039.50092,474871510.3955421,11608430230.391556,757814517.1178731
2014-09-30,JP1017,2622230228.9658856,129884476.17908809,2874944065.2925553,50100048.717692845
2014-09-30,JP1018,205181271425.7531,5250647669.623239,108279243666.39323,3606621175.1573443
2014-09-30,JP1019,22097760263.043877,467491581.9729869,18188439973.280006,865803314.7440655
2014-09-30,JP1020,34787886802.89366,373928610.65137404,15475237209.79974,779987735.4806272
2014-09-30,JP1021,111649833614.54068,3300727311.394283,19470431084.357918,1460741252.3058114
2014-09-30,JP1022,5467491614.94719,38028634.65939527,1.0,-37725606.24576597
2014-09-30,JP1023,7335861805.705425,146968875.7548884,4663091095.2608185,246873872.60491225
2014-09-30,JP1024,4647830571.036672,-25968417.8682947,1750902404.824879,61324649.920425795
2014-09-30,JP1025,17318601539.280453,67396767.25663121,4202483563.862792,227200307.94075698
2014-09-30,JP1026,70728645716.35963,497314922.6208405,13485064695.096733,219752557.91414753
2014-09-30,JP1027,85062364417.19516,172559647.2415729,18597191955.099125,1171690145.1929657
2014-09-30,JP1028,33276058950.29115,1661508567.427217,31807052500.26772,1816253578.2333772
2014-09-30,JP1029,9084331009.537703,99518535.24462691,2910112196.0067844,137059821.87182206
2014-09-30,JP1030,5345650808.215307,59935717.43606647,1478406805.488654,106966465.35808012
2014-09-30,JP1031,28953436782.778084,485466678.47256196,6935376154.497838,147846250.34015143
2014-09-30,JP1032,17560165798.207623,-42217481.679557405,2398516160.7329183,-137330478.92725268
2014-09-30,JP1033,27602005088.143692,798900343.35143,18164705645.527424,241558075.6659974
2014-09-30,JP1034,92454749241.4808,582467092.2942966,27733709826.822342,2119508725.640804
2014-09-30,JP1035,55892742673.61844,1141499012.53178,27659757374.126358,942697346.8273509
2014-09-30,JP1036,41767229224.27974,490583074.0634747,25768333132.528202,-124732327.37244108
2014-09-30,JP1037,23954976564.47039,589626466.7506888,23215616879.708096,1129119418.8347473
2014-09-30,JP1038,31754273790.451763,832467145.4450977,19022820506.344784,360537831.6551556
2014-09-30,JP1039,15400969061.661167,-232147446.704171,2198644622.7516294,10070296.753105242
2014-09-30,JP1040,34015991114.423954,-55984169.33948541,5954385631.204222,-49026272.206254855
2014-09-30,JP1041,50242731928.15203,535584831.01434374,12939415148.860054,512339449.79714984
2014-09-30,JP1042,31864169268.128216,1527131693.2437267,50572566407.09953,2202564346.310681
2014-09-30,JP1043,19877727408.744972,408001993.8827653,5869351987.2392025,34370596.396027386
2014-09-30,JP1044,51661779268.72159,1176661188.4681308,24168445628.961205,1543444680.6190314
2014-09-30,JP1045,27948946877.308453,-170394938.32753304,7873709548.066145,354114408.71577686
2014-09-30,JP1046,33708148744.056034,580705065.4097222,15790897861.740566,931551866.7915262
2014-09-30,JP1047,73819964782.32275,1362515572.1270373,37599235233.03996,849059859.0975118
2014-09-30,JP1048,3468429663.8957043,-28566067.685023703,1528449560.5623448,21585668.800863363
2014-09-30,JP1049,8305682655.934681,144259491.35369727,3703560584.555032,59262959.93428645
2014-09-30,JP1050,7466116235.818624,181504033.43317634,2775991898.6170897,159974509.5001915
2014-09-30,JP1051,3680933681.8725305,23103098.8043288,1560037851.7848976,62061617.28533629
2014-09-30,JP1052,11202845597.656818,81597425.3446493,5681621328.575763,277169621.3140972
2014-09-30,JP1053,72750499535.40108,775173994.9839389,13458624339.385439,-435227317.10247576
2014-09-30,JP1054,24995845846.825237,582452669.9044985,4255821413.7630286,-118168814.9954516
2014-09-30,JP1055,20809497525.649277,677940582.3369653,17415055623.057144,303009221.52556664
2014-09-30,JP1056,68771750682.17017,2311569062.799666,63198337845.47704,2527387857.772238
2014-09-30,JP1057,145084451559.35266,2858910347.304819,68414582655.4074,2640549950.98861
2014-09-30,JP1058,24290878083.589993,276576949.927996,11412127113.891157,864204374.7560151
2014-09-30,JP1059,169446739618.70197,2431885854.0479503,63812426348.99334,1349063672.961217
2014-09-30,JP1060,15264132585.457563,853517468.4005153,21568500653.652836,1291340543.1958323
2014-09-30,JP1061,9714523277.761295,78176336.65091187,5690786306.832291,273538780.7711572
2014-09-30,JP1062,23149440577.929058,270811611.881295,6766345034.61441,330528225.9012131
2014-09-30,JP1063,7361985414.226072,104889190.98738551,4309801756.781386,174300609.18381813
2014-09-30,JP1064,22510404249.319622,366386537.0495395,6526625182.418461,322909991.8560168
2014-09-30,JP1065,27530052377.313248,312851586.3250751,15911241948.150763,775403554.7921773
2014-09-30,JP1066,58958277453.75333,1331006704.6841927,33506785585.92026,937864719.5432254
2014-09-30,JP1067,112327124162.07117,3087991947.883401,38168345761.76083,602722589.397299
2014-09-30,JP1068,9479190614.753056,21831984.660477217,1283178099.4512608,79647419.45492038
2014-09-30,JP1069,81116698942.82082,1385460813.3854733,37429568342.00343,904059518.9076172
2014-09-30,JP1070,6774220603.548165,490928977.4225354,9738498684.298077,-79529748.13091354
2014-09-30,JP1071,38932724759.21218,1601578724.783576,15372420311.865093,1633526398.196225
2014-09-30,JP1072,9886614059.156937,581357623.9243563,10171754072.462458,-199970671.14612988
2014-09-30,JP1073,5997745497.6511345,172203546.25531363,3428221741.7445927,182403993.19084296
2014-09-30,JP1074,64147258081.260376,-843532321.0867308,17802693080.647392,1787620527.2667835
2014-09-30,JP1075,28252929771.73215,-201357504.70720074,3267300793.634828,43378667.37690999
2014-09-30,JP1076,9896446151.544413,352373373.25635254,10240551202.990486,207618099.35161558
2014-09-30,JP1077,10962604537.652575,152468432.58092377,2934826883.660482,122362190.78919552
2014-09-30,JP1078,11035863282.947224,167969487.55466178,6486216160.182379,312315660.7386303
2014-09-30,JP1079,43068111053.12767,704379964.5218276,17641035121.228077,926703231.0513443
2014-09-30,JP1080,34015740279.56061,377881444.53151953,12036579997.880533,485485558.5776018
2014-09-30,JP1081,31193380732.48474,1455634166.2809935,32531746153.612785,1753690732.082229
2014-09-30,JP1082,38345413209.310265,548444628.9442204,19529471195.163002,684171136.2955909
2014-09-30,JP1083,71496947354.71992,2957065577.247144,72798779527.11609,4308020150.724854
2014-09-30,JP1084,12047804411.512573,367045059.2809918,438693987.7910148,-193488606.72699997
2014-09-30,JP1085,6110656829.63712,-18028247.54180805,3414685908.196638,219482451.6407542
2014-09-30,JP1086,74902874641.63412,-53688056.01727201,28253380589.781704,611571396.6805161
2014-09-30,JP1087,19366706423.26433,404679230.2439971,4932827081.287631,615057356.0434309
2014-09-30,JP1088,110285658583.26701,350739577.5261824,21351883522.3617,-635135483.8439931
2014-09-30,JP1089,40046322887.03801,873010945.432947,15170845158.112745,619215468.928159
2014-09-30,JP1090,23471691149.4514,586531105.335022,16306846946.252825,798057298.6148026
2014-09-30,JP1091,39662084068.24538,-140997930.4957444,8981126876.843931,-968003731.6347344
2014-09-30,JP1092,199667143099.64645,8616241805.017712,80107629689.52463,3764924308.667434
2014-09-30,JP1093,232751318718.75897,1558965082.14268,97119679059.74284,4768111220.199588
2014-09-30,JP1094,16701382346.580467,590594850.0890208,11181470540.85292,1408103411.652188
2014-09-30,JP1095,22090752558.56853,881550580.2840266,19944073126.88417,868073696.6715276
2014-09-30,JP1096,69315322365.45467,491871403.8092589,37177078892.17972,2124783245.3941867
2014-09-30,JP1097,9186737473.4634,241513934.4220317,6477908585.39235,136729109.50389886
2014-09-30,JP1098,49122581749.5472,777222526.4714067,12587557118.330519,1136662605.7893317
2014-09-30,JP1099,27474997003.062634,646509027.503388,10590151182.672245,609809167.7435691
2014-09-30,JP1100,33124895500.84784,726811890.690977,10433520564.733644,91319097.36021185
2014-09-30,JP1101,16533066508.329124,197271222.19802544,6531739877.230482,323767926.9878105
2014-09-30,JP1102,8006685291.571574,191374319.6302584,3029986164.2900667,165676826.26089624
2014-09-30,JP1103,3503848703.0697937,14863221.992467662,833799684.4925067,-83412777.11543982
2014-09-30,JP1104,12374151989.592682,200817233.8802204,4115426495.555969,377246703.1369342
2014-09-30,JP1105,13584050056.415726,288987674.2021978,7503543120.489275,617781133.3856559
2014-09-30,JP1106,17593188230.609276,922659027.681803,25530066254.018993,1285115198.6125934
2014-09-30,JP1107,173015895180.76938,8120071647.480009,188057850754.05142,8282771402.954643
2014-09-30,JP1108,120384174995.11949,860863129.7607425,30048435786.933697,477082815.57625884
2014-09-30,JP1109,6397655244.677237,-33564206.48633166,4184765245.9773335,150002343.45114282
2014-09-30,JP1110,49831857168.89548,910794419.2250589,7991474736.134302,-162997255.720884
2014-09-30,JP1111,15852154044.154264,420336711.3202093,6792577040.252105,251525384.03607935
2014-09-30,JP1112,14717811569.916183,582378503.6231949,9380150233.144526,548015370.0458442
2014-09-30,JP1113,38613325673.96929,968967389.2237259,23675496020.404427,1312341151.6677108
2014-09-30,JP1114,45660624695.493164,-239042631.8573032,16986706672.395082,1196132506.421514
2014-09-30,JP1115,12713980716.091087,99145554.27054814,4483732951.9318285,197798828.86393443
2014-09-30,JP1116,77953008823.89569,-1016313152.3551711,9523357666.763258,263992622.9831651
2014-09-30,JP1117,9184540578.452982,177992399.96208397,3602229821.533399,112503795.259331
2014-09-30,JP1118,63654000112.809395,129338149.20576738,8806347213.548944,434232956.955376
2014-09-30,JP1119,327879813373.8057,-991990908.359094,137871866921.3485,4967957001.765286
2014-12-31,JP1000,43086682721.76874,490198589.42003775,6797141970.411946,527781750.0893373
2014-12-31,JP1001,37337272479.81403,672972666.4649824,19513907378.856506,667779508.6698211
2014-12-31,JP1002,114808413801.59593,1169893653.0895314,31626552198.044884,383174396.9518591
2014-12-31,JP1003,20469670437.439255,244106318.57819042,8832700699.978601,550149370.2744884
2014-12-31,JP1004,9161762059.742783,534068680.1466385,15307656372.878012,808757432.076697
2014-12-31,JP1005,100654755497.55725,531174504.57679313,64044946202.28511,3946603555.463968
2014-12-31,JP1006,11764470421.430492,298568893.2060678,8999785500.73535,448834780.07367533
2014-12-31,JP1007,12613792739.226622,135243387.99676022,1987335627.844149,219443388.5176984
2014-12-31,JP1008,41653771971.46708,367534888.7263805,7741480646.987241,389826164.7418431
2014-12-31,JP1009,50343693821.126915,-249421506.21113285,15945321487.868006,-217155897.9230615
2014-12-31,JP1010,51019781977.66689,436299411.07171756,9335836982.934626,632053927.9017079
2014-12-31,JP1011,139247744006.497,984348548.8759677,16682832878.444862,-191655160.0484219
2014-12-31,JP1012,60916073426.60775,1060940790.2045245,41715245761.93575,2008716767.5945022
2014-12-31,JP1013,90294379591.7695,573767879.1663438,24765038732.67154,2735429047.9503136
2014-12-31,JP1014,50315569042.847244,-121528884.9281445,16603154055.208796,492196117.06909674
2014-12-31,JP1015,192622018858.96964,5622189898.606606,73989771214.40305,6956836513.016919
2014-12-31,JP1016,25104473841.97935,304938702.1991484,13796769638.909513,669860719.0012269
2014-12-31,JP1017,3778372131.461002,107967921.1678597,2467333887.108458,142945535.8104569
2014-12-31,JP1018,231411440859.17337,4064963392.7208123,118149648748.53345,6096230123.187523
2014-12-31,JP1019,22568765953.686516,889232492.3031112,22644441395.212227,797761898.803628
2014-12-31,JP1020,28779809098.573822,644607673.1633704,16080621304.047064,864229511.0440305
2014-12-31,JP1021,96383954913.00078,1803270534.997393,34707017289.911224,1432841271.1332428
2014-12-31,JP1022,6412459137.322305,93258962.78612119,97055819.86513318,-12527957.181890456
2014-12-31,JP1023,7818786430.123714,110210151.34483664,5221588699.086026,328516018.2622448
2014-12-31,JP1024,6133349929.2133,47320072.82423474,2029945877.8618128,80393499.9865232
2014-12-31,JP1025,10767704895.40527,192342302.0142151,4405122243.457805,234632887.7972827
2014-12-31,JP1026,64905012763.6273,825841282.5351844,15184433283.475117,1074004933.403003
2014-12-31,JP1027,41944657413.87477,377208016.194364,18304646719.359173,364410685.0302943
2014-12-31,JP1028,62750952004.91693,582990472.1958028,26469285598.87524,1820676639.1618078
2014-12-31,JP1029,6980282755.473223,99527667.54143213,2982779540.437442,207018084.65102622
2014-12-31,JP1030,7947419165.06738,64188559.168421745,1352887878.6058657,58198836.248597234
2014-12-31,JP1031,22681486651.95785,-42776962.55670417,9162944626.507156,515482729.04106927
2014-12-31,JP1032,13031176971.928896,37096769.063317284,1855115636.479772,-148860229.06679538
2014-12-31,JP1033,33057317669.24182,292380292.31568843,12827263251.679455,14529250.876664856
2014-12-31,JP1034,51320249972.44142,663887929.4402378,26602584094.5544,654939938.4829977
2014-12-31,JP1035,59574017913.62661,971534138.3986064,28388624866.98061,1222610101.559729
2014-12-31,JP1036,47284893777.85354,1029464515.5894568,24738317024.77803,1599438609.805172
2014-12-31,JP1037,21804157703.722202,1185073682.303406,23285062209.6079,1496039974.7137985
2014-12-31,JP1038,28817276726.903767,215274459.18489328,18797972684.205154,1360099011.351578
2014-12-31,JP1039,26174480193.689346,81543980.07301298,4189783001.1222506,72197040.70498495
2014-12-31,JP1040,41640687624.25072,-52265378.54614012,6780594523.826733,-318754395.7476059
2014-12-31,JP1041,29745007613.969105,451384633.12411267,7791668520.767423,554009451.3581556
2014-12-31,JP1042,84396174523.114,2294365862.571449,70258629179.02852,3103609200.856464
2014-12-31,JP1043,18891427356.137054,164456918.4903017,6448701794.698791,193488019.550608
2014-12-31,JP1044,81015514437.31163,742717641.5278403,35169599206.92995,919705603.9246087
2014-12-31,JP1045,28017857233.313877,499708925.4403272,8307800099.819356,172489150.19766214
2014-12-31,JP1046,33617079301.165134,575129452.7100654,13142499072.623615,765172608.5241466
2014-12-31,JP1047,90411070065.57016,1196429835.4109051,29144111601.360237,1604454372.432531
2014-12-31,JP1048,3407981842.5438733,71046002.2505883,1424217239.48009,48533272.90654404
2014-12-31,JP1049,12385711876.763355,85542809.07234973,2852338200.15553,219246856.7105594
2014-12-31,JP1050,5726821999.503229,34682494.56987886,2502351426.34154,91042157.19942753
2014-12-31,JP1051,2470042421.099537,70252124.40699066,1519810538.1684992,116633655.95979626
2014-12-31,JP1052,8490601950.038151,359867666.2746389,7367483963.055333,114196260.93233608
2014-12-31,JP1053,47567677356.07719,507030297.56217724,9045379489.87708,583267646.5123184
2014-12-31,JP1054,18558959500.81483,53833040.62339776,4556467621.3253765,183621881.6398994
2014-12-31,JP1055,30063931364.66974,375043426.09704125,16483565083.593405,741249724.7178819
2014-12-31,JP1056,81713023254.25124,2114893649.1344702,71152220457.45161,1605287937.2995334
2014-12-31,JP1057,148867402622.5271,1427526876.2315996,46508066891.39486,4012542547.430762
2014-12-31,JP1058,23513725476.98611,501245290.9459525,12741726185.358644,591149122.5331186
2014-12-31,JP1059,117337364844.67186,1766046518.3317194,52150017976.19895,2275383517.1529193
2014-12-31,JP1060,11328203285.565628,548541897.9452227,30369493827.478683,1601490213.2839673
2014-12-31,JP1061,14626678376.8212,362256016.839962,6238499598.340188,208907208.67479008
2014-12-31,JP1062,14357427169.101793,407445670.4180345,6521987083.071885,717703879.9602666
2014-12-31,JP1063,7494235495.411499,291433643.0781178,4436567590.988099,297078541.6753369
2014-12-31,JP1064,23079119820.57002,96546770.97802284,6022009932.288533,164327693.0443846
2014-12-31,JP1065,21373127727.303192,747725309.1599647,16455946629.129988,790102856.9917068
2014-12-31,JP1066,65196634074.09717,-135116594.4521672,35316648499.58355,1175633915.4743357
2014-12-31,JP1067,123049247280.05989,1445077489.7222347,34653112937.64876,849306238.2329195
2014-12-31,JP1068,4339017886.358878,25278619.220936038,1018595025.3920128,-21990094.76018785
2014-12-31,JP1069,48265643711.75017,1223459832.9367568,35466803701.334404,2149956119.759483
2014-12-31,JP1070,6565276136.512162,292087241.2705596,9115101260.4254,585832769.195523
2014-12-31,JP1071,38217204002.9692,824067815.7070171,22507217840.599937,1310800180.8942275
2014-12-31,JP1072,26295975365.598698,476733472.58185744,10555905328.12006,575567612.877273
2014-12-31,JP1073,3509629430.6723824,74668667.39519437,3048482838.729998,113919666.53817905
2014-12-31,JP1074,57788368695.870636,-902376460.2439508,11569389379.060875,456585086.9495202
2014-12-31,JP1075,20230455844.091026,-1428280.2666219273,4445511058.969522,108541153.15375273
2014-12-31,JP1076,17729591377.6947,290481645.8800804,9616934828.747822,446223350.5125553
2014-12-31,JP1077,8906758371.308,130836978.2449532,3700205713.722773,179122595.85849297
2014-12-31,JP1078,19867298883.88709,361088127.1830343,7342610775.288483,386415027.14765084
2014-12-31,JP1079,49268517192.60853,1083364583.7230656,18038446852.49183,882315222.4195453
2014-12-31,JP1080,30033442891.354042,810868056.9311931,10839855128.224073,348693323.2925492
2014-12-31,JP1081,57704837642.995605,849058558.5181117,22984731289.11964,1019399241.8229162
2014-12-31,JP1082,21845878023.479626,898819081.6368929,25209431969.343826,584341406.0299128
2014-12-31,JP1083,86811339818.57376,3280052454.404515,54832293317.198395,1475917847.3996673
2014-12-31,JP1084,12672811868.977066,-181972778.59111488,515294164.8471181,-267905295.45701045
2014-12-31,JP1085,8864127330.72965,92941767.09599608,3313812758.853362,152448722.10048604
2014-12-31,JP1086,72440615218.47235,-503393264.7955069,24807881461.58573,669608337.7755504
2014-12-31,JP1087,20752295621.333076,338877679.9376925,3667601328.1760073,459322801.04615265
2014-12-31,JP1088,132483760812.12938,1209653598.3374963,17582925654.238007,-830575743.8276254
2014-12-31,JP1089,74055486910.10287,650095676.0817065,16730929351.304495,1373354479.7898722
2014-12-31,JP1090,26118675547.13647,464181350.1390974,16924605899.190079,462572863.96553624
2014-12-31,JP1091,44236489207.30666,719063726.2017808,9189429857.401361,904008371.2804126
2014-12-31,JP1092,233429308904.62283,3124255263.957394,69181311076.3882,1885794367.599749
2014-12-31,JP1093,273972264142.69952,-1018615878.5072018,78407704935.8765,4316469535.551869
2014-12-31,JP1094,22459398711.21849,186093597.7849869,9890609807.229513,454783473.83593655
2014-12-31,JP1095,24634288915.59272,804325338.4336662,26325113737.265087,825165756.3964926
2014-12-31,JP1096,51546571197.504715,1887993075.0964592,42724440251.610016,2684386636.182847
2014-12-31,JP1097,8851917822.19844,406095800.8275112,8792123743.145535,449022194.9539174
2014-12-31,JP1098,40517431722.83615,307649204.2334924,19818261141.429874,1023678685.5203245
2014-12-31,JP1099,16450152908.81786,327854478.4316425,5603394387.397874,212943878.63722736
2014-12-31,JP1100,38013171030.21068,408056601.18968046,14029636117.072746,-423232948.81394446
2014-12-31,JP1101,17938536399.973484,255193757.40721518,6551831221.259845,402435941.1761566
2014-12-31,JP1102,5470843798.135683,96384116.27585062,2734941656.2842617,128811399.85747562
2014-12-31,JP1103,3382630316.404671,-43534741.60551795,640685953.6362581,86837932.29667808
2014-12-31,JP1104,6375550155.742002,169515520.26392967,4184504754.1270213,28368660.047700983
2014-12-31,JP1105,22341023765.936535,-93013964.41342597,8888974548.977463,412928949.4235972
2014-12-31,JP1106,16544624158.375248,607091921.9092677,18764721455.23622,809390829.9046143
2014-12-31,JP1107,136327857533.10738,4124807853.9626403,161756519480.3423,4929747177.376595
2014-12-31,JP1108,128823801044.12723,868771645.4406881,29149598691.723473,902538012.6168741
2014-12-31,JP1109,8308432454.126103,137004022.33858287,5169354014.5653715,26165493.989782546
2014-12-31,JP1110,22687265524.10773,266371786.91139656,6741168332.205984,381418920.05184644
2014-12-31,JP1111,18068716448.16547,477193838.41983044,5855350136.188509,346957670.4658516
2014-12-31,JP1112,18263668605.45943,672700092.1225644,9636751648.978514,322164377.3636389
2014-12-31,JP1113,16208591033.419481,1570785165.675963,27850737418.537746,1430743733.2250571
2014-12-31,JP1114,121643039160.67946,675733326.6193599,13009224804.901274,584985419.466619
2014-12-31,JP1115,12596735151.543564,112360997.31770316,5785078324.942495,146798692.27387488
2014-12-31,JP1116,66216409074.07497,1188695004.249972,3068398215.001608,-322331238.0133736
2014-12-31,JP1117,10190884290.893585,154052638.493536,3608787130.916547,211073188.69781268
2014-12-31,JP1118,48610033983.964676,354305707.08250684,7384383353.093416,295271586.26806253
2014-12-31,JP1119,298724410299.16156,8947422587.134905,109907408000.97594,6390470849.346001
2015-03-31,JP1000,27156023125.69606,361092218.6500053,4718322302.697889,295515503.7076233
2015-03-31,JP1001,43211997746.426254,-72492630.07015382,27153471108.843388,263761541.81247002
2015-03-31,JP1002,101229982480.13347,410950797.03497154,45340457798.28002,852095722.8242475
2015-03-31,JP1003,9674850084.455248,286103796.07250345,7373183048.824523,195024302.59943768
2015-03-31,JP1004,19843141488.050575,60820508.92753998,19466778890.026386,778344708.3219646
2015-03-31,JP1005,101850541436.41127,4050281687.707284,75789280218.05481,2896881023.818629
2015-03-31,JP1006,8729243410.838444,468834665.9479504,12499049638.547718,719308680.0369622
2015-03-31,JP1007,14355992261.145046,-91488624.78926338,2656501188.778808,392093354.8600019
2015-03-31,JP1008,27997570273.515263,-64068126.10552708,14815918516.494396,372864509.6892802
2015-03-31,JP1009,40288413639.6716,1668645440.0204093,20996626705.281746,504687159.21794385
2015-03-31,JP1010,32101086608.091522,1016713876.2142406,11652182649.287052,945056421.6464007
2015-03-31,JP1011,190826329738.5423,-142114070.54683498,17322819384.90109,2405907665.464957
2015-03-31,JP1012,99949877236.66261,88900510.80351253,40960447736.63033,1703369380.9970732
2015-03-31,JP1013,83705923192.89429,1157044577.1143007,24695484979.31202,957884256.1148279
2015-03-31,JP1014,62660112737.46077,-114606550.86027107,9890564158.722,-315930038.44484365
2015-03-31,JP1015,386834846805.7874,4164075798.8477783,118703893564.11153,2906978447.59061
2015-03-31,JP1016,25376652547.46358,897797971.6212083,12377497992.08192,546273578.7297268
2015-03-31,JP1017,3831275563.8306894,41753745.38861419,2923868875.774408,153155123.86200172
2015-03-31,JP1018,259526772973.24683,5540293425.680086,127042759863.53505,5399792945.704158
2015-03-31,JP1019,14877378951.468761,1115947131.06697,17965332060.602005,655049345.4750657
2015-03-31,JP1020,40285023505.185776,1289803466.6507244,20238227116.605324,1273832407.2246325
2015-03-31,JP1021,62660141569.55959,273506603.96584636,20745681630.425808,2345584211.0480804
2015-03-31,JP1022,5920788553.758656,-84297104.03069447,280100896.82825446,52834466.02833845
2015-03-31,JP1023,7560223643.472141,189689985.8547981,4404664283.367974,170420144.11771318
2015-03-31,JP1024,5002824719.652911,108091949.53250514,2430505383.8311644,159025962.88860804
2015-03-31,JP1025,13289760631.031803,-109251.91611121352,5581963754.447375,220147142.3669872
2015-03-31,JP1026,60602177223.07862,406173055.8157639,16632449975.755379,1292120207.993462
2015-03-31,JP1027,41887375328.86667,206952084.1234841,21300584911.282036,1824753294.6602755
2015-03-31,JP1028,61908217291.021675,293082626.90399987,30083018213.570942,1817668645.9986231
2015-03-31,JP1029,6238279729.1501465,-64456324.38634169,3437874092.4156218,235965832.04027125
2015-03-31,JP1030,10467533228.247175,16690566.117511459,1681043296.3204446,-12845863.598064488
2015-03-31,JP1031,29154451005.09927,93698068.24669175,11073022264.59842,833794292.6641244
2015-03-31,JP1032,18187396698.071815,-204025575.26314428,2711567952.3679156,143015285.25169525
2015-03-31,JP1033,23063374236.165718,-445200850.3237836,18842447130.891277,621003438.2321665
2015-03-31,JP1034,60612001407.778656,841314417.0084898,30817977680.293064,1255344652.5868556
2015-03-31,JP1035,34784242951.98624,1657724375.1713042,29487273803.683395,1185488217.6611915
2015-03-31,JP1036,55360892195.14583,1217978521.7617211,26023837345.835964,1521429400.4649298
2015-03-31,JP1037,22650045854.39332,939205209.66084,24930060848.78409,790417414.3163795
2015-03-31,JP1038,65366272670.58031,670462472.920089,20840786310.48157,-295216292.67753327
2015-03-31,JP1039,15573234869.267021,145889835.17087233,3206718303.4174685,-192786840.52059484
2015-03-31,JP1040,35526640124.91255,284635813.0538422,8352478711.466984,98735501.49353527
2015-03-31,JP1041,22697382148.74058,-25296582.09493887,8221679255.096715,661242103.4422365
2015-03-31,JP1042,25421671089.76957,1743249692.6625,59933833008.91784,2617439780.5463095
2015-03-31,JP1043,28240162903.891777,-166248676.54492164,4278915316.6665926,544346454.2723138
2015-03-31,JP1044,54991903878.1801,1170511940.8218715,28916584480.384686,1512907778.3010817
2015-03-31,JP1045,17188909489.655247,416566131.22750247,8604866729.615934,335244189.3106536
2015-03-31,JP1046,29190931009.561836,-72731352.19372278,13923150117.402925,1131430523.645964
2015-03-31,JP1047,52494544469.714714,902328885.1543069,35145456249.35772,2428126213.5068693
2015-03-31,JP1048,5243046877.26732,42153983.20367381,1834973934.4172919,52831356.61849518
2015-03-31,JP1049,6072047050.374812,128633395.51561746,3087798689.069253,280012435.84478563
2015-03-31,JP1050,7723711682.278177,133064894.92171219,1660582591.5847907,116992776.21714443
2015-03-31,JP1051,2552388100.2366824,55222241.204049416,1406452994.231462,61195570.65901491
2015-03-31,JP1052,17675838962.385456,413444249.4223604,6738088528.591896,372375405.1242387
2015-03-31,JP1053,74802401230.95705,-493896936.3093915,14717683952.705315,-116737840.52733204
2015-03-31,JP1054,16933735366.580936,238867167.87022907,5886915783.619708,-99201512.67212881
2015-03-31,JP1055,30775938904.025192,759314688.7561405,20789657499.601093,1324126423.460371
2015-03-31,JP1056,229517016783.87558,3406963309.5100455,78045630163.52396,2443502683.2527337
2015-03-31,JP1057,149268324049.71686,659891325.2076857,48490921493.88083,2506232517.060374
2015-03-31,JP1058,19271055339.6637,993133688.8394669,11410633624.975498,516168067.45114607
2015-03-31,JP1059,175934367501.23618,2800226272.8354955,61015870535.227875,2900244846.74447
2015-03-31,JP1060,21397433245.77796,557376466.6506298,22450057084.140675,1248587950.3536048
2015-03-31,JP1061,16928538256.40137,921899.0895563563,5848475434.4334135,396732121.86217177
2015-03-31,JP1062,10373820566.990211,316249098.78704655,8001080991.975057,192551876.0875193
2015-03-31,JP1063,8115646408.96097,96491767.01952295,4749019638.645972,192389738.8550656
2015-03-31,JP1064,12620281980.26184,129000012.82991417,6094480963.191048,250413821.5527369
2015-03-31,JP1065,48203198703.86761,533558802.1476088,17698870262.383846,676284894.5684155
2015-03-31,JP1066,41533304771.34589,-31420877.784883488,22190245757.730022,530851693.23527205
2015-03-31,JP1067,140655057963.08936,2521652935.341233,18285076408.978363,357659636.92814624
2015-03-31,JP1068,6758036398.799156,9945688.007886495,1621202750.5512273,13028304.208870703
2015-03-31,JP1069,42037326245.18498,1944946879.339971,36528528026.39219,1314911383.7581384
2015-03-31,JP1070,7022687895.290851,216373697.9444927,8604359256.513199,447117444.1970949
2015-03-31,JP1071,23077167115.15896,739621902.5935233,19713998559.234943,1142203008.5482533
2015-03-31,JP1072,23434376417.823074,438834743.8392926,9407617909.378643,669753658.3230098
2015-03-31,JP1073,4682394515.280282,66006021.16971182,2851043502.634204,165980194.00725484
2015-03-31,JP1074,69651668056.91809,823591323.6586584,10580897716.15457,199995260.6566279
2015-03-31,JP1075,24189143172.06547,-41482550.93377638,4923457780.296468,92594380.88093787
2015-03-31,JP1076,14830090214.233482,453168887.3269329,10875159813.71427,475047478.5662186
2015-03-31,JP1077,9385283692.782578,79037145.06581093,4384852853.489682,63569213.4893641
2015-03-31,JP1078,20481114742.165936,190952543.32978782,7634664200.326871,169548528.0995369
2015-03-31,JP1079,24972235749.819035,835623159.0174218,20582011814.56269,19622739.151572336
2015-03-31,JP1080,32254334019.90376,715220386.3060192,13719394434.170427,481511802.6982494
2015-03-31,JP1081,29786004925.593147,1286910246.8325043,35364865812.11465,1665489348.9068055
2015-03-31,JP1082,32992407044.411617,191950971.91666302,19172963388.14811,1003786279.8008045
2015-03-31,JP1083,125771064599.04474,2906664437.5661755,90604959849.30966,2760951929.98696
2015-03-31,JP1084,17147414652.507843,-165360545.38636735,1804878379.6086695,223818709.99911663
2015-03-31,JP1085,7407681130.747333,209850435.06267688,3116903046.7300086,72191585.88630216
2015-03-31,JP1086,62246830119.285645,1577406257.44981,26382272347.784252,79531203.57316455
2015-03-31,JP1087,26406159680.029213,198307415.07673898,4923358657.620709,854506246.5131321
2015-03-31,JP1088,110793584522.42218,649756394.7596488,29491852744.33455,668275957.095987
2015-03-31,JP1089,63954377324.14661,-184984975.4595563,15328952148.614647,1154456185.913501
2015-03-31,JP1090,48132420702.86865,375835023.36166275,15160073602.646631,897040517.779029
2015-03-31,JP1091,36047659740.628555,74255227.14798564,9964549862.214529,56464968.510639355
2015-03-31,JP1092,109441668350.64012,463492017.3230785,94727820471.89665,346877941.24854195
2015-03-31,JP1093,216639467885.0707,-670494179.734194,104416901335.87837,8832454854.278358
2015-03-31,JP1094,9757907436.241522,342972931.3365798,7720462646.640253,312772422.59427327
2015-03-31,JP1095,34022385553.92507,660206329.646677,22884882613.552303,741031222.5731117
2015-03-31,JP1096,75065229541.35526,-1193449133.0667737,47950501512.92269,2231697317.8028336
2015-03-31,JP1097,8676552634.895868,498241433.2554185,11283737516.788155,279395219.3615837
2015-03-31,JP1098,94066621754.085,-22709350.214788098,23431225025.825127,966905894.7202281
2015-03-31,JP1099,18713731614.20194,155570578.37699994,9008116604.707088,440730311.23676956
2015-03-31,JP1100,31496291253.691246,491886074.70852035,16593969403.281864,253909871.80307865
2015-03-31,JP1101,15235229215.844168,64523496.95927352,5663260546.532959,317263408.884169
2015-03-31,JP1102,6106697396.158395,242680259.37336934,2515613943.52621,177594468.27780816
2015-03-31,JP1103,4693782007.790629,52424914.482004866,973611590.1164609,27173241.739164647
2015-03-31,JP1104,6667713092.622458,73340488.56354478,4416263873.639165,18736485.128661267
2015-03-31,JP1105,21366055576.858845,313734394.5334954,8910441468.353083,377313923.5349764
2015-03-31,JP1106,18016410612.767452,1257824218.6099226,29154119514.19276,1499926595.833494
2015-03-31,JP1107,166014121849.1422,7818359139.675398,184956508710.29584,6355188147.662339
2015-03-31,JP1108,104719397854.61018,806548063.1019688,34196351076.02776,-497380122.59910303
2015-03-31,JP1109,4928246081.232142,199060975.39088088,4262735907.001049,337995729.2960812
2015-03-31,JP1110,39190490876.23441,1284540173.0096965,3852165991.806278,-715038378.4061022
2015-03-31,JP1111,20346709203.72606,-20334681.681322183,6268501382.387218,253757799.8453806
2015-03-31,JP1112,18137963172.937847,213419089.73094654,12540386835.45074,468609141.9182345
2015-03-31,JP1113,29770681412.13638,856091685.564895,24095417134.49833,568954867.069979
2015-03-31,JP1114,59398704909.41798,-213119797.4540733,14311020546.570793,1087375393.6023593
2015-03-31,JP1115,11855712011.1066,531635386.8507784,7280745109.993267,289757617.51868796
2015-03-31,JP1116,68676867907.17653,448140373.2306838,1672462705.419767,-683340713.1986498
2015-03-31,JP1117,11250707968.644278,-33234823.762105893,3565451255.895697,76167790.22727463
2015-03-31,JP1118,69702996881.90916,235832431.56293634,10572407694.528534,6415553.63298416
2015-03-31,JP1119,409902791599.96497,3716257399.0950785,114648305456.42244,7165013917.479036
2015-06-30,JP1000,38766445138.06695,-468964938.29552525,6177687473.053472,228865358.52439508
2015-06-30,JP1001,51725075719.50676,228398837.82462984,25008863315.19228,1558204125.4698
2015-06-30,JP1002,87183711132.8549,1045846800.5936831,40235272867.8988,593002603.4623936
2015-06-30,JP1003,14395338016.203037,448375633.7961517,8680598609.01886,371660019.36318785
2015-06-30,JP1004,13699240576.163172,724697898.1540637,17284245255.470314,600716764.1042165
2015-06-30,JP1005,123078077672.64476,4103041175.178674,73445340445.85591,2002562947.0575497
2015-06-30,JP1006,11468532241.928581,331749176.2135915,10553793031.318357,239864728.19103795
2015-06-30,JP1007,15651550172.081556,283724027.90622437,3724446328.811454,20885377.49757269
2015-06-30,JP1008,30462665797.219425,481399999.27177215,11749898715.801027,673966754.8855728
2015-06-30,JP1009,72256958956.83804,1550720227.7965302,17435781087.470078,1085170795.5055296
2015-06-30,JP1010,47154490627.30871,413570659.60024667,15762829438.105259,980602982.4636997
2015-06-30,JP1011,205133488328.31204,907883457.7597934,18632809684.536118,408026318.5062586
2015-06-30,JP1012,36629378427.41391,1848877152.2114427,30978048737.7078,1734666077.8302155
2015-06-30,JP1013,142207710403.38544,62204243.98149441,29068435138.406406,2689199810.2261868
2015-06-30,JP1014,66879374980.85124,-135837135.6140328,7895852793.716214,853068731.5909004
2015-06-30,JP1015,276053553139.94867,-2298530452.7249684,97013447832.26251,5758744805.456514
2015-06-30,JP1016,26407409289.087296,134806241.30276987,13632879593.606804,672704617.989244
2015-06-30,JP1017,2017122486.1827369,78743082.30264644,3143892738.5534477,115961383.25388254
2015-06-30,JP1018,200872984521.97226,3714223195.225252,166775800662.55087,8613921753.932505
2015-06-30,JP1019,28202526486.832943,823472609.9636072,22114035663.148865,820700328.804165
2015-06-30,JP1020,38819410354.0856,842443095.4290737,23938395320.979313,1086864088.4395397
2015-06-30,JP1021,82352069254.4485,943970898.1177285,20563786874.37428,-1601515946.3538783
2015-06-30,JP1022,11579963969.091597,-35590046.088539794,64509870.67958123,42857883.38649217
2015-06-30,JP1023,11602475797.562946,194215725.07630128,5181711933.509905,239278525.24559906
2015-06-30,JP1024,6216802637.382902,72996600.23333992,1494284903.9868507,143514452.79935074
2015-06-30,JP1025,7389256997.437591,89569488.08036742,5669903264.521042,122444998.05657566
2015-06-30,JP1026,57940653536.46329,1534328644.1080093,20609661336.47983,378010067.33636385
2015-06-30,JP1027,52210412569.78337,57018512.92139929,23615339783.57171,831520628.1876652
2015-06-30,JP1028,29766057204.66872,1033449196.9215935,28858487091.258537,1697076442.1174095
2015-06-30,JP1029,9251826324.253054,101541979.4363358,4706247256.828358,175343509.7762215
2015-06-30,JP1030,7596604278.856635,24997122.2900411,1357792115.0133936,11567710.945110792
2015-06-30,JP1031,22870127954.9143,-158863287.6539986,6292432648.570525,655467222.3375148
2015-06-30,JP1032,12961255940.838621,158759085.11754975,3450313761.38725,53805763.60554353
2015-06-30,JP1033,46788512429.85994,796749742.401117,17398045283.076263,1098540803.830362
2015-06-30,JP1034,133018181727.46237,554841725.4914376,26485182996.264736,628349412.7050508
2015-06-30,JP1035,77837291345.75821,1653453499.1907816,31760271672.28726,667282467.2696801
2015-06-30,JP1036,47593287500.48994,1261781075.255398,27715944067.939426,1354739533.9823928
2015-06-30,JP1037,24320513331.838257,1227584460.7009788,24687505996.432858,1327613761.756922
2015-06-30,JP1038,40133468583.16977,836363633.4082009,19202144676.839108,294736524.80402565
2015-06-30,JP1039,23161834351.40244,225751629.8780249,4549607074.668239,206867244.72302842
2015-06-30,JP1040,25359109787.12626,-20757727.356464334,5853702967.803656,304692950.08505476
2015-06-30,JP1041,42951947670.555855,-74668615.75855967,9098403628.69539,-301639110.12557733
2015-06-30,JP1042,22494396915.89276,1901978139.0893133,61419922606.14521,3669722145.273758
2015-06-30,JP1043,18878662810.02611,220674039.97052714,4723219813.513031,-29672972.80633081
2015-06-30,JP1044,40174537327.04086,1012076102.8575209,31662282988.972427,1608251936.3901825
2015-06-30,JP1045,28726957680.819115,99371019.64945824,6114622785.877664,735021.5697918512
2015-06-30,JP1046,26367085989.36605,202994620.38677406,18191165324.630222,705493644.8056129
2015-06-30,JP1047,54567099705.45996,1405599169.1166224,37422225452.203026,3258756384.783762
2015-06-30,JP1048,4246518275.310604,79569249.57472204,1830849536.8890562,34379995.99018712
2015-06-30,JP1049,8238022486.181965,159525387.59379643,3533525090.8875494,183166198.65814885
2015-06-30,JP1050,6414483314.635716,123687906.71806666,2382362966.815965,136981148.72845492
2015-06-30,JP1051,4814554975.839165,77461846.79454522,1707239416.206773,94714696.389339
2015-06-30,JP1052,12152602678.788029,448356966.260216,6087684346.555703,291174612.76970726
2015-06-30,JP1053,78059786783.17944,20143172.537333168,9551307683.931097,876619430.0080154
2015-06-30,JP1054,18957133359.660393,-171747114.06102046,5163622161.124916,506667375.7559057
2015-06-30,JP1055,19661284526.176838,983142582.4491018,13217393256.51427,654949602.9627007
2015-06-30,JP1056,145902217203.02325,2469123106.4236035,78112643099.05986,4402896190.29343
2015-06-30,JP1057,146169225976.07245,2261806509.526366,64552467984.66673,5351306697.9576435
2015-06-30,JP1058,17708397547.593967,334245968.66384214,12404362035.365017,276576203.90457743
2015-06-30,JP1059,200842495244.60626,1895058213.9781544,51755232571.878716,1908734563.1055536
2015-06-30,JP1060,18907160901.22961,812379615.1355833,25417896553.75064,1195337493.425692
2015-06-30,JP1061,10660347112.953306,120331796.2255159,6577452845.554279,322464441.24716693
2015-06-30,JP1062,14800080594.272488,165038482.93792266,7644291272.283985,596044108.3913357
2015-06-30,JP1063,6625462291.289284,103286756.90874976,4342556751.421507,292413310.11553943
2015-06-30,JP1064,16297474071.705767,292350516.3837751,8922059135.3205,339461182.9582704
2015-06-30,JP1065,36488516919.37404,752728123.4775234,16860151031.757235,1064541891.1168761
2015-06-30,JP1066,48925638495.11469,2041534133.079974,31259045103.32375,1165711797.9812596
2015-06-30,JP1067,123633988806.9386,-770551022.6379567,35064501736.6611,-3159441569.995122
2015-06-30,JP1068,10180734694.472221,-8192727.70212814,1725391272.016714,84309571.04788713
2015-06-30,JP1069,34411768494.636505,1037365291.5043659,33746975580.583374,2255882081.601443
2015-06-30,JP1070,5383400901.681989,223117059.12828273,7629230548.102232,231637440.22861677
2015-06-30,JP1071,38189290273.19694,819971112.0293119,25148547267.591343,1504960608.163064
2015-06-30,JP1072,36048549145.96164,305800247.428898,9842183128.458574,86472075.35778566
2015-06-30,JP1073,6211662814.748024,122250973.83567074,3398026460.9340796,101842716.92952634
2015-06-30,JP1074,99235653381.88124,708640593.4013591,20366346961.9044,181308460.74540108
2015-06-30,JP1075,28014072786.843353,463203163.1040305,3522197515.797959,298348959.1896654
2015-06-30,JP1076,9052535873.031748,579211501.6645045,10472622332.1435,457269496.850927
2015-06-30,JP1077,7127178826.990545,90692265.95189577,3866772766.359982,-23585160.91697394
2015-06-30,JP1078,18237259784.304295,157487253.1529964,8463596280.819339,388958381.80863357
2015-06-30,JP1079,30025627532.60358,403256359.2668654,22234939694.52364,1145580706.5400302
2015-06-30,JP1080,21982804577.38905,354244914.25396496,11920426684.989986,424152466.35372764
2015-06-30,JP1081,21487899767.859074,809399096.810865,33273731782.880646,1257216321.9614255
2015-06-30,JP1082,46193104050.613205,921995495.4844809,31165182141.689117,1130005621.4906952
2015-06-30,JP1083,137223490073.63293,1690600932.9188225,67508240177.88269,3169484394.159346
2015-06-30,JP1084,11164064541.691805,-70797834.99959914,1737090543.901809,-175120540.52029437
2015-06-30,JP1085,7081431887.044912,129569137.80602007,2382862245.9676504,181936208.508603
2015-06-30,JP1086,66403540500.24321,507417506.3992043,13905254093.154554,601835223.7256778
2015-06-30,JP1087,23543993200.59512,484973552.8948159,5012135485.562982,407453774.875503
2015-06-30,JP1088,78566311165.45906,602473319.1163977,30130766693.636887,210312843.38288558
2015-06-30,JP1089,67040557660.65112,885632466.8430682,17879668801.130753,602356631.5602092
2015-06-30,JP1090,21643155305.782703,879436173.940627,14586107827.501839,714527922.959952
2015-06-30,JP1091,38423126886.14626,210225253.9957463,8508414737.4391365,473350184.3361315
2015-06-30,JP1092,253648731647.7622,1816640384.8048692,93715894636.14168,5177710040.309641
2015-06-30,JP1093,185173478755.8439,2325288357.08845,96579094073.98874,5916576745.757911
2015-06-30,JP1094,25324008298.65188,-196792115.57882226,13871912161.223724,400766568.5355319
2015-06-30,JP1095,22359432898.44752,301835434.36851466,23823556689.963684,1035478262.0040857
2015-06-30,JP1096,52417432500.149704,-5829044.554903741,47468873881.247154,2861719222.276005
2015-06-30,JP1097,9093312238.64623,512046989.02502686,10586954678.80639,368747393.5867546
2015-06-30,JP1098,66455113376.54354,551288895.3632691,16347845259.577736,754009282.5963433
2015-06-30,JP1099,26829684585.533474,-610676778.9632459,10916029400.585941,-21680683.31516933
2015-06-30,JP1100,56782129419.10473,1254760427.6083732,19329689229.84721,663713403.0401787
2015-06-30,JP1101,16506873967.605757,139687089.3994357,8027856521.43012,208947682.52904442
2015-06-30,JP1102,3679757357.9041743,200664603.04892814,4209004666.2013125,288126119.2392739
2015-06-30,JP1103,6618464634.193269,72329745.22311129,929827286.3919172,-45775100.31365844
2015-06-30,JP1104,7764673927.200568,234551624.1950558,4932018751.68299,204156607.05993402
2015-06-30,JP1105,13464362710.077497,125354027.42755958,10817772491.766026,755348246.0943303
2015-06-30,JP1106,14633638243.318151,775024284.9925312,18468493403.01306,1053658335.4742911
2015-06-30,JP1107,282641660690.15656,3017858160.103063,173941374930.14066,9051795483.791618
2015-06-30,JP1108,180807800916.21613,2905213617.397977,45009281071.82019,1078460402.5689747
2015-06-30,JP1109,8262080327.585111,173094017.1623967,4612820248.810214,253498601.1120175
2015-06-30,JP1110,62917179887.60625,249551549.26725984,5174594637.518446,33353048.122136142
2015-06-30,JP1111,18379744088.399952,35063212.95053604,6587213004.724606,346367605.06096417
2015-06-30,JP1112,26854202350.73533,231595971.12388796,12532626581.75648,1001626124.8049704
2015-06-30,JP1113,19087740493.30031,823109898.4154345,22514824789.285072,1431521081.8562975
2015-06-30,JP1114,68538602928.661606,1012108919.0943227,15232512855.980377,198678357.1772808
2015-06-30,JP1115,28433493195.06339,387657248.3871802,6267211899.416654,585754704.1932458
2015-06-30,JP1116,104958940638.57512,1319467961.933907,10448078745.402254,-1182197200.1255789
2015-06-30,JP1117,14121143127.676186,260758588.66831034,6642528291.696846,132681950.9411819
2015-06-30,JP1118,75694686300.71817,201580866.12996957,5299127234.078098,246941293.80937365
2015-06-30,JP1119,362792014949.8528,69223650.92489964,141820315319.04776,9573874490.287754
2015-09-30,JP1000,43756242810.219215,-140022193.98702306,6554220727.150979,150074890.72461343
2015-09-30,JP1001,29540154358.172596,1176510773.2222507,20723642245.04541,1395679793.3499603
2015-09-30,JP1002,106505346355.33594,826229717.6368757,47918429412.68599,2112482477.579676
2015-09-30,JP1003,13981729230.335558,171639631.71898723,8238547345.5905075,315765141.1529226
2015-09-30,JP1004,23112266817.583614,698543887.2581519,20802374895.216637,1086756751.162671
2015-09-30,JP1005,73641246070.7072,3072800512.0440507,88184525101.22296,3723393746.513653
2015-09-30,JP1006,20752882370.368248,532888461.7520523,12007928717.26315,578173644.2191133
2015-09-30,JP1007,14288830578.143585,182669649.72511634,2013392606.1575265,147349852.51425627
2015-09-30,JP1008,28835989866.29754,181221742.12224755,11749380032.726465,190464057.22723395
2015-09-30,JP1009,35169634874.67138,1044351192.4610219,13011269956.66782,-574103261.7391169
2015-09-30,JP1010,55171443214.07967,435267602.645105,12786944455.063461,377384286.1155111
2015-09-30,JP1011,117718162211.19626,-997646185.7132083,20412509277.046482,-822680022.4911333
2015-09-30,JP1012,70417000211.48769,984957668.4525919,37360214425.61597,1778089268.0552964
2015-09-30,JP1013,122049703829.38411,1360423982.3145826,29002227418.694984,1465005587.5917099
2015-09-30,JP1014,62881660646.797775,-1059740243.7091405,9470563082.615149,341816938.77094024
2015-09-30,JP1015,289486636177.09,-2035410604.3369904,78486383732.73424,-363769994.9706852
2015-09-30,JP1016,36047788413.632195,90923432.43322429,12263679984.067066,749026286.6439095
2015-09-30,JP1017,2870853831.7275343,58379170.208501,3115916551.9558377,177934316.289692
2015-09-30,JP1018,291676765360.2173,7065522423.212356,150003077923.7005,6789861786.1602545
2015-09-30,JP1019,17911434961.422623,857068561.9593654,21569732269.854877,960370917.540124
2015-09-30,JP1020,42773863387.976,1184638158.095382,21712447917.27787,1653085600.9448118
2015-09-30,JP1021,76443076573.17462,-1307279876.3097634,33309535458.591568,276161997.22737837
2015-09-30,JP1022,12382111018.951077,-170742972.6162621,1.0,-141255448.10540882
2015-09-30,JP1023,6962536897.625633,108108157.84638777,4162061736.0882072,287342524.6841692
2015-09-30,JP1024,6309096473.060323,-47806978.035277024,1966759218.2905881,80376108.58922164
2015-09-30,JP1025,13804993584.001167,183228913.8338254,6035373830.346712,142861666.543546
2015-09-30,JP1026,62325048034.49256,1188055980.1447475,15830844933.116621,193842936.66598356
2015-09-30,JP1027,64208749941.94107,147347175.6979098,19261946704.954323,869128587.64188
2015-09-30,JP1028,75728312016.44614,1055933778.6147674,30668286782.71085,427009328.3680434
2015-09-30,JP1029,8297309352.620572,109940919.5076649,2866284120.3339643,149471851.37396696
2015-09-30,JP1030,8311729088.672249,11804987.333309995,1636962856.6049356,114378125.97509508
2015-09-30,JP1031,27425357124.998756,-65643653.88724387,7832038367.801587,608835641.1425613
2015-09-30,JP1032,14064907743.764421,168919238.35382256,1855673873.9777474,129723709.31279968
2015-09-30,JP1033,27299380325.270573,227336205.4735351,17925420603.362003,43719456.25101157
2015-09-30,JP1034,93810705620.17229,2135416696.968162,31714774252.53986,411987300.0037567
2015-09-30,JP1035,37840143725.58253,759436324.979636,28495082474.679012,1402444127.4108996
2015-09-30,JP1036,51227347219.5672,535903745.5056093,31905379968.43316,1428316135.133469
2015-09-30,JP1037,51406862735.39426,568252227.389601,25102972788.4393,776818436.7803293
2015-09-30,JP1038,50084990166.305626,603969286.6918489,17409918350.54288,648836623.2194757
2015-09-30,JP1039,14820281760.397427,121973282.24345993,4994808429.333709,196483898.53463978
2015-09-30,JP1040,34066608044.22267,16916613.249727722,5102223607.302898,475413009.2646665
2015-09-30,JP1041,55447470407.60967,175528173.5221302,14144655981.348017,501332384.7288555
2015-09-30,JP1042,74258736119.70634,2702271979.1376524,66946212205.59027,2450973661.6670465
2015-09-30,JP1043,25198765503.347992,405953460.98344225,6271799642.442848,389910727.6105962
2015-09-30,JP1044,43952305218.11565,1632107276.4105585,35030141739.64595,905076652.2196668
2015-09-30,JP1045,22282809801.352196,373093725.91322345,4507054245.477384,5702519.852831661
2015-09-30,JP1046,38767245822.154076,1273165411.163456,17524333987.706104,996426690.2839826
2015-09-30,JP1047,111124714193.09027,1173232441.7600102,51519474524.46032,1865242493.4190695
2015-09-30,JP1048,6028166335.792307,-14896549.629355788,2169909107.1166596,142552897.93275672
2015-09-30,JP1049,6826629019.177652,168105657.84739178,3094528717.674832,124848491.38818853
2015-09-30,JP1050,6994285666.1740265,36231419.806488566,1815741161.042203,79734263.54777084
2015-09-30,JP1051,4453901993.392371,122991939.00952189,1947439977.3669717,54440625.35911921
2015-09-30,JP1052,6755725825.916083,149855548.80949372,6442551025.718254,213530948.3862074
2015-09-30,JP1053,66938218951.790665,221226637.07043552,15737949589.338062,-537957447.5279508
2015-09-30,JP1054,30011143905.301384,-150407196.74332196,5546365969.85699,106586928.48626947
2015-09-30,JP1055,32368281315.932693,582094477.3911232,20721607203.33834,1095925940.4536624
2015-09-30,JP1056,101432672407.90558,3575637521.2404013,67069367865.99051,4537042479.760377
2015-09-30,JP1057,237403625824.66675,3718726196.4127407,69199048406.91774,2214090794.8214245
2015-09-30,JP1058,23202605473.52749,572936271.6639855,12750063052.898067,688815978.5436358
2015-09-30,JP1059,198751597085.12323,1945232127.2752178,41062093097.998535,4521868741.527145
2015-09-30,JP1060,20448173436.82378,683406077.8775669,26001855648.03529,1178848417.0881486
2015-09-30,JP1061,9271323394.49144,112610147.21817511,5516779909.918674,329867394.65091
2015-09-30,JP1062,29706540315.01623,336450694.75675386,7161074112.99182,204668474.7786722
2015-09-30,JP1063,8761562891.649248,195456557.40528858,4437324853.239895,186352577.50071853
2015-09-30,JP1064,26194822995.59039,483817104.1612762,8892255645.409643,203469418.9612965
2015-09-30,JP1065,25893421353.10045,271870820.9336469,16070365727.103792,800688750.5359726
2015-09-30,JP1066,48187096600.62183,1100020457.725873,29563728722.37913,1421467877.0856898
2015-09-30,JP1067,107459795491.36569,455776112.51440656,38487109865.27996,4016341518.1193695
2015-09-30,JP1068,10723287766.925611,81289966.49099727,1872421663.1628082,36994649.648492366
2015-09-30,JP1069,64593611269.1225,2085079443.3368013,44014327963.36546,2129883371.8790944
2015-09-30,JP1070,16566594569.551191,324864315.41922426,12929664863.596235,644657764.3529669
2015-09-30,JP1071,56292838072.33186,620427037.2307795,27318382078.771786,1944145249.3712556
2015-09-30,JP1072,15971275231.43979,297883929.8335726,7700672134.080594,415969382.6442598
2015-09-30,JP1073,4602920542.16827,116271290.81668031,4214089478.921009,245655885.3567238
2015-09-30,JP1074,70627601289.5241,1126769205.7503183,25859263229.79131,534501715.27014863
2015-09-30,JP1075,22671845535.674755,180534214.96443543,3469075348.081847,12591348.03552168
2015-09-30,JP1076,15967476815.165749,375483841.4728898,9648563283.090504,328396447.07127553
2015-09-30,JP1077,11004655945.378683,220441770.37072542,3910145828.6729674,343697241.22245204
2015-09-30,JP1078,15521459704.374685,250623316.4090282,6399244413.485584,383253391.82390565
2015-09-30,JP1079,34968733552.83091,1561828450.5923512,15765930762.363733,1682824693.0776663
2015-09-30,JP1080,31391822829.03362,607529953.2326881,15282945664.173971,835829835.5630788
2015-09-30,JP1081,31953477747.782196,1559800427.0559084,39882292605.52122,1218506580.57063
2015-09-30,JP1082,66845598836.15261,875191614.3701546,19954044280.354553,535123498.38688725
2015-09-30,JP1083,88342372555.21439,63924353.604770474,59578772156.81715,2542137154.2479243
2015-09-30,JP1084,9839683131.174686,118877590.74947545,567821081.2545974,-134186364.78823733
2015-09-30,JP1085,8247748099.644131,137020122.23322588,3349183237.21273,94330742.43038821
2015-09-30,JP1086,82958602176.45831,734049337.6375811,21259592469.22937,822662464.433973
2015-09-30,JP1087,25508767816.178665,241063175.4457403,4279005064.27283,320357586.27053297
2015-09-30,JP1088,87169405757.9626,-142602442.24315813,24641510201.928528,2465417874.1297383
2015-09-30,JP1089,60102941739.8056,472455528.65561426,22720366627.421223,680521074.1160048
2015-09-30,JP1090,71967840224.32634,561379343.1681215,18999005746.16851,896654112.2059348
2015-09-30,JP1091,38503710524.055016,-156439992.0663197,13353010646.331503,420853262.6508576
2015-09-30,JP1092,222414996632.33997,2440517129.2791452,98124223848.69328,7019105675.901356
2015-09-30,JP1093,181758687699.42905,-85816741.95842773,96842337294.87852,8146554969.673966
2015-09-30,JP1094,16188604584.935944,530751256.46087337,12381482221.983673,952580366.5620959
2015-09-30,JP1095,15374209919.35256,1151938923.3792133,24288957784.009823,1489187411.2700298
2015-09-30,JP1096,48492510792.09338,1848429125.394496,52241063648.78512,1452052149.751903
2015-09-30,JP1097,6238900493.460101,242357917.5118752,8819338050.548376,314349809.1729156
2015-09-30,JP1098,48621071346.53511,-233859736.1382359,18389477060.249237,1317157475.8110487
2015-09-30,JP1099,27478481159.790287,270833536.4175266,10215483953.182392,150482511.4402478
2015-09-30,JP1100,61553306785.59823,1586324550.1891081,19355547554.60093,2044221998.5404139
2015-09-30,JP1101,16599308219.65544,55306564.61476844,5781642022.167954,252609946.799588
2015-09-30,JP1102,10396694885.840637,89864834.6071182,2922586148.8297462,84447897.40596297
2015-09-30,JP1103,8045075059.860921,76169505.35617119,976068851.3779465,-44874359.72057815
2015-09-30,JP1104,7086456726.062775,429094487.6348444,6547064038.770507,280877076.8444923
2015-09-30,JP1105,34514411209.842995,846313836.9082261,11479303203.735796,513857741.54846185
2015-09-30,JP1106,13300691629.491934,692777881.6808345,18860469340.32664,649382238.2418001
2015-09-30,JP1107,135604735829.91367,9596717017.091116,175524816019.00125,13685947249.584833
2015-09-30,JP1108,104159799212.49837,2380234724.8749905,24326243792.979218,-390778000.7697928
2015-09-30,JP1109,9577491234.976078,339824764.83657604,4416019176.975932,175633646.97320184
2015-09-30,JP1110,39362761745.7705,88503578.12137282,6899110354.805004,78519873.13287014
2015-09-30,JP1111,12513313962.66282,81020412.95237966,6659265871.88348,217792559.55714208
2015-09-30,JP1112,17603644593.09326,193278635.72194272,11351951509.13639,876074005.338859
2015-09-30,JP1113,18977527555.059658,1333438627.7897797,29030584352.77597,1444432707.8248508
2015-09-30,JP1114,52818500258.32381,349422624.98502606,18795914644.118744,464025953.28269035
2015-09-30,JP1115,21656508720.26706,344091729.94327056,10264436040.046553,389660029.69802487
2015-09-30,JP1116,64431119482.89359,905451976.3049564,991360221.5047274,1786246660.2753153
2015-09-30,JP1117,15652459300.703526,92976365.98636474,4877463358.036631,133709080.12833099
2015-09-30,JP1118,60178775270.54376,455236275.0260311,10064475749.372087,629200309.7530333
2015-09-30,JP1119,396197444855.86414,15051749804.941118,137779649592.9789,-577737563.442022
2015-12-31,JP1000,27739062346.265167,-389015442.32959044,7840509406.95395,313860731.2649792
2015-12-31,JP1001,29817569298.780117,295948132.900324,23757703719.048904,1298877023.8716977
2015-12-31,JP1002,138498260520.60742,3444452033.54002,55006051225.11943,2195836629.159571
2015-12-31,JP1003,19905157533.29722,313896690.72383356,8622558274.538374,554383660.4816611
2015-12-31,JP1004,11760019424.105991,638554777.8788315,19712855834.10881,916164310.8227232
2015-12-31,JP1005,97330057213.35095,133575836.11252066,68668799486.09829,7463706077.3915825
2015-12-31,JP1006,20286269056.74004,374719754.8496604,13650973731.026114,451773083.48153126
2015-12-31,JP1007,13615314851.65388,-64757317.55323642,2339217169.642811,-213750405.124335
2015-12-31,JP1008,18448169796.402237,555975511.5423797,7545093238.985775,524338796.5514904
2015-12-31,JP1009,76380962938.3484,628440466.3112904,20244192950.845215,977894477.6988401
2015-12-31,JP1010,42224732919.20466,823952220.7782612,16046840531.184912,1054026224.1273065
2015-12-31,JP1011,96211105884.08018,-48156787.16418722,21944140354.31501,1363263931.5434651
2015-12-31,JP1012,55466998303.92845,220930131.49772355,53619606206.82684,1732896218.3290706
2015-12-31,JP1013,81230659424.30293,173572702.24209532,33755053034.438755,758536924.7231052
2015-12-31,JP1014,77685302809.00317,-406939628.40912724,4261356120.5345745,1213030372.0591788
2015-12-31,JP1015,272158930356.07535,1177457521.9649456,73491225748.51974,8151743717.650124
2015-12-31,JP1016,41609804434.349976,914033075.8795135,15252204979.819391,745762386.6680949
2015-12-31,JP1017,3842207644.683623,78758345.99692227,2978646822.543562,109576923.47012438
2015-12-31,JP1018,263081425903.2953,3109398567.905737,153710273361.6608,7541459327.702573
2015-12-31,JP1019,20699386341.535255,948692952.8013716,22484501315.020916,940520414.3644695
2015-12-31,JP1020,44771530146.08204,1008372097.719907,21160164387.78483,759385638.6930704
2015-12-31,JP1021,102964566566.53825,213891550.09878796,44915070249.95109,1815130139.0525854
2015-12-31,JP1022,10223990245.568144,-75593696.12898722,402021388.1318634,-49382658.1203466
2015-12-31,JP1023,8472671282.099454,261829445.98626006,5505618233.732917,-24820277.458596513
2015-12-31,JP1024,5660453548.456315,66706322.60582712,1849891062.1444998,92170498.21636887
2015-12-31,JP1025,10263786320.798763,-303591509.25555235,5807059811.400118,340750151.7116102
2015-12-31,JP1026,31069067435.013527,96315370.62887606,13366079674.715279,661411999.8050728
2015-12-31,JP1027,98075864920.46823,619005032.9810156,22030156274.797867,1427414458.0240264
2015-12-31,JP1028,64448242823.91387,1186114619.7639034,39366869034.18832,1962920345.0246246
2015-12-31,JP1029,8221133434.790694,97808846.5934882,3052994833.474334,202228939.8183869
2015-12-31,JP1030,6860821630.82252,91847767.117332,1290479609.42423,115505101.01094839
2015-12-31,JP1031,32047775716.49321,-97535848.1751777,8809945519.196653,103112833.50643812
2015-12-31,JP1032,21162869706.49908,-81945007.50777707,2722125988.095187,318051754.38814765
2015-12-31,JP1033,46349383893.8359,-7801156.970847276,16203121677.2116,965943939.0684257
2015-12-31,JP1034,83990006572.55206,486223800.90636134,32236175111.86504,1714745243.0711286
2015-12-31,JP1035,47326591940.44126,817103697.6598288,29529176989.29977,1280801323.1136703
2015-12-31,JP1036,87324569936.2385,1718541881.5104873,31719403676.19084,1864215894.1109576
2015-12-31,JP1037,37227840390.40864,953371607.4121032,27110496708.16607,1454557489.492378
2015-12-31,JP1038,46398499135.26832,176367324.65279981,17335023228.727768,664398173.0605634
2015-12-31,JP1039,16086601479.79274,-140793674.24425414,3772749943.347579,177542851.20067728
2015-12-31,JP1040,26560534435.610073,139379758.57361573,7091124268.645252,348264212.1403807
2015-12-31,JP1041,38949115279.46935,-183260817.51995364,13968678102.354591,-109400608.6499298
2015-12-31,JP1042,51240883974.493546,1972112159.541036,59610351763.565475,3003509944.6001263
2015-12-31,JP1043,30816961364.339684,-144146865.8265033,6278582339.904066,-254065398.02997693
2015-12-31,JP1044,85478500177.08582,74087568.87076272,42830044463.50566,1418206263.3423803
2015-12-31,JP1045,40174167931.13482,501811199.0389673,6673248301.373791,198729403.59986323
2015-12-31,JP1046,35090274188.19938,967029039.4317892,19615306858.332577,673651694.7341437
2015-12-31,JP1047,99877864876.64323,735467674.1744667,41226714897.85493,2012361409.8782954
2015-12-31,JP1048,5742862872.872186,46958308.52657629,2634251994.179146,87155535.41040654
2015-12-31,JP1049,9428288246.398333,130184162.98700005,4680131074.501026,93223160.32440203
2015-12-31,JP1050,12188918568.423998,121966626.47273818,2273128737.8114243,310806337.0454359
2015-12-31,JP1051,7919570955.890114,46550381.34268144,2128967031.5365715,117847285.21937561
2015-12-31,JP1052,5966670730.254674,354835304.11572003,4762469814.401047,449427061.8735822
2015-12-31,JP1053,41201243227.959564,230641992.02766898,15189115339.240555,255467304.65225333
2015-12-31,JP1054,22748597011.65192,393455621.143946,4174573158.7076926,-135221066.98414886
2015-12-31,JP1055,23728161508.167458,949292160.2960036,21535057090.676582,1382059393.7377536
2015-12-31,JP1056,83391984129.37321,1310326937.8937988,63737768349.23469,6339603472.371148
2015-12-31,JP1057,259754915429.30435,2381277362.09871,66917363345.060165,983192882.2249249
2015-12-31,JP1058,18335024404.468258,953422063.3150895,13905440330.152487,338487576.3281107
2015-12-31,JP1059,124352287827.0651,1460566029.4347615,59170039706.99399,5219856869.7155485
2015-12-31,JP1060,18329292651.50577,469253192.7184823,24523753008.028606,1236225069.728926
2015-12-31,JP1061,9133716692.056168,293874265.6203683,7840558790.045561,333532665.00116444
2015-12-31,JP1062,17363708854.13819,128600023.66528311,5702886060.845748,291324940.9874178
2015-12-31,JP1063,9586888522.152712,107534239.62849882,5550422578.917655,281664890.50000906
2015-12-31,JP1064,10918279546.512249,9427029.870942848,6483678582.785468,533291530.75269556
2015-12-31,JP1065,40696460348.47907,1073878990.4218078,18694340129.138714,820714092.2747167
2015-12-31,JP1066,47299910147.94939,1457249179.2082307,34808516331.05846,1422422135.8134067
2015-12-31,JP1067,265566327909.11667,821027574.9844452,56596866858.966606,-1692859774.198421
2015-12-31,JP1068,20184634388.44735,2458289.9226433053,1616310626.4413328,114364865.19370075
2015-12-31,JP1069,36402212631.12142,1604281883.3408878,36307333936.36006,1294870165.34784
2015-12-31,JP1070,6519761907.936526,355054973.711205,9579366879.720432,621270544.4331871
2015-12-31,JP1071,44740387585.02981,717628148.6579,24799661426.400696,-126215021.26682016
2015-12-31,JP1072,16668413469.682964,397278386.8176581,11509330760.46687,487209091.4388695
2015-12-31,JP1073,10472511665.460178,216172958.6197055,4387345690.715282,202991368.7591911
2015-12-31,JP1074,119042344360.97229,169474410.60786745,31205383297.10318,-220649637.5466568
2015-12-31,JP1075,23562218436.460686,259828856.06360176,4366466843.908098,96854359.89695813
2015-12-31,JP1076,19163458099.606354,641138094.261465,12558313779.503078,357103942.2301673
2015-12-31,JP1077,12703831243.52433,142745336.3611764,3799107756.617853,213154241.86076522
2015-12-31,JP1078,41429412605.79535,503877128.0984083,7966150401.861334,475752747.7392956
2015-12-31,JP1079,36642356675.09736,429547709.7982027,16273103832.838757,727762464.0468388
2015-12-31,JP1080,40903964733.21913,518366682.5235936,14070619236.509512,247786904.75151715
2015-12-31,JP1081,56574365216.08538,1241464873.8818955,29038696657.175484,1627691950.7606494
2015-12-31,JP1082,72387594402.16331,1042764914.203072,15633106846.971384,2255295272.7211614
2015-12-31,JP1083,63463464363.29909,2083533319.3532777,60130771884.191025,2192708974.774497
2015-12-31,JP1084,16364567638.276985,-512173194.3819215,821207891.291398,254138518.2991233
2015-12-31,JP1085,8780198681.197369,6467003.320101012,3961105593.9655914,147453446.60834348
2015-12-31,JP1086,70109973785.37003,-348000319.4431252,29467114022.446445,1679959321.2340114
2015-12-31,JP1087,22742545270.70622,-118903735.47161654,6297193257.267736,-54318834.77433835
2015-12-31,JP1088,120985678345.78876,2215286021.7326765,26536050428.036457,-89733738.19479848
2015-12-31,JP1089,73229586946.22783,599117475.5775845,21332608227.24616,1215898992.8178902
2015-12-31,JP1090,37287998208.81809,563749328.3985206,15661796665.27725,1237601745.9385166
2015-12-31,JP1091,59891089135.55858,584276441.9586686,8783292735.496838,-152510485.27230862
2015-12-31,JP1092,254125416756.92722,3710141250.8697977,94991891993.5692,3974021368.0965095
2015-12-31,JP1093,236994808731.86588,6733124070.778333,120178237140.86716,5266941672.305526
2015-12-31,JP1094,19952944601.130173,202832605.76940966,10118530120.389473,94428345.41390398
2015-12-31,JP1095,15894382408.836721,447533769.7395689,21119096292.745094,1211295826.2174273
2015-12-31,JP1096,52295309681.03419,2865047987.3721476,44482865106.52687,2061293350.2308474
2015-12-31,JP1097,9007195166.391914,473631724.1615758,9347866911.30869,448911262.3154498
2015-12-31,JP1098,38838800727.13895,243345802.36997458,24202191399.246895,-117384791.10297006
2015-12-31,JP1099,35880808026.92799,508070054.7877603,9628064529.185558,166201130.55463666
2015-12-31,JP1100,62317006262.7848,1209954619.0473492,17680290064.397724,846131188.3230617
2015-12-31,JP1101,18388012205.88489,250823453.73308796,6374943855.90843,296793457.3065158
2015-12-31,JP1102,10142103768.672453,112937170.74874368,3163213158.0512385,59199793.63994118
2015-12-31,JP1103,5006356004.907447,-4810602.477509727,919566200.2879732,-26370658.75763327
2015-12-31,JP1104,9785613466.824556,58481739.32792332,5370775529.4254465,200049835.71968004
2015-12-31,JP1105,31280808831.187084,405564524.6265872,12969671096.20345,610066754.4208714
2015-12-31,JP1106,24777286794.46543,799638663.1286728,23486313985.86528,1387767083.7658827
2015-12-31,JP1107,268086994067.7343,8504198532.966936,194755002675.86383,8951016901.664614
2015-12-31,JP1108,181537147880.28754,2202095208.5241337,25418435023.805527,410221630.23380554
2015-12-31,JP1109,5834504835.278024,281127779.9391108,4633033174.706112,338754739.16088766
2015-12-31,JP1110,55119482920.186005,-89159314.64597005,9727991044.296818,-382379430.6977855
2015-12-31,JP1111,38830139468.62109,317686913.84831923,5384415559.708363,708177171.0607039
2015-12-31,JP1112,28792965375.89938,368145656.9080237,12923730342.817186,207536481.7378235
2015-12-31,JP1113,45690767158.30291,638656612.3823568,26021574493.949463,1439399508.0801582
2015-12-31,JP1114,44781666517.23624,-42623296.39713675,23274899859.42298,1141036601.3837214
2015-12-31,JP1115,17717782731.373066,233701758.64984378,6977003093.121245,301550258.03168666
2015-12-31,JP1116,94698937524.65617,-842813550.8050922,1.0,-922102135.2721171
2015-12-31,JP1117,14012456019.710913,229225079.65208936,3972356141.9050183,68868736.08881737
2015-12-31,JP1118,50379409420.16323,839154352.747757,5567683906.351441,232229657.481805
2015-12-31,JP1119,457069354124.2755,4704577578.701376,156138471966.75287,12763431939.192629
2016-03-31,JP1000,31231051797.02785,414450030.7568942,5856821394.868113,-38141066.21801927
2016-03-31,JP1001,28077985110.745525,999544200.9682423,23714889808.358616,1533086307.2258961
2016-03-31,JP1002,91400643545.22667,620001000.3629608,46039993941.476265,1257951779.6467597
2016-03-31,JP1003,13749836810.019142,84047404.86770949,8471402196.996817,563756904.2746567
2016-03-31,JP1004,12225806462.742887,998520358.0334755,19222056660.55849,334853694.46356046
2016-03-31,JP1005,68553862080.43937,1121194435.6302578,68371197368.61533,3754833511.214871
2016-03-31,JP1006,26354509034.212234,196754131.75530934,11404020697.981379,407529356.6580502
2016-03-31,JP1007,10374305184.655567,102536529.98051368,3378249576.475056,-159518368.05082136
2016-03-31,JP1008,42929305588.63566,-93366543.87532489,13869368410.75796,1130448167.045604
2016-03-31,JP1009,69158600200.42625,777372720.3021839,19781585467.617825,946783086.0193766
2016-03-31,JP1010,52686865560.85602,555866353.3410972,12349060401.604403,614822588.5151811
2016-03-31,JP1011,131387696946.98587,-466879337.75682884,29212948942.369038,2038037843.0717266
2016-03-31,JP1012,94224492177.94212,3136370197.8198476,54184120224.127174,2160438152.2246695
2016-03-31,JP1013,96331406290.42258,2431734145.5901737,39111951787.66168,3149669868.3583856
2016-03-31,JP1014,126336858703.05391,-601305160.9480153,5717481518.163014,-1456487470.5580015
2016-03-31,JP1015,360364023347.1234,5200584543.917469,97421766835.35178,-935288057.6743565
2016-03-31,JP1016,33970173334.887985,590894729.7090228,16847119395.481531,789633987.0966362
2016-03-31,JP1017,5110023868.342066,123905036.10512193,4097325941.274801,210095257.5337096
2016-03-31,JP1018,195101428474.53314,8660057434.134403,175769039893.20316,8612961544.44485
2016-03-31,JP1019,22711369902.098827,1182775768.816801,20491936165.584682,1326135435.876046
2016-03-31,JP1020,29069606459.01319,1022400922.7109152,18825694861.115974,409240330.6931331
2016-03-31,JP1021,86290156432.49431,2145084669.0306156,29952848502.049366,482277405.02546716
2016-03-31,JP1022,8777069574.780993,29229170.762535337,743916867.2916173,-152162773.19282132
2016-03-31,JP1023,19733446713.694946,198353970.64909786,5507756036.546267,189411547.17823693
2016-03-31,JP1024,5554659263.156064,67310167.81616664,1517520513.1891413,24632089.045610774
2016-03-31,JP1025,20794961727.61261,-67284785.16291055,6804536574.64715,212390172.59363797
2016-03-31,JP1026,43971684648.862686,1383925202.5484743,12986789277.592478,119633515.5290382
2016-03-31,JP1027,53454548863.97035,304995009.58226365,20807232216.48251,992949120.3250659
2016-03-31,JP1028,54741257307.085655,995840431.7024618,28062149755.701374,1657303998.553166
2016-03-31,JP1029,8693507943.104073,86880547.97318406,4270208230.285339,156515522.39644057
2016-03-31,JP1030,8359349822.97962,78169314.88089998,1451151883.9970012,76142642.91659279
2016-03-31,JP1031,29517317440.459003,206738817.65104967,7850555554.22608,-409284154.1206693
2016-03-31,JP1032,19870302745.71089,80385425.11359486,3105221308.3102636,41375674.524815105
2016-03-31,JP1033,48352561728.025475,-145116627.05006388,16020886244.104471,-524013536.3622054
2016-03-31,JP1034,78151262329.59113,445895108.35912865,25672622339.425156,1485910027.6632016
2016-03-31,JP1035,49890253507.560265,553651569.0937474,34791650885.34692,1394514932.075437
2016-03-31,JP1036,53823399265.27586,686151292.543587,34322668268.813553,1435646531.3538167
2016-03-31,JP1037,49345964800.04989,1055195051.6847389,35351097877.024,1219470811.581751
2016-03-31,JP1038,56368697737.46112,1435220454.7796752,27716494170.16753,1901806527.9853315
2016-03-31,JP1039,20217371234.40218,94189032.1087714,1534446015.6253545,106681458.26527031
2016-03-31,JP1040,50030337203.47487,477045486.86601466,7418196613.861017,802744264.5192671
2016-03-31,JP1041,45118584319.5729,83643873.87882717,11562124318.956358,62547867.10317027
2016-03-31,JP1042,75796935331.77547,2859021201.2631574,74208926007.43968,3041507619.6822004
2016-03-31,JP1043,25758203145.27318,-321798891.2756169,7337822935.999155,307805983.8211217
2016-03-31,JP1044,52258068758.39438,1364782598.5492463,39950357515.18096,3040375606.2579784
2016-03-31,JP1045,18052499922.422478,241808198.5915127,4684838436.140532,117558975.6370254
2016-03-31,JP1046,43377767143.99629,606849120.6107038,18976648259.526833,973960905.13157
2016-03-31,JP1047,77867467060.37538,2193122393.1137013,41686907026.99232,1863424347.3857176
2016-03-31,JP1048,6481765726.915154,74790415.22162059,2105388079.4575555,100875779.97868556
2016-03-31,JP1049,9847866881.517143,97682852.23496507,3322269076.0135636,45470464.563836515
2016-03-31,JP1050,4993446488.026165,187682614.44593,1428084900.6281412,173980323.4040781
2016-03-31,JP1051,3667403476.3094387,109867755.03182192,1549071509.4263418,79819709.95570105
2016-03-31,JP1052,13961153204.095232,298905557.5078982,5530299422.615112,-64325775.5142845
2016-03-31,JP1053,39180178067.689804,1164056112.8349955,11433234593.72843,428483854.0061959
2016-03-31,JP1054,25629927966.19693,-232281410.8528511,6045730720.449156,85135411.92735045
2016-03-31,JP1055,37721905918.42347,464654840.1645422,17790772351.861294,765007476.0495428
2016-03-31,JP1056,107582593733.54892,3186495672.718334,77445252831.6548,4518576798.294502
2016-03-31,JP1057,189671967238.0292,1991975681.4273255,54168568787.38717,3685995694.7919307
2016-03-31,JP1058,25181090363.23346,268840232.7689541,11152000456.370594,946603225.1638275
2016-03-31,JP1059,174995450070.0433,2704448838.502906,93835895970.68085,4636765842.95523
2016-03-31,JP1060,26606987520.351635,643200115.3030285,24512507787.913662,1068221068.2495574
2016-03-31,JP1061,12394249899.139301,470063832.0708637,6103441330.235044,284687033.5490693
2016-03-31,JP1062,15040058204.185879,366762944.0166145,6050311709.811207,465064251.93524843
2016-03-31,JP1063,6335905802.353313,228691114.13850552,4981827600.238314,299094242.3454662
2016-03-31,JP1064,17193142788.59187,175879704.05695373,6945838003.8427515,212288819.16031715
2016-03-31,JP1065,41684010067.348724,430246646.28154504,19048957199.687885,993939099.6832032
2016-03-31,JP1066,113354767147.69145,1400842981.3266437,40599425926.67132,2102065197.813307
2016-03-31,JP1067,100002150457.22432,-1339007263.4526517,36788566980.44907,123515398.72973119
2016-03-31,JP1068,8253844717.728159,115223043.98079768,1727144430.384207,70424950.05571118
2016-03-31,JP1069,41112708584.94352,1516429859.03957,42139518130.05184,1770496647.3312626
2016-03-31,JP1070,8686706595.897526,253021352.41288707,9713402408.79243,591127703.1145719
2016-03-31,JP1071,44408450705.30747,1302393228.2520242,20786798503.952522,898725605.3510702
2016-03-31,JP1072,17616620666.386986,-166955858.2855187,8323328577.587439,393916859.268569
2016-03-31,JP1073,5571535212.77465,196322040.04543963,3886771756.49577,133480746.80875826
2016-03-31,JP1074,110455321792.19785,117582403.8152319,22500119489.71958,1455040708.4115205
2016-03-31,JP1075,33353220363.750046,55985259.50883341,6178294713.350739,-147375394.74630952
2016-03-31,JP1076,20747446531.23765,346696190.8582452,10080013295.171713,105576565.45835598
2016-03-31,JP1077,11388039939.19031,301542158.99525577,4152402552.666516,275310903.29799193
2016-03-31,JP1078,20543090862.850018,418619962.9270267,7502563659.567753,173933335.91074184
2016-03-31,JP1079,43100993610.63411,1406707934.9315927,20940756952.646107,814584743.6194854
2016-03-31,JP1080,55078650255.199844,782344391.7133338,14912331421.588108,709069375.2490747
2016-03-31,JP1081,40619282602.85769,1445752401.4651,26551994787.06051,1622252359.8109994
2016-03-31,JP1082,44347290692.07773,562323931.5430285,24027261500.04224,280318181.78605086
2016-03-31,JP1083,70515644208.5169,4127448632.188679,76166686999.00269,292225389.9718366
2016-03-31,JP1084,15071859661.453583,195881286.01272997,686917052.3256797,316100693.8717668
2016-03-31,JP1085,11569878375.47746,7828436.184540621,3250202348.201433,112809749.42217056
2016-03-31,JP1086,57500151396.25723,-603124790.0127203,23118865575.41833,494735265.5137811
2016-03-31,JP1087,32064985516.319202,466711698.96698475,6897919813.824836,455527294.2123645
2016-03-31,JP1088,98556248476.38414,1246904646.9283822,23767748795.5054,605766657.5726794
2016-03-31,JP1089,107675335782.02203,-629187706.471217,16593221944.07237,1174138028.0360045
2016-03-31,JP1090,42000782019.51087,282915548.8331822,20637242978.695568,708054182.0245718
2016-03-31,JP1091,63478801875.32964,868039733.4079789,14019642777.683743,-481201957.96887416
2016-03-31,JP1092,143274788449.12405,207846999.40800118,121737504862.08951,5724424429.1850395
2016-03-31,JP1093,313736458570.99915,4244458155.014463,110776780903.93427,1248042506.796735
2016-03-31,JP1094,22458413446.78074,375010507.200754,11568815783.015205,801069504.1612302
2016-03-31,JP1095,20356696485.46832,950537825.4004468,24209846273.027653,1463232452.7120914
2016-03-31,JP1096,64472795867.38217,1014816407.0241896,55619804942.55867,2804439311.0658174
2016-03-31,JP1097,11165745008.714884,502291433.59962285,9565544906.455202,557947998.7853383
2016-03-31,JP1098,32585222663.467964,547841644.0657758,17675455565.036247,1436018200.774228
2016-03-31,JP1099,26202912583.314007,580278626.5431907,8331500986.042316,356231720.18097377
2016-03-31,JP1100,30856600388.64742,1652330875.1698945,16185828350.71402,804929621.563484
2016-03-31,JP1101,24210211646.100746,15558400.294930436,7028989084.614385,394063530.83937573
2016-03-31,JP1102,5471362436.549713,-39987779.22154622,2772199978.4295382,193971452.42747653
2016-03-31,JP1103,6501402845.688707,80229007.00308251,797034297.3768722,95230564.8252015
2016-03-31,JP1104,7141263672.003477,316832654.58154804,4688124695.250855,4306474.64002607
2016-03-31,JP1105,22207293998.25895,239117644.87578386,9202027384.998652,149586275.05594742
2016-03-31,JP1106,27266420885.698402,758569454.9660283,26163135390.072422,1035688681.6626378
2016-03-31,JP1107,186618173203.0806,11449892581.283625,217736430483.5863,10104492608.054956
2016-03-31,JP1108,105685770767.4657,390370742.95879376,32635905360.202618,-165382425.9624997
2016-03-31,JP1109,6594401382.503437,117355257.05628392,5467510840.608696,440911018.60916
2016-03-31,JP1110,51858086888.32767,-173445382.92544663,14145780698.631552,49631270.06681959
2016-03-31,JP1111,22911404981.57358,148055076.25501746,7031860639.078072,328806633.67497706
2016-03-31,JP1112,28609276654.084023,603377421.8942355,15863893766.527195,940020257.4801021
2016-03-31,JP1113,24822732679.24468,1110406546.3949444,29181253710.694576,818694217.3485978
2016-03-31,JP1114,132840189592.656,280327667.58332163,19881765364.383278,40934504.4476417
2016-03-31,JP1115,17119364041.278606,540152993.4992529,11980908056.762888,215597856.2001135
2016-03-31,JP1116,108279172608.64302,2137096.1984654986,6456427177.178294,1895559067.8342445
2016-03-31,JP1117,15078094463.76922,115725678.8794428,4541271910.220291,252216354.81091815
2016-03-31,JP1118,57060016157.081,-145963366.67076182,6468106395.964685,682806582.8564408
2016-03-31,JP1119,501079191978.106,3462505452.7874913,142330794025.97595,10631324104.930937
2016-06-30,JP1000,39619647585.41244,-53217796.17255423,6182764998.032144,289278261.51212627
2016-06-30,JP1001,40258274732.96349,652521249.0734634,28979962271.828156,1797037729.6268291
2016-06-30,JP1002,198611007528.58676,3505207344.531259,48607884713.5414,1199704194.3458316
2016-06-30,JP1003,17553808096.970013,362223931.1467969,9639573355.068018,381085991.1806628
2016-06-30,JP1004,14982177178.557043,848527200.4650482,17618941856.918423,1657262818.7945783
2016-06-30,JP1005,86497127087.63185,3849608443.6217523,66827113343.00009,3978378789.6788945
2016-06-30,JP1006,14735943732.832497,484774229.09072506,10069815101.331268,689188375.2164835
2016-06-30,JP1007,10470912454.098093,254489243.43216768,3705731400.755038,-35173119.5199456
2016-06-30,JP1008,80268675531.92812,1406049327.8079612,10822373203.267025,761798680.9682311
2016-06-30,JP1009,67188703551.55663,911354081.1406318,25847167697.09591,1807652586.418484
2016-06-30,JP1010,50666672759.00401,1207797534.2081401,14599865238.827738,438739963.0946313
2016-06-30,JP1011,144619830881.22073,2076551268.8311963,17074723417.634495,270099043.77436113
2016-06-30,JP1012,75819529876.94981,1859351015.3215652,44628473408.026924,1036883923.200165
2016-06-30,JP1013,181472604926.62033,839565868.2964046,46336152844.277824,1904267392.2993946
2016-06-30,JP1014,101810996462.38113,600887875.6312847,13954032605.180458,692396205.8723673
2016-06-30,JP1015,278525405756.50244,6317639020.467814,131684483999.03464,2535270835.539551
2016-06-30,JP1016,52201905476.245346,656543214.1609508,20235498029.155586,886016681.4518651
2016-06-30,JP1017,1724134437.8085334,81495521.45973729,2761318514.4371934,85739453.62298766
2016-06-30,JP1018,318452666115.43866,6102849753.157103,156202675434.24008,9119036624.613789
2016-06-30,JP1019,23498127112.30578,857504213.0183524,21854257303.422646,1032029636.134238
2016-06-30,JP1020,24119064472.0881,564175991.2351153,17183018689.639423,1192385668.3110192
2016-06-30,JP1021,131219737786.68375,2196350830.6359386,36810185877.61769,2633359404.8693767
2016-06-30,JP1022,8025892099.843403,-24303456.236732505,1.0,-38051337.49399088
2016-06-30,JP1023,13998446717.226542,276943884.66127884,5293987922.720123,205787883.0301219
2016-06-30,JP1024,4620246147.188244,71333409.88947277,2359802410.279093,109884497.5573889
2016-06-30,JP1025,9253667165.470394,197970981.44531488,4220779125.2169313,371696153.16392404
2016-06-30,JP1026,49970447383.97958,-104957196.69813316,18174126946.76,960443016.5530707
2016-06-30,JP1027,76719671534.09854,2279798937.4038043,28892886234.82915,773454217.6243249
2016-06-30,JP1028,63142820985.23296,991960526.7941256,34871565833.61894,1606444415.2104874
2016-06-30,JP1029,11510426986.468672,16498638.411434397,4361431955.902154,189119716.49369398
2016-06-30,JP1030,5715602538.05265,40181459.16849264,1535465690.3294327,64097399.75504943
2016-06-30,JP1031,22343373151.92765,146018779.17899063,8046612174.57139,424519661.1619743
2016-06-30,JP1032,21213045549.593002,-62441607.239239864,2298595725.289553,97512981.3663345
2016-06-30,JP1033,59395728656.64441,862551997.0976025,26311911253.157146,1642979141.2406914
2016-06-30,JP1034,148402958993.9774,2324997499.440928,42572622293.16939,652567773.3891134
2016-06-30,JP1035,73643206784.51411,1743661472.2030237,36856450012.955215,1264588872.5527256
2016-06-30,JP1036,98159840838.20276,1455593272.112771,49265187797.5353,643959926.1047317
2016-06-30,JP1037,26257721834.517014,203091270.04167867,27920213774.023197,2240599538.3245735
2016-06-30,JP1038,43687405631.67848,708358384.4204708,22263169383.115795,816131642.1357594
2016-06-30,JP1039,27133929506.324566,186195798.53282824,3366652929.398774,142174209.5479124
2016-06-30,JP1040,50253846666.7747,533119978.45756036,10360038342.361273,441021566.43894297
2016-06-30,JP1041,55341088348.0718,699157711.8746393,11522102972.392496,267519237.6757898
2016-06-30,JP1042,55618114741.91417,1396297853.0071566,64901157458.35632,3750161635.6113186
2016-06-30,JP1043,21249686068.059933,299019622.2204123,5948997352.80996,37911562.37396895
2016-06-30,JP1044,96945102898.85434,650518912.9006459,30825426491.127438,1699673402.5972617
2016-06-30,JP1045,37226359455.29468,465896861.52631056,11913546772.420801,103163840.54415767
2016-06-30,JP1046,39868515327.55463,1308856723.6104183,23204170716.67762,1267285910.174108
2016-06-30,JP1047,70137122272.43924,2205173017.6756215,42628724644.47256,1935066188.2761145
2016-06-30,JP1048,4761498789.616178,64375775.75040778,2177589743.460399,32566034.42943959
2016-06-30,JP1049,7509233637.067771,75201492.19952334,3773623484.43784,174078522.65079483
2016-06-30,JP1050,10692053354.062435,109312989.675169,2449110599.3762193,123351518.1120729
2016-06-30,JP1051,4920433433.97256,5911685.171189962,2000783965.883899,54666379.699360274
2016-06-30,JP1052,10794559338.482431,296530189.30036354,7134506200.604608,408096592.3598464
2016-06-30,JP1053,62997083239.56505,156525866.1425962,19129705213.20033,1008081380.8904183
2016-06-30,JP1054,30621510620.077,391716265.316173,5327438963.474466,969720017.8687468
2016-06-30,JP1055,23919108878.774097,687528200.3766091,18459684626.770054,725584249.1976517
2016-06-30,JP1056,74082764665.99567,1819927127.2710109,75411534443.234,2169760114.7432814
2016-06-30,JP1057,341166699085.4797,3599278454.9644794,73194676345.54346,4257096912.03845
2016-06-30,JP1058,26767973209.257877,114646363.98546457,14015864248.131437,956433807.0362217
2016-06-30,JP1059,219614816525.3773,2651935507.581586,65614949195.16895,2819774391.030479
2016-06-30,JP1060,20627009208.454952,321743155.6572819,28803301934.388622,1543859751.9508882
2016-06-30,JP1061,14435425509.955929,549715982.1174455,7079971719.48578,248678230.29273465
2016-06-30,JP1062,21676384052.982994,280265498.7001249,5402276907.403549,434110857.787674
2016-06-30,JP1063,9242447416.586575,18793556.68309756,4707779071.698472,162562728.5514762
2016-06-30,JP1064,13013692571.69126,57374642.78149073,6324459587.604002,476189828.61504513
2016-06-30,JP1065,32078059206.23244,129456237.38768433,17544435072.62849,759860749.2009008
2016-06-30,JP1066,63728235039.14457,1896513694.6640775,50312521402.85224,1436211688.772248
2016-06-30,JP1067,134328596968.3241,-3551919469.373783,40925312845.35655,1476809045.5291371
2016-06-30,JP1068,10274438572.648615,-24049981.316018883,1772635729.5305603,94765376.12418434
2016-06-30,JP1069,46838571744.32178,1732936661.8359716,35608009551.16239,1217966660.8951004
2016-06-30,JP1070,7220532575.788094,294154076.7828937,8900226603.979557,408654499.4459938
2016-06-30,JP1071,52714548757.78427,1282726528.196373,26184198211.56481,1160747625.0688446
2016-06-30,JP1072,34333988974.718285,43948492.5792634,10720546766.557877,903853019.5704046
2016-06-30,JP1073,5280564228.94129,88044801.59884162,3392650450.12869,133213456.62221932
2016-06-30,JP1074,104718354354.82906,-308290692.4740843,30052776088.422386,1349626369.249166
2016-06-30,JP1075,40279291673.83091,106976333.47441307,5535706896.080642,550958740.4946766
2016-06-30,JP1076,22419269316.38836,439455747.5652231,10187169784.133202,372692122.2090005
2016-06-30,JP1077,9180660769.383814,137992451.91031379,3907273813.622953,362657989.29628354
2016-06-30,JP1078,17069253262.08872,67954328.77592376,9367753245.062761,511098205.0505032
2016-06-30,JP1079,26818949770.07855,-208946137.85102803,23061128522.420654,1821808594.1150253
2016-06-30,JP1080,55618513662.358284,400817376.04269075,15049775082.320312,443734844.99966294
2016-06-30,JP1081,47839762697.73052,2138821882.1345081,40891912762.37554,1739305188.4743361
2016-06-30,JP1082,35898025140.90174,794580855.4153132,27002188603.181915,849576339.4807594
2016-06-30,JP1083,76716478198.75026,2284845786.9907804,77973032016.79747,1135616902.1173427
2016-06-30,JP1084,18841271463.68862,98857947.17148025,3592609910.1996307,-373567357.2327181
2016-06-30,JP1085,11908813541.381443,203121419.6038767,3900667251.067344,79017735.10738283
2016-06-30,JP1086,68891050621.57512,977587637.1768981,30289634768.09297,632928963.3836037
2016-06-30,JP1087,40520750430.662,36278984.577358045,3258512226.9136777,162741196.44611788
2016-06-30,JP1088,122724936603.16508,1048103114.3379644,26774796441.87371,2406154181.7809596
2016-06-30,JP1089,42432361628.33596,387975813.7632563,22081149725.702843,-144580205.5377024
2016-06-30,JP1090,38772602566.451294,1077696497.233599,21602269123.162533,1113304547.273262
2016-06-30,JP1091,53485639893.60713,-280855022.1096277,11818422986.705568,-245554246.48114577
2016-06-30,JP1092,155226572133.86157,4578271248.358484,103296045273.01175,5356204806.083124
2016-06-30,JP1093,348026722771.35425,9289112704.142763,120453740963.71118,2883340432.6307735
2016-06-30,JP1094,24526965340.577892,151815426.75933665,16079328483.804369,649327215.2176579
2016-06-30,JP1095,23049642101.91958,180484155.41899782,18618086245.064255,519539333.4096679
2016-06-30,JP1096,96944436732.20021,778801522.8804812,59155274198.65423,1887637171.6029027
2016-06-30,JP1097,10153723984.615711,385981371.3776665,12223086372.110199,599470459.8562113
2016-06-30,JP1098,62799854296.42042,1325566432.5005343,19212799183.631355,1444949213.3115308
2016-06-30,JP1099,33277551437.370937,668538089.6255492,11052456446.03965,316096262.75441563
2016-06-30,JP1100,35811476934.057434,261023388.28214738,18259756521.120144,1088839667.2745762
2016-06-30,JP1101,22581445492.26837,322475364.91097665,7933586480.082808,179451009.65815872
2016-06-30,JP1102,4309096145.150643,90547861.20376332,2862450651.735464,83084218.52900249
2016-06-30,JP1103,8429091557.267919,-38390970.307952516,1424537708.555697,51330069.65530784
2016-06-30,JP1104,10042898593.746086,265589654.99991113,5429325011.267965,408312259.6782618
2016-06-30,JP1105,15441229626.88808,331927770.06747305,9852179247.62557,115734810.7414534
2016-06-30,JP1106,17198831252.460945,1524078677.1298184,26733037037.279037,1839407812.1876566
2016-06-30,JP1107,382669164157.8789,15339007071.11087,235495848073.1164,15948746244.488
2016-06-30,JP1108,169106355202.56717,1214917924.0934165,34167328563.485348,1332357345.8642166
2016-06-30,JP1109,7382323024.330211,263233999.30142254,4806195419.468503,43605024.61947706
2016-06-30,JP1110,74308969683.96892,-211886032.82669353,7451123922.6574,229513942.6084129
2016-06-30,JP1111,24955929116.25677,538695769.7650579,8153523244.973521,647637171.1750915
2016-06-30,JP1112,23038007935.09567,448261239.1281556,14036344795.082476,275853832.97116375
2016-06-30,JP1113,29689502116.61562,1499814805.3793623,33523703615.049683,838950885.8061604
2016-06-30,JP1114,43113212976.36495,233482010.00628555,22948853469.354515,916863995.7754267
2016-06-30,JP1115,13979668155.904179,-97259911.59892465,5819610093.308508,121366926.22998922
2016-06-30,JP1116,132324489857.98825,767184214.8062111,1.0,584889488.372086
2016-06-30,JP1117,14438223624.990702,23158834.95191665,5032423696.2474985,265231886.23405817
2016-06-30,JP1118,65531195473.05676,-380845806.60431117,8765470421.267231,565214369.3373281
2016-06-30,JP1119,640243463018.9735,1912145183.9082136,148615786760.04065,5918063984.039842
2016-09-30,JP1000,35824185662.99859,36533035.1512482,11352102033.344719,-105393820.52122064
2016-09-30,JP1001,25911790296.12136,856644533.0758989,25947779384.11096,1797794576.0525723
2016-09-30,JP1002,146560401891.64877,1635505931.6355882,49770900122.823135,2591230289.330023
2016-09-30,JP1003,20796544763.428295,251222839.90057626,6082520004.337877,314629640.73918366
2016-09-30,JP1004,9851994242.386133,801483635.2061075,25209476576.71204,1290101387.4170463
2016-09-30,JP1005,102267572204.16425,3645102912.3753653,86314772432.22873,5662281244.944754
2016-09-30,JP1006,19798344754.07424,398583422.6644325,10613817884.911608,751869023.589833
2016-09-30,JP1007,15967742235.016985,110026144.13961124,2788798666.043794,278556962.6410151
2016-09-30,JP1008,38492772791.69324,393830009.2073581,13182366408.946026,747420020.3535784
2016-09-30,JP1009,48396136702.00061,1148644501.7316158,19876507876.01186,336971907.8365884
2016-09-30,JP1010,62354028316.55857,70943918.63738064,15289464855.637037,628739803.877338
2016-09-30,JP1011,111519464569.01057,2261345226.3079543,24391457774.090088,1304944304.497699
2016-09-30,JP1012,114821605692.95941,3059178772.555779,51206515421.23653,2836846684.8217053
2016-09-30,JP1013,137356600265.55937,826312212.8579346,27538025571.301056,1681303789.3979707
2016-09-30,JP1014,115815365805.37727,631604025.3349599,7137950665.554315,1133179172.214677
2016-09-30,JP1015,224130654236.97638,-4594465523.552939,97411723120.87794,127711409.96486749
2016-09-30,JP1016,48680493699.84564,794601826.5469333,13742710419.940704,760140171.0744025
2016-09-30,JP1017,6931750392.4704275,167707039.48918122,3329986682.682876,302949930.70077646
2016-09-30,JP1018,238380250148.47842,6262248176.987141,136597011009.57367,3952222609.830868
2016-09-30,JP1019,19283886754.398476,815991873.9154385,22126068287.61965,736826886.2483544
2016-09-30,JP1020,42353551005.212364,383489398.8442923,21578028708.58666,1282969636.7094386
2016-09-30,JP1021,95486451010.9448,-341736935.9636215,44049961786.95525,2519553304.7006407
2016-09-30,JP1022,11595768886.211071,91896777.68108492,201972303.97514004,-54765400.71739888
2016-09-30,JP1023,7535161540.388184,164129080.56598344,5539136077.1211195,373698018.8789607
2016-09-30,JP1024,5746336534.597379,136897919.97994184,1836335865.7468574,26908815.196447805
2016-09-30,JP1025,11359889823.751402,117826665.12663242,5406088681.548428,640217267.1146646
2016-09-30,JP1026,86931901156.10347,591361279.4979223,26744583181.615807,55363822.2596406
2016-09-30,JP1027,55896337027.68249,1724031863.8902848,21105507881.658318,2191801188.877708
2016-09-30,JP1028,57888103929.07587,1506207265.5131521,30049992736.39939,1262853633.937545
2016-09-30,JP1029,10104576212.128908,148276710.15626657,4242150410.757196,205310294.58327642
2016-09-30,JP1030,8953867022.07267,129719000.84347974,1897443156.9127343,178079093.35490876
2016-09-30,JP1031,15737376803.514725,-169834552.13500133,7007409784.312859,764812881.9076471
2016-09-30,JP1032,20081972544.712006,-322873228.92211074,2538572170.8000503,-215388515.31620046
2016-09-30,JP1033,36114015337.517265,2115497904.9128563,22799865386.125587,1147513732.5720503
2016-09-30,JP1034,81842795060.30724,813957458.3349451,26820257934.359055,1104370619.5774722
2016-09-30,JP1035,79232894713.62288,2125543520.6553602,41743744000.836494,1250345077.8825588
2016-09-30,JP1036,94284736430.65826,1593767823.0215952,34089167717.494144,1772110672.5570576
2016-09-30,JP1037,40708066837.37506,1104617225.556777,31746016540.909695,1003561704.8603514
2016-09-30,JP1038,71130422088.42348,-477989683.8720291,21861884690.82222,1077117812.0795584
2016-09-30,JP1039,29388606842.87984,-31153701.72767187,5410081486.601426,140911366.96659657
2016-09-30,JP1040,31949393125.541336,-121570878.89331749,8721333032.861591,-186094721.21198478
2016-09-30,JP1041,100104204161.13484,1038944164.8655975,20913394824.13936,1581154013.6668413
2016-09-30,JP1042,69436895495.77835,2233342791.8560715,70998228278.0903,3562553798.942858
2016-09-30,JP1043,41460769356.80892,3697367.4286840726,6766050391.971832,153412012.09249082
2016-09-30,JP1044,95902121332.96585,2897749493.5584917,45327667073.74669,1249600340.1373153
2016-09-30,JP1045,50107497854.08217,483547467.2832336,8208216501.8721485,897544034.8004072
2016-09-30,JP1046,33015807103.399284,1087459812.3990607,21667317377.078217,1211268351.8250086
2016-09-30,JP1047,45060596794.27403,1170992326.941306,42671673901.30567,1757044470.3077536
2016-09-30,JP1048,7404698338.531695,110765787.65226592,1581585275.220876,113788659.56820129
2016-09-30,JP1049,6898100330.557003,131364863.40582226,4098371470.1962605,97047199.25318296
2016-09-30,JP1050,10166576772.43819,35533479.962894335,2188757462.676371,154859090.7135204
2016-09-30,JP1051,4107464597.5593615,39369727.18040091,2399762053.3931947,103683246.80632669
2016-09-30,JP1052,8114431990.088694,387117960.7889553,6582792785.854222,27601162.203228515
2016-09-30,JP1053,34678401774.926544,1032908349.8084456,11751124889.105406,-340775361.0427615
2016-09-30,JP1054,26936533131.115604,347371029.88113344,4196718329.16645,442442041.9476869
2016-09-30,JP1055,57908581619.52107,1293161398.816303,23572317738.45617,1077391456.366997
2016-09-30,JP1056,95461916467.26945,3179647960.0853276,92528428397.385,2726542237.4146357
2016-09-30,JP1057,175462351953.17014,252371624.24770394,62229555619.3947,2826968369.09559
2016-09-30,JP1058,22117005894.01985,784597898.1978681,13186301487.52584,420054969.34777385
2016-09-30,JP1059,248230481522.1352,3867218461.03862,68014006848.3103,3664057909.0012245
2016-09-30,JP1060,16781343950.141085,862550586.563006,26396579202.19988,1420656919.7538598
2016-09-30,JP1061,17819912913.565456,360635543.18588406,8142082204.117266,482593446.27746207
2016-09-30,JP1062,23748196738.26968,363595465.8706332,6486155298.108503,489563479.29839164
2016-09-30,JP1063,6637874046.915364,146862267.3407332,4941082435.54078,138570550.66012764
2016-09-30,JP1064,19494645874.37145,337428864.6953413,7264497424.998675,332457208.6028764
2016-09-30,JP1065,21861745573.21058,1223081203.3407967,19686034270.79796,938843045.7374415
2016-09-30,JP1066,79608955382.38101,1910594494.489327,45454400475.867676,525944589.4360485
2016-09-30,JP1067,213739350878.53903,3198636170.0269575,36543475225.94082,1189453044.6032774
2016-09-30,JP1068,6174300718.443707,-83284358.36725621,2009414231.6153245,182005652.9179002
2016-09-30,JP1069,75343464387.84218,1843056426.2880793,58848255294.67665,3126184398.4671173
2016-09-30,JP1070,6586091210.863054,574824385.49438,8403935496.254102,255758378.45245084
2016-09-30,JP1071,36778934912.86792,363160639.65803146,24049907134.711227,1590917477.6052828
2016-09-30,JP1072,21259701871.31015,350574708.7429084,11131252234.310913,-205736411.23610365
2016-09-30,JP1073,6233762459.576328,174728632.35237646,5356535656.424474,247089326.11901394
2016-09-30,JP1074,156003041673.08057,564101389.7325066,16976145216.20422,104327881.89113852
2016-09-30,JP1075,40015146131.07042,474697790.2007806,6164429630.322439,-93683023.97370592
2016-09-30,JP1076,17587879229.471558,453691217.80684227,10970618278.399586,392203721.3671291
2016-09-30,JP1077,10948552712.972351,61760213.6267849,3558920452.8365755,336968226.1737692
2016-09-30,JP1078,31709408139.32324,247420087.60553458,9533026927.141987,487205511.38457835
2016-09-30,JP1079,78714311256.76758,1094711347.6605434,22416090489.79039,915364884.9388783
2016-09-30,JP1080,27816900876.914795,833176019.5173575,14538133217.04497,398524674.41380185
2016-09-30,JP1081,45063465970.97394,1756550011.9625766,31785164896.598026,1260388518.834784
2016-09-30,JP1082,51193882585.18655,-186874984.60114282,20164318802.49424,966312179.9304535
2016-09-30,JP1083,140425452556.38217,3623615737.1308317,93382912928.61296,3869550904.4586396
2016-09-30,JP1084,14854285256.564959,-358674975.5325003,513772183.117335,162886373.2616525
2016-09-30,JP1085,13072514809.680874,157602583.99909246,4270687221.1827326,294781707.572745
2016-09-30,JP1086,84124870621.91269,2133479836.7847524,23840032739.531097,1054199585.16958
2016-09-30,JP1087,24830557709.950638,367362434.4704298,4335710700.344327,128086811.83014807
2016-09-30,JP1088,84443348993.04082,1581233595.1456215,38252257278.13004,2309110532.137398
2016-09-30,JP1089,81419841776.83084,1177707058.9709911,23766690654.78337,1296023606.4750926
2016-09-30,JP1090,53861158175.180046,567891933.3450716,22440376437.87211,1075310846.0196872
2016-09-30,JP1091,43885352937.409676,-556962064.9627014,6074928117.343555,446381981.87082636
2016-09-30,JP1092,259804269517.21982,3684916293.965846,142790900170.6826,2668753293.6043744
2016-09-30,JP1093,267256662167.52838,5910815733.131517,99941087001.30211,5337971831.847123
2016-09-30,JP1094,23131874853.2884,413212980.82511073,14940763575.479753,944318298.5551432
2016-09-30,JP1095,20486806119.958538,1103813463.45471,24113783652.418068,1903462453.5521073
2016-09-30,JP1096,70480426175.45201,3471793146.572688,58457263082.29179,721879707.5487913
2016-09-30,JP1097,19158956593.13108,379431693.40048337,9376464484.086397,629784787.6385233
2016-09-30,JP1098,89262357043.90422,547662922.5363364,19319897136.555645,971992701.2540696
2016-09-30,JP1099,22840981884.78226,104560771.9620771,16555119172.924881,485115157.7870266
2016-09-30,JP1100,38724799707.78567,473546869.05656123,25009024939.052914,-108869650.15863341
2016-09-30,JP1101,23467043865.851574,580793255.1475704,8385185557.594498,393468301.4383675
2016-09-30,JP1102,8735106425.147326,209908716.9442182,3410719480.2721024,220822672.34171182
2016-09-30,JP1103,9675793004.905382,-30172133.05972916,1252032437.793026,61039310.23408252
2016-09-30,JP1104,8295638384.750317,177887498.14098173,5376684480.983949,269692229.5366487
2016-09-30,JP1105,26178540873.599182,459190276.49804556,10352090545.60302,295260898.4520443
2016-09-30,JP1106,16761752421.63062,993011228.6279205,24152030222.49261,1437075539.0562456
2016-09-30,JP1107,279187506562.86945,11702058502.298563,223998394574.68628,8598753505.482233
2016-09-30,JP1108,221182868334.4864,1175414208.124815,33403530700.273045,2289658830.294979
2016-09-30,JP1109,8346969396.684108,1855684.6182422168,5979750219.309767,168636590.0471353
2016-09-30,JP1110,96307915543.98068,-543144720.6328535,9365969704.581135,189792938.65441403
2016-09-30,JP1111,16093469090.217333,409012845.32040536,5718216574.601337,271186492.6988963
2016-09-30,JP1112,26566822442.68606,303380348.9458334,11612932915.507532,773301980.576015
2016-09-30,JP1113,24139574748.82909,877836632.5123026,32175629769.796875,868865582.3360372
2016-09-30,JP1114,54588616666.95671,1064717950.9724283,14484546335.002632,1818891727.0587332
2016-09-30,JP1115,22971329237.588184,540343959.6611657,10589435880.68964,348386137.68843824
2016-09-30,JP1116,118808926864.90202,-321951329.99441475,6934954378.859068,-1399565136.483452
2016-09-30,JP1117,8335906199.631009,318961294.745449,4254844502.7203846,244905525.76460472
2016-09-30,JP1118,57296346105.720604,169336194.48199362,10632015121.035627,293263126.43410975
2016-09-30,JP1119,458007853681.90625,4392657539.928594,173662285147.25162,4358555842.466899
2016-12-31,JP1000,28177872432.634766,135406946.80949345,8442499166.101347,8586541.324891381
2016-12-31,JP1001,23239603943.693253,1174772180.840765,24275208721.55395,588692346.2700335
2016-12-31,JP1002,170439744843.82697,1608520608.4542608,45256763620.074005,4364671309.916061
2016-12-31,JP1003,11837087919.276897,318574392.04191685,7992460189.047449,462426130.0280663
2016-12-31,JP1004,13094335657.735453,908955064.1092384,18747476407.384407,1273574543.9775608
2016-12-31,JP1005,91924454411.65598,292136958.9768628,86090020974.28404,3397288236.4036274
2016-12-31,JP1006,11477246975.098335,279365139.331737,12207122807.152933,867999098.7881204
2016-12-31,JP1007,19078480285.170406,35937597.551013105,4210470855.67057,-219321331.02466542
2016-12-31,JP1008,42701558575.16798,687217804.3726709,16340463273.727491,406085655.89029306
2016-12-31,JP1009,60802778873.93284,907599660.8925427,21862946788.428894,1600665368.8845243
2016-12-31,JP1010,55736354157.4458,642922247.6797754,17316519588.220863,922240867.9259822
2016-12-31,JP1011,296124943329.45197,-398847938.5218841,13872092815.16826,705022416.12175
2016-12-31,JP1012,89362777721.05646,3203571688.602115,48090320758.21466,2361677899.942943
2016-12-31,JP1013,168956840892.2177,1463654294.5356314,40851440659.01136,2198423762.2468095
2016-12-31,JP1014,100628808026.04146,1212832398.3489661,10273557720.118849,-187004899.96354294
2016-12-31,JP1015,470663266559.1577,-1690004118.5671613,145743235274.98535,10087933560.430428
2016-12-31,JP1016,45014138923.00055,664204113.1309307,11098548764.058632,347449475.11587185
2016-12-31,JP1017,3671343360.650272,71097935.21661428,2862559808.0681953,164132613.0993207
2016-12-31,JP1018,196835846930.86545,2836687902.6852636,134955032678.30588,6813426950.913927
2016-12-31,JP1019,22296781295.13805,1096848485.7384956,25053243676.4279,1508042054.8744614
2016-12-31,JP1020,43487221965.86149,1409633280.184287,19620303068.779827,1283733101.3930004
2016-12-31,JP1021,76934587453.98201,-162510787.61045966,33435543102.466347,2048674102.6309376
2016-12-31,JP1022,7167619241.25033,39340972.23035341,411251441.9544776,-65981361.14459398
2016-12-31,JP1023,8781056039.009636,14116429.82827624,5558510293.29872,238737417.7837519
2016-12-31,JP1024,8410781904.931623,89588330.59519531,1876716339.5333776,114158927.21517299
2016-12-31,JP1025,12506564463.01608,35106950.566220514,4333244189.534629,333065342.1039116
2016-12-31,JP1026,84909863862.38402,987808911.5591007,18353666153.592518,982697739.8256327
2016-12-31,JP1027,51209079042.06237,254705020.6041324,26915917114.221222,1348287066.6661537
2016-12-31,JP1028,40421589845.74521,680884572.347192,33902644961.28514,2115608208.8174593
2016-12-31,JP1029,8575370103.792438,159621587.06042537,4461626650.544217,172377348.74211797
2016-12-31,JP1030,8769818696.041372,1092000.0254497442,1494031278.532763,126958312.04915416
2016-12-31,JP1031,56033924290.11538,671567311.875806,13210031588.703741,-382065168.18413794
2016-12-31,JP1032,15151461523.59294,-34662484.059648156,5419359342.305334,2810969.8334576357
2016-12-31,JP1033,55475197871.92527,911816694.0559797,22686021193.5024,912328379.1421974
2016-12-31,JP1034,78984311895.50089,-1069273185.4426236,43257323648.32292,1142778540.358157
2016-12-31,JP1035,39646972214.019424,1427793930.6245222,35117701240.90751,1931870619.2668366
2016-12-31,JP1036,91229193238.49167,492215551.85914445,31053316210.854195,1301284703.8567932
2016-12-31,JP1037,46289035956.81519,92840319.26464006,33026415623.270206,1980124207.181472
2016-12-31,JP1038,69022484647.9904,1333703695.2243648,29730977155.917946,-918915290.0203755
2016-12-31,JP1039,39726318382.37949,186507439.4241001,5912437563.074267,-75997531.82911251
2016-12-31,JP1040,28227700262.304527,848266452.6618077,7106905193.654588,244273903.88054466
2016-12-31,JP1041,49951980568.215744,612781184.0629617,12991756458.76184,542353146.6877909
2016-12-31,JP1042,48772843019.48117,3132699969.259868,73066399318.68393,1853809190.6330729
2016-12-31,JP1043,36983083875.6493,-393217474.4727513,8070178426.592407,130221501.19069377
2016-12-31,JP1044,79012467896.4563,1704722853.5088794,39158712946.00965,2091699106.64313
2016-12-31,JP1045,36040766465.200294,508854645.5236876,12918407316.366816,-83296012.71420571
2016-12-31,JP1046,18340309138.68788,548842558.8468663,18362305732.502785,766155825.8471031
2016-12-31,JP1047,92491996599.5151,2890031431.6386104,49373841315.231674,3057511171.3648424
2016-12-31,JP1048,7335144762.175417,83382475.74734612,2184358660.2583704,137690672.13387454
2016-12-31,JP1049,9881019537.760094,106727922.06216493,4438685412.558,243717372.11531937
2016-12-31,JP1050,12841489313.560074,-68404047.64972167,2879030289.1917543,26000906.87383681
2016-12-31,JP1051,5735876403.6491165,103265623.6444227,2100407964.6391923,68620965.91061637
2016-12-31,JP1052,14192316984.919804,204142151.82879654,8760506092.175207,675465801.1661913
2016-12-31,JP1053,84564567291.16815,553918967.6657043,21809790046.1028,747555873.4197824
2016-12-31,JP1054,22367835412.100338,-58767288.32473598,4733637076.397584,212753363.73909047
2016-12-31,JP1055,37089463543.73609,92091404.96340246,19089384057.519875,985487762.9744649
2016-12-31,JP1056,110038890436.05624,2823697733.2718253,80258641032.86005,2414400184.0148964
2016-12-31,JP1057,188710869630.99548,2201216014.3673697,71287835417.6951,3358848186.9959764
2016-12-31,JP1058,19304782848.69699,377635422.075434,16218851815.36997,783892649.716841
2016-12-31,JP1059,217861391263.73294,1136298591.804331,76229737486.23476,3706289322.8773656
2016-12-31,JP1060,23127593370.944767,1209992199.6571474,28421741381.84676,1142069626.4347003
2016-12-31,JP1061,12457269300.216555,592451801.1649882,7417445219.71289,147644253.86052227
2016-12-31,JP1062,13351092089.549511,155413744.97356632,7880476059.139818,192469705.62760004
2016-12-31,JP1063,16852770810.843563,225585251.8091527,6894790593.796818,222816669.9416915
2016-12-31,JP1064,15415334069.70613,279831992.51294905,8100720913.47736,325516669.01991457
2016-12-31,JP1065,41833877602.767105,977102731.0542144,20210948567.337906,941085475.6319892
2016-12-31,JP1066,72635162272.84912,1099128801.9640057,47366302961.9033,1568110083.0622644
2016-12-31,JP1067,103525438243.77136,570425938.9561265,30517007438.982433,2555434909.408034
2016-12-31,JP1068,15630673518.599272,-167455942.0417121,1302813312.483184,93242902.26508969
2016-12-31,JP1069,34918453259.01493,1913433526.944278,44214400434.01545,1852638006.6660185
2016-12-31,JP1070,7394927634.445244,79706885.07538703,11716041652.974064,803036463.7362767
2016-12-31,JP1071,62442516346.44063,688286348.0809296,21302795965.194454,1575271127.9624603
2016-12-31,JP1072,22206253798.66394,528612126.4850877,12285720439.749636,540703129.9271754
2016-12-31,JP1073,9314580468.982681,226044505.9935109,4334415915.934679,153628668.67980435
2016-12-31,JP1074,45690007787.01387,217757089.17606884,14121185731.080238,1065354223.6513369
2016-12-31,JP1075,23851611089.533142,113427754.73456842,6348911738.80367,306091022.2492724
2016-12-31,JP1076,19669794412.025414,870446941.1116976,14477461587.925362,523870651.03217053
2016-12-31,JP1077,12597051330.469345,257951920.44182768,4984892573.301035,63319141.344505414
2016-12-31,JP1078,33456677426.801037,591665707.323638,10918203347.712109,760257990.9257019
2016-12-31,JP1079,83589928341.54422,1720939124.590752,24118460318.809654,904074284.0608084
2016-12-31,JP1080,22065860928.171448,529154331.4465382,16147788907.914001,707487484.5331361
2016-12-31,JP1081,23102363675.25186,1092395767.901021,35664881190.29994,1112102847.631077
2016-12-31,JP1082,47581093722.814705,1038839153.52244,27162769058.93668,1971415095.948836
2016-12-31,JP1083,136444822553.70581,3768872774.5623636,101045856513.0476,5644655353.075806
2016-12-31,JP1084,20641616248.522594,352391698.6715029,1.0,100887358.14628965
2016-12-31,JP1085,10844042438.322407,99235745.1914756,2647718546.9926705,153030261.09435523
2016-12-31,JP1086,70204427305.66708,2473936238.0020175,29658968291.33188,357036868.55570555
2016-12-31,JP1087,13826742907.703499,256554474.1364368,5543469926.49546,130031147.83346882
2016-12-31,JP1088,145106426905.15347,473713238.9022279,34560899001.793365,2229886746.4632277
2016-12-31,JP1089,46181772973.05274,-96687156.29419126,28843560763.857273,1545937345.642094
2016-12-31,JP1090,29083848694.419426,209244892.72342542,20331422538.696926,560305787.0120387
2016-12-31,JP1091,43208883717.87126,189574209.2116298,8723341631.689283,871438684.17071
2016-12-31,JP1092,331445368567.15405,2540439087.9234333,97088258532.07098,5878548205.217299
2016-12-31,JP1093,468076351524.7761,2271013796.4643207,126662181274.57411,2172566322.0434346
2016-12-31,JP1094,22258852191.369797,30340667.59557927,15386572083.74808,621794838.5904496
2016-12-31,JP1095,29071132584.0679,1690791511.6343088,26151959737.26741,415637509.3731555
2016-12-31,JP1096,63986021596.25014,2384242980.969978,60703732242.24125,2545575521.501119
2016-12-31,JP1097,20584817476.86019,544445161.5829432,14329506856.41919,514982781.9581851
2016-12-31,JP1098,44036117549.950226,1010585304.6335177,25558685400.086178,465802538.28327173
2016-12-31,JP1099,30560951179.657547,339141762.88544697,11861408195.081844,216683418.21544546
2016-12-31,JP1100,41860618979.72072,472890515.34022975,16222685095.725409,394889324.7025966
2016-12-31,JP1101,24544523821.677406,421337679.6807774,8187564669.922368,322683247.11043376
2016-12-31,JP1102,6855957457.312732,216105044.80205774,3665703828.054915,175203477.26954654
2016-12-31,JP1103,7582914099.923857,23692894.38828802,1210050958.022689,21305043.092674784
2016-12-31,JP1104,6692089917.309303,261844898.5537271,6636698286.314948,246470913.05432773
2016-12-31,JP1105,29599386101.567463,235917985.86345747,9993623252.569822,375884222.65266895
2016-12-31,JP1106,12535354691.265642,989774565.0674229,23533797071.92895,1413779642.6388395
2016-12-31,JP1107,275931353549.543,5070190334.815703,191664420580.1228,10771025114.86516
2016-12-31,JP1108,207234792352.1275,-1444756454.0810752,35469921611.190186,-1270230670.549753
2016-12-31,JP1109,7351902979.145108,364849466.59130514,8381494158.612592,227482809.74013042
2016-12-31,JP1110,46007625679.761665,-99448335.84425361,8669345466.41971,-72156747.26469035
2016-12-31,JP1111,21859520784.106457,152226262.70686358,8912728671.43369,314265439.13940996
2016-12-31,JP1112,18523299907.07289,307713247.7376536,13998857307.077408,374166248.79004085
2016-12-31,JP1113,23477980223.41983,1444670567.7990515,31588686337.836468,675024487.2796044
2016-12-31,JP1114,99383278981.72197,1000102827.478422,17627227625.964207,679161875.4569361
2016-12-31,JP1115,19436351365.488968,471550005.29126024,8571801000.064649,363041328.97980905
2016-12-31,JP1116,112965482583.94624,-1853739540.589282,9914322438.675331,562291621.9735762
2016-12-31,JP1117,9981100410.809721,186469884.19464505,5566084850.84466,226032462.41841376
2016-12-31,JP1118,96946041752.84053,1337973035.6213884,8670434998.750849,133146269.65580848
2016-12-31,JP1119,335374575369.54474,-5310621177.033266,189853195385.23102,5216939498.9952545
2017-03-31,JP1000,47562512241.85229,188263578.58968416,7732721435.486902,332740795.18183744
2017-03-31,JP1001,52231472840.3157,144289770.77986762,30157754250.877235,1664897972.5452769
2017-03-31,JP1002,147531353638.27322,3261237448.298116,54510442627.12219,2858179610.77609
2017-03-31,JP1003,15879382233.431429,464883656.5471429,8979926268.53264,432703146.74091524
2017-03-31,JP1004,17568359117.600628,943868825.0133691,16902606840.7701,1053029666.4202701
2017-03-31,JP1005,82882321691.27058,-609691504.3090065,80878712663.25552,5333520104.239339
2017-03-31,JP1006,19569746641.25646,400874498.49485564,13992296064.62177,654289312.3030912
2017-03-31,JP1007,16402328490.729532,-166675811.02021006,3248598470.477896,146724948.1501326
2017-03-31,JP1008,33115431370.28393,-183178681.33175382,14237561016.369114,641444043.8448309
2017-03-31,JP1009,66580863504.27325,181091276.71885833,21010596094.629517,606869331.8235714
2017-03-31,JP1010,57110566993.69694,947840603.8321623,10169614135.749428,870081266.2660199
2017-03-31,JP1011,211367474200.05664,1530125163.2241635,38724329273.45456,-218190190.09490588
2017-03-31,JP1012,103705927442.26984,603470913.3154683,46688950819.63775,1914769210.819513
2017-03-31,JP1013,165345754837.9374,367039641.404291,47082372872.39014,3705855831.5401044
2017-03-31,JP1014,62068038868.324745,344699746.8198345,13346680728.260754,156191825.56539935
2017-03-31,JP1015,437796528297.4976,1085298117.996901,101467461248.16023,-36758847.504748404
2017-03-31,JP1016,37527217305.86149,560453039.5496707,17399905620.526054,535998416.1187008
2017-03-31,JP1017,2649846456.5176744,115736490.11863412,3021924893.8901734,152402299.99225512
2017-03-31,JP1018,374144253158.5432,6332056428.457441,151737875292.26733,8106033821.419506
2017-03-31,JP1019,33154410821.3818,1178819423.0232089,22757661572.325447,1329009628.6001406
2017-03-31,JP1020,47733043237.6819,780346310.7835696,21170018888.13165,416622730.69324267
2017-03-31,JP1021,89874170702.78003,-944841830.2757354,29349533540.84628,2155010220.7845974
2017-03-31,JP1022,9502465269.197203,-8751108.728479324,1.0,11941891.056426987
2017-03-31,JP1023,12115923293.284576,32803396.084421612,5248229312.576231,112696478.5707369
2017-03-31,JP1024,8005516224.766738,83003956.58165942,2333144107.4815707,86698950.46385548
2017-03-31,JP1025,17537335700.1748,276424923.4378023,6261144301.696644,173670005.20772612
2017-03-31,JP1026,64685021896.70419,447117228.85749155,23463096401.35612,547058567.1948473
2017-03-31,JP1027,68131837873.62077,1033464924.5362501,27428374805.684685,584417104.0544049
2017-03-31,JP1028,87032592770.76328,1188447525.0453243,42478208723.37078,1847606498.0499337
2017-03-31,JP1029,9307641617.16104,155473738.81328103,5966782656.451068,243644901.9586839
2017-03-31,JP1030,7742858024.756804,77699505.01101811,1489386719.1985013,60561133.12559006
2017-03-31,JP1031,24983240417.930313,875501615.6331965,6628865558.505317,413554951.66310334
2017-03-31,JP1032,21816275613.542725,33937646.67402218,1212341855.1953666,-155899125.95190236
2017-03-31,JP1033,54671085423.715515,211177501.96170512,15891368418.333237,1212352490.8289368
2017-03-31,JP1034,76160459705.17064,1594407984.6649857,32768040152.271645,1295264167.5995493
2017-03-31,JP1035,77006883000.09792,909194981.358791,39028702754.189415,1796018947.4458878
2017-03-31,JP1036,65588277215.50891,2106262311.9770975,41859786942.22039,618636837.9565357
2017-03-31,JP1037,32154979824.933994,1184607652.772536,30974503193.333527,1678399425.5257342
2017-03-31,JP1038,46819849170.34249,1895733720.683997,22066859299.58863,-73434360.63268545
2017-03-31,JP1039,20501209651.394066,50986913.46002018,4319089349.989391,-21175165.794256642
2017-03-31,JP1040,34801010908.70337,-158259462.32914662,6951191902.264755,143984820.8713765
2017-03-31,JP1041,48945194974.02309,-116720112.32011522,15495484896.048206,764580105.390106
2017-03-31,JP1042,49462209073.12941,2895822699.912426,71520566461.3941,4906622446.141415
2017-03-31,JP1043,43333272385.37112,210059350.54501975,6487098344.622493,137257579.3732882
2017-03-31,JP1044,51310655727.857544,1138773963.606221,37861654947.90628,2093356180.803555
2017-03-31,JP1045,44285057254.849525,305145577.134339,6813667798.13817,105234841.04055972
2017-03-31,JP1046,47512116105.905426,360178801.34640825,22473741629.855865,1288960554.516061
2017-03-31,JP1047,114047170199.00352,2128585125.5411692,39907326116.57711,3421624895.2296352
2017-03-31,JP1048,4874072549.300939,69489916.88179988,2556805301.7960033,125222132.79054312
2017-03-31,JP1049,7299154033.4072075,36211100.406972446,4476060255.606574,242354493.12170628
2017-03-31,JP1050,8371475580.505551,136582859.77858105,2427573290.7762146,196537980.373299
2017-03-31,JP1051,3702206936.2812657,71726178.53034335,1980124186.243875,133529869.53919384
2017-03-31,JP1052,14588775268.266193,122779157.89159732,8620724233.119503,843229541.0237806
2017-03-31,JP1053,80634018308.50682,345015096.35279906,12231137388.326586,118342608.49983482
2017-03-31,JP1054,33819669083.064922,-137296905.36739936,6544289665.957683,726486959.0540347
2017-03-31,JP1055,35806043568.779816,241047782.74790138,25591392978.753143,1697023343.4459467
2017-03-31,JP1056,152906120274.54178,5999425859.186676,111769047269.62677,6392330258.916252
2017-03-31,JP1057,201659660335.20282,362126102.9449573,81251643181.76344,1000979299.6786562
2017-03-31,JP1058,31963784983.13406,679352386.1054702,18162198683.69315,719813588.5444297
2017-03-31,JP1059,198972294925.76773,2700082203.055888,76813937958.75311,3303039209.494539
2017-03-31,JP1060,24885078164.45717,558257442.3342408,37038793443.787056,1752613465.4950836
2017-03-31,JP1061,15647331047.466768,175501474.61272654,7408791420.798383,514190189.21643865
2017-03-31,JP1062,19495988955.73931,343541630.20779955,5754187715.660096,601075701.5919912
2017-03-31,JP1063,10247531113.394836,153504932.65664387,4628124269.109852,256330987.66774347
2017-03-31,JP1064,18803495892.22472,721001392.9292625,11466011797.619715,353177325.7718651
2017-03-31,JP1065,27372627444.71466,1013507897.8310938,20940301001.20324,1096060949.7053416
2017-03-31,JP1066,57430673262.42913,414989090.89143914,33005935774.528385,1279881034.6978
2017-03-31,JP1067,188768037374.08865,6465096485.760218,55461685724.47274,3798371891.4592214
2017-03-31,JP1068,27769371080.77648,82305089.6163277,1899713999.0611784,-4934529.761597283
2017-03-31,JP1069,44610045750.10044,413223322.6462237,43782970151.78682,1273368848.579763
2017-03-31,JP1070,10222064317.846895,361514272.9150191,10212682305.840473,469282631.90843564
2017-03-31,JP1071,59104977890.595345,1594496034.4867017,25643635441.291378,572638360.4869107
2017-03-31,JP1072,34990301100.56506,83867512.73947611,11327401631.934162,810477591.0751601
2017-03-31,JP1073,10119387011.6962,141964019.01298055,4781196903.589644,190978974.8564005
2017-03-31,JP1074,142836558615.3667,1939289983.4263341,24442322145.013252,-152757806.2700407
2017-03-31,JP1075,20952701559.363647,404996869.20235753,5074017392.69107,349902546.6413831
2017-03-31,JP1076,23214307429.68266,335919850.7351613,12660144371.456774,808495550.3527795
2017-03-31,JP1077,9809681644.281473,31189775.416965507,4081632940.081782,327488373.9768665
2017-03-31,JP1078,36650358647.41085,275002861.38566434,8136584513.9721985,602118693.0017184
2017-03-31,JP1079,37028121313.77026,1012666055.2316172,25999438439.129086,1960615864.391108
2017-03-31,JP1080,53629813626.15149,266868399.3453281,16959577381.237207,569825740.0709083
2017-03-31,JP1081,42259649696.363976,1859453042.7902749,40977311350.169266,2064716963.2386172
2017-03-31,JP1082,67846459905.88627,1872419643.3011384,29263158234.91927,1339201580.7430995
2017-03-31,JP1083,101499195379.35916,5509693775.534003,92350680730.77884,4253836906.2374845
2017-03-31,JP1084,17977726704.58032,58980936.73317475,2101098328.9221232,226111749.29889905
2017-03-31,JP1085,16527167399.11175,158738824.04949403,4919180852.531789,280355714.3666477
2017-03-31,JP1086,117704981657.74855,-1185671883.0972223,40223612544.26188,3823697701.022257
2017-03-31,JP1087,19822451192.039154,145517373.57240292,5138723613.774448,412853181.5693143
2017-03-31,JP1088,133135019567.90965,-89142828.68310152,37547340044.96684,469185014.45136815
2017-03-31,JP1089,50436805595.72632,2097653864.5576777,29319140674.03235,2422697948.486329
2017-03-31,JP1090,47442839603.65231,880012449.5914546,19685870588.045853,824665851.7070278
2017-03-31,JP1091,66631456921.38956,-69385962.61270776,7964903755.022541,207151497.80338788
2017-03-31,JP1092,363557370019.5184,891708566.727433,120676005976.07864,8004172861.402245
2017-03-31,JP1093,233774979513.95593,4261889234.7752457,107379019100.76132,5273129689.449215
2017-03-31,JP1094,21088397823.667225,1123844889.98897,18794901235.245586,757533294.7917402
2017-03-31,JP1095,26520236880.726543,1184144306.6526363,28094895114.214367,606874508.3596946
2017-03-31,JP1096,85757565804.51479,2960639453.499396,49987482766.4317,3443556706.642432
2017-03-31,JP1097,17613438341.524506,232151003.61586246,11489646019.471909,507899212.2214575
2017-03-31,JP1098,107350309537.3482,1538996261.408125,23120482138.11612,1348124251.0672781
2017-03-31,JP1099,48347261284.75168,118893821.72474888,11580174824.671026,678403219.1616498
2017-03-31,JP1100,38070529911.74637,1561123748.8359504,19315639631.115776,195946082.45611596
2017-03-31,JP1101,22247111951.746693,377835259.8479878,7382634204.1307535,409658613.36356074
2017-03-31,JP1102,7760237150.1897745,33018707.22670553,3491317767.495861,192887928.42946598
2017-03-31,JP1103,6749920074.73006,4099168.3599917954,1052995483.8496279,27632789.248049553
2017-03-31,JP1104,10457641958.069895,252838074.04322043,5432218942.819582,310508917.64633405
2017-03-31,JP1105,20796258742.55688,530166380.66075194,12863318641.011301,1139459818.0073495
2017-03-31,JP1106,19834194411.726566,1014633362.7161231,27711018682.435364,1048308841.5976721
2017-03-31,JP1107,240228975069.77502,11116799210.747417,261425650729.143,12650797833.705002
2017-03-31,JP1108,149454507803.20184,388577397.2270495,28002511676.272068,707371365.5146133
2017-03-31,JP1109,5578120606.848506,370919797.0450769,6836749364.679597,-31509866.076623235
2017-03-31,JP1110,62035251796.35246,298366759.99861324,8315076131.946167,-27850245.887189988
2017-03-31,JP1111,37260752663.91291,381794136.55156016,10184404832.513418,178371210.89327958
2017-03-31,JP1112,16558259839.49251,630130649.7600951,13394699364.66544,970869243.3844422
2017-03-31,JP1113,16376584012.609335,922816125.4041966,30529093280.200497,1328407278.3605163
2017-03-31,JP1114,80856689919.86914,969745877.4790283,24829197320.81132,1496311888.056799
2017-03-31,JP1115,23131856550.99706,896660084.7137225,11291129469.119116,300456871.11050403
2017-03-31,JP1116,120877479820.39748,-635177346.9664546,4463028735.604739,-1290496690.2556138
2017-03-31,JP1117,10054376499.37383,-96936342.34471132,4832040456.937488,352750677.4332774
2017-03-31,JP1118,60675039458.409584,199289952.3762703,9046019239.880342,-23261078.118671138
2017-03-31,JP1119,452902330513.9748,9624922940.84318,175901144394.3143,11983453602.41422
2017-06-30,JP1000,22370768558.61123,319294006.06636155,8442610711.346823,391669935.3443909
2017-06-30,JP1001,38128733298.499725,2517396287.4981055,25544691758.020973,1715695452.3066447
2017-06-30,JP1002,161067087447.17847,4298829939.228685,59830858733.25542,3288132342.257151
2017-06-30,JP1003,22255900002.548115,215766600.85518214,9573055742.509394,435126608.51717794
2017-06-30,JP1004,21632842688.172382,809386886.7876287,20450033697.287132,1418191995.6737206
2017-06-30,JP1005,70208282035.407,890169394.8145832,72086647744.16328,6481042296.024325
2017-06-30,JP1006,21486092583.62582,765530763.3133558,15517121684.563587,944351311.877162
2017-06-30,JP1007,15049578713.49193,166391029.3192974,3911600500.525427,199367836.35289267
2017-06-30,JP1008,59172122751.66357,-248521629.55101094,12446302083.04182,608675894.0524156
2017-06-30,JP1009,78210116923.78552,375852193.6478769,24783886603.008163,2711645375.4434915
2017-06-30,JP1010,56165107617.35379,1523749125.3358364,16743630446.290009,554911396.6075258
2017-06-30,JP1011,226508847168.30225,762710893.340697,36327994577.27421,-818044515.0204577
2017-06-30,JP1012,50315098904.493965,1827285728.3250608,47729135342.65364,2253007758.9221606
2017-06-30,JP1013,157807602734.0715,1661087413.6739247,29805794924.72666,1851103358.5645165
2017-06-30,JP1014,104180646411.4058,315114728.2111094,5749639717.674829,124319754.91478135
2017-06-30,JP1015,308337868542.42896,8999094128.76178,54022418639.76416,4876699096.640051
2017-06-30,JP1016,28902798270.18072,724317913.1608669,17385078546.675915,667177926.7637922
2017-06-30,JP1017,4271248070.5598764,168893508.3807392,3109087893.309887,76577965.33997154
2017-06-30,JP1018,367906730027.7385,7436868219.7848625,166224463754.57455,6261852971.741772
2017-06-30,JP1019,34188258571.007847,1597245446.699827,27920297668.366093,1361973476.6867986
2017-06-30,JP1020,32758823011.96042,507199344.6907352,21855167124.847282,1160932342.6284971
2017-06-30,JP1021,101820686106.77852,1521363156.2888935,29197893860.556995,1186090436.7632253
2017-06-30,JP1022,9131609008.252481,-1364881.2328547935,1.0,1475684.3356192075
2017-06-30,JP1023,9639152631.678797,206742765.59650466,4591973501.557289,318811706.5667539
2017-06-30,JP1024,6272100722.675145,83757252.36931652,1522480166.8300765,-4371304.783849483
2017-06-30,JP1025,15336223949.770926,486392907.94281113,7521760686.438353,327903660.8773008
2017-06-30,JP1026,53375184571.905266,-53554105.74864077,19057363000.121086,1165831963.4187388
2017-06-30,JP1027,93402197753.6635,2415739046.1861243,30243788350.33976,1590182460.7004485
2017-06-30,JP1028,42209624954.56167,1430204548.23859,41094040374.50259,1129329348.1845775
2017-06-30,JP1029,10606804367.29071,226638369.18017033,3302926607.2258363,193921991.1330665
2017-06-30,JP1030,12549116270.066032,64070333.970996015,1828370262.6753857,2693590.1397741553
2017-06-30,JP1031,47096575376.00936,555917097.1787049,8256982679.118097,8227.678657535875
2017-06-30,JP1032,25167266848.96726,-36881408.12890179,4418271918.601931,164667165.0700665
2017-06-30,JP1033,46255449106.95789,570282718.1247923,22275934981.498688,1404704283.6100981
2017-06-30,JP1034,113480847985.46205,827628944.9333131,40119366239.27865,2084279507.0477972
2017-06-30,JP1035,76268222099.56793,1402507029.5885253,38658857255.63869,903382723.0114628
2017-06-30,JP1036,94091882881.0406,2990938166.008723,44900381202.572495,2040805594.7034366
2017-06-30,JP1037,27977768398.99237,1210856341.5689924,27746987376.80923,1870167214.0193913
2017-06-30,JP1038,38544895739.43788,413813967.07975304,20433296644.882343,2129068430.8562768
2017-06-30,JP1039,27831953673.016567,922092.9457040103,2521220891.047934,-22384760.75979758
2017-06-30,JP1040,49527480013.341606,418874338.0374891,7509477055.280381,146975281.4322916
2017-06-30,JP1041,109002654410.36937,2047365279.4132676,20520277926.47392,1604542100.5943553
2017-06-30,JP1042,150769150215.52283,6621076900.283235,105182153338.91563,3972393594.954988
2017-06-30,JP1043,43966079625.496414,-31116489.584267743,6005081936.13641,44335575.90842958
2017-06-30,JP1044,60109280869.69112,111161169.59754977,32560978677.50036,1321509653.1777654
2017-06-30,JP1045,23852808815.909622,548249813.057131,8037124814.198617,498797379.51029366
2017-06-30,JP1046,60399080698.152695,807451832.0645087,27161678161.701725,1340304789.4486876
2017-06-30,JP1047,103420289481.0331,128466049.91146071,57270594631.157745,1163639711.0888386
2017-06-30,JP1048,9521592069.267881,99234417.24400593,2393881562.749032,143485116.90835908
2017-06-30,JP1049,11682170803.569897,180799938.66440696,4885581453.151557,142136162.9878487
2017-06-30,JP1050,12212359225.65931,27465427.00537628,2525676833.5205393,192281565.6317968
2017-06-30,JP1051,5680274774.618023,88759367.32450996,1905795523.067593,18256212.908493802
2017-06-30,JP1052,13710873905.426779,-129125908.01030953,6121521028.42666,576238555.292383
2017-06-30,JP1053,78076138037.9313,681973240.4226973,18829050033.959957,818084799.1153232
2017-06-30,JP1054,40833287271.849335,-97769392.02488668,3904628575.789158,105538851.86560856
2017-06-30,JP1055,64101041803.65105,550506899.1773834,26251039156.627728,1682654341.435796
2017-06-30,JP1056,108446660603.65282,3716277133.2183356,82231926809.9798,3820429607.2445807
2017-06-30,JP1057,210493387768.11902,2482427159.39271,65031209404.27701,6546592621.688225
2017-06-30,JP1058,24733512241.4542,722407443.5650421,13437475171.408619,770593840.9620599
2017-06-30,JP1059,209490361179.3902,3856130194.170445,86967409993.92647,5938651102.105628
2017-06-30,JP1060,33767702901.37428,1079608875.0292444,28922366248.806137,1079782643.9593434
2017-06-30,JP1061,19976272405.62484,381751116.7044477,10552660548.109486,350720316.85957694
2017-06-30,JP1062,39077744284.494736,-77682750.47923912,8718369518.141687,131942674.21029581
2017-06-30,JP1063,9881846823.418066,307976226.88084716,5570561313.808936,272033372.8754925
2017-06-30,JP1064,29210589368.308823,290819920.7318315,10703199171.171928,516854357.832096
2017-06-30,JP1065,33112366526.71026,753541197.5262544,25787532475.819927,1603382641.9770024
2017-06-30,JP1066,107360275870.69691,3294976109.074491,44987568209.618675,1558452030.533421
2017-06-30,JP1067,187585191352.42755,911281151.8695873,41392010269.14156,2596043018.6567807
2017-06-30,JP1068,14986415762.594643,-76590333.74353051,2300613041.9322286,-120122767.70777881
2017-06-30,JP1069,49032566047.05497,2200472510.1976285,44926409486.922516,1825730545.1351666
2017-06-30,JP1070,13975965735.080366,325622549.3169046,9274378167.279146,557609822.814383
2017-06-30,JP1071,31566126359.508305,384317819.5863324,32596583314.838104,995411426.8844011
2017-06-30,JP1072,30652959128.665604,12929820.096898286,15225987344.153654,-27114989.053334456
2017-06-30,JP1073,10014895602.086365,132771460.67248999,4955762761.233291,158622070.28956872
2017-06-30,JP1074,156565096479.33853,-316036983.9826978,12786414164.954315,861726873.2827799
2017-06-30,JP1075,35025961514.52976,318227697.0418921,6651498703.176385,387083035.8392524
2017-06-30,JP1076,16148755760.70367,640258650.9078515,13428869836.358667,445151514.132809
2017-06-30,JP1077,16587114420.960482,169240572.5118626,6629826586.230637,163618283.19380078
2017-06-30,JP1078,20593901761.24101,151783973.31690323,10353267958.873152,257431747.45569026
2017-06-30,JP1079,83157228055.75037,226388126.28662646,29660087291.16492,1406518351.8034918
2017-06-30,JP1080,53806751112.53635,962992933.658398,17572747646.167686,606578546.1442312
2017-06-30,JP1081,66970129390.81685,1118693288.1457946,34764328315.60327,871155982.6360627
2017-06-30,JP1082,37352559931.30346,1377053302.5280154,36763557829.12248,32152681.816803332
2017-06-30,JP1083,117036365961.29517,3422892110.7248597,106722648091.73798,3019181672.3305416
2017-06-30,JP1084,18777367769.663025,-96067827.33108915,4193104799.178772,23231986.254131455
2017-06-30,JP1085,10599825547.380495,126376638.9784673,3430944712.5541525,237262702.47406226
2017-06-30,JP1086,72020962492.59747,-1334315325.2732177,31056528255.02502,2236812984.83622
2017-06-30,JP1087,25790907079.160923,211233531.81182465,4311206558.668654,547457196.481772
2017-06-30,JP1088,194226093700.55884,1139683319.6237419,39440377491.84873,-378953759.97438824
2017-06-30,JP1089,49189520826.84636,654716562.8710084,24100692361.7216,1314641328.9554138
2017-06-30,JP1090,47852235337.9613,1236248908.4864905,29233108262.294674,1173622739.4148707
2017-06-30,JP1091,55025051468.9461,121781350.85181044,9404138599.722399,444452337.4711036
2017-06-30,JP1092,351303499502.2789,6493016320.728504,132369730895.59505,4196590263.313802
2017-06-30,JP1093,240014966218.01855,4640893375.672847,128319190584.49712,10007286080.494886
2017-06-30,JP1094,11830325547.518398,1452504469.8716538,15979411932.819002,1017652957.427067
2017-06-30,JP1095,20519790524.002068,1086509992.8246982,36388526916.32436,961676655.7304447
2017-06-30,JP1096,27138910842.895973,2011410448.8040793,49276406375.44252,3532356799.096001
2017-06-30,JP1097,11041934241.269197,404579905.1226307,12258021496.011126,712139992.0102698
2017-06-30,JP1098,60181147263.08577,1449773920.1338112,24549968475.694443,1163130188.081845
2017-06-30,JP1099,32473170759.515244,674206202.6564323,12317362228.044456,84258539.05096199
2017-06-30,JP1100,33381786948.86334,689072924.6408905,27599999169.182236,1353771755.9149158
2017-06-30,JP1101,36175132225.5238,364546240.89085066,11106306901.735062,269774410.5322045
2017-06-30,JP1102,8807143903.545776,204198917.83240977,3838029702.8559628,214543289.72074246
2017-06-30,JP1103,4757095233.156316,45861958.54201777,1278240137.3541,122754517.51392792
2017-06-30,JP1104,11413957232.037498,405970203.59028494,7459623137.077232,-32531903.919885874
2017-06-30,JP1105,23103421498.531376,493623781.0520874,13216626440.519562,628850373.0281953
2017-06-30,JP1106,18720421519.362434,945223259.3161578,26582014260.85206,746895128.3871222
2017-06-30,JP1107,262154894595.09995,6839781822.29084,266573964597.5415,5137889327.798429
2017-06-30,JP1108,195979832042.58688,3990880410.1664286,36693135490.509575,1553510791.924674
2017-06-30,JP1109,9233018825.272045,269597161.53554267,5652870072.413144,106999561.67139027
2017-06-30,JP1110,73794686050.42339,-850069321.8287697,10710460325.457918,77941740.38013545
2017-06-30,JP1111,34307850580.161545,158298066.078741,12725089152.685204,523101626.6569443
2017-06-30,JP1112,21909534296.659348,410020910.4294658,14783670095.355381,1377633033.2937396
2017-06-30,JP1113,23477449183.938244,1920381718.6411104,38952367138.966225,2568942028.159617
2017-06-30,JP1114,91350525357.46046,700293657.5746942,27033434690.164394,1142185443.5777686
2017-06-30,JP1115,34246650161.27242,820789409.6445994,11051131253.928152,314495789.1524044
2017-06-30,JP1116,98117408885.56908,247225395.60936856,1.0,-528102317.73663795
2017-06-30,JP1117,9257684442.80468,219774112.82999092,4444835324.796655,64427362.28440592
2017-06-30,JP1118,58058470907.55865,34554843.30955878,9340998441.930733,520219965.1111201
2017-06-30,JP1119,422924496229.58826,6927713589.408605,175564517337.9471,10587518947.339964
2017-09-30,JP1000,30244856202.841156,1337130190.0545733,6244173294.882009,466165681.5433475
2017-09-30,JP1001,24518604871.002758,927395002.9133383,25446453045.126934,1052112593.7925044
2017-09-30,JP1002,216529318384.69208,1634965483.6340084,51113253403.894554,3716529185.9024315
2017-09-30,JP1003,17312559939.537136,260544726.0561409,8669134416.855675,465500085.2143493
2017-09-30,JP1004,13782690391.136282,850623713.7400872,22624159573.710102,1637204429.6892374
2017-09-30,JP1005,143650277797.2562,3105755126.1207047,85211423512.05302,3120716163.66231
2017-09-30,JP1006,20725862001.33181,788802485.4638423,16193537904.244045,852644680.3492694
2017-09-30,JP1007,13267452742.253496,361829438.52166003,3697366560.8552914,358042781.85779774
2017-09-30,JP1008,40040035590.68301,111171617.14525136,18655267144.032322,352617219.5750454
2017-09-30,JP1009,45431846627.57972,-254844696.14306286,27869681404.44521,1662142230.9029746
2017-09-30,JP1010,47621462976.66978,235685183.0045865,17183518572.44418,1239395183.6463122
2017-09-30,JP1011,176985288960.16837,1306841037.058578,29943491414.950115,3807582209.2365456
2017-09-30,JP1012,77152488580.651,1348039983.276016,55526648012.78234,3485018453.036507
2017-09-30,JP1013,125869384475.31499,1476739673.1312084,37192314139.076744,1607789243.1777444
2017-09-30,JP1014,91221625981.21768,1020362238.5417306,8091192309.044313,287078183.81603473
2017-09-30,JP1015,241866934160.82883,4046964491.775283,104974648232.62846,9092181500.425692
2017-09-30,JP1016,35875990435.00629,412612697.38021547,15796657962.940662,1274466456.197831
2017-09-30,JP1017,2181061437.0701632,69703097.94943325,2798205234.5611925,99460010.25561215
2017-09-30,JP1018,306873013244.34503,6069578122.74203,172082615281.54657,8212582921.818945
2017-09-30,JP1019,21560264414.486214,571886996.6938915,23448896777.668446,709257729.7974713
2017-09-30,JP1020,36590403381.59979,1071640767.9209057,27353594024.903984,2199783451.1606107
2017-09-30,JP1021,105134325820.11816,-232791303.14561144,41315437454.95899,4277622245.104624
2017-09-30,JP1022,17579805012.08563,-96926120.55741271,129409829.74492769,56116029.11700776
2017-09-30,JP1023,12321838677.601559,238327009.3505412,4972191552.791829,294615822.6918738
2017-09-30,JP1024,10140710931.571102,-7692317.3745931955,3305080623.392387,203485499.24454522
2017-09-30,JP1025,13046142888.501755,371754439.3663345,7240729616.448339,432718797.9480195
2017-09-30,JP1026,144316287803.71808,807668514.8402513,27800323873.372826,-1010392679.0358154
2017-09-30,JP1027,104718527844.16692,1678006878.7158427,34135480957.610294,643140543.0592918
2017-09-30,JP1028,82527786199.86166,1893382235.4622278,35415988646.17437,2314797356.861226
2017-09-30,JP1029,13123926667.379765,-7275783.506496378,5133495595.601531,139723357.5552655
2017-09-30,JP1030,5878970026.803953,73483015.3003988,1752996828.9459507,137077083.4957697
2017-09-30,JP1031,43971469637.51511,702399686.7357413,12997319959.064327,961710457.1146327
2017-09-30,JP1032,19192008550.37003,102816783.18693416,3095666170.4731584,280547392.4090539
2017-09-30,JP1033,43754391191.52497,271160144.7570813,18326423494.352177,1725566359.3633077
2017-09-30,JP1034,73423389844.12843,1958356958.4837484,45318643377.05299,2282633979.113265
2017-09-30,JP1035,120612376360.37596,1912354051.9468594,40839015939.35054,1638539829.3854434
2017-09-30,JP1036,93807210116.4195,2017878626.7259173,42039176770.766594,1224769064.6407137
2017-09-30,JP1037,33855118395.885883,1517244026.230726,35146116902.53,1541552313.2708664
2017-09-30,JP1038,33973200977.69914,1610073181.116703,33960670224.073418,1315359781.637717
2017-09-30,JP1039,44172073179.43007,422699014.8304173,5274203306.690458,156187696.58337024
2017-09-30,JP1040,38689133815.54798,420021071.99017566,8134677968.53224,515299292.7407737
2017-09-30,JP1041,62801524206.24384,306780031.1207961,15988977066.664656,464998076.1848544
2017-09-30,JP1042,80246960932.89621,2242076100.8498983,86868184403.85506,6334201096.159681
2017-09-30,JP1043,27525316124.545128,407020077.0961942,8358992457.511439,-329050509.44721156
2017-09-30,JP1044,67736032873.10389,913012474.3435055,35829692884.9387,2164657842.758477
2017-09-30,JP1045,40234122302.45275,388705137.2256744,7943724904.584565,634006950.6289039
2017-09-30,JP1046,46121744080.3172,87990979.05075227,24158122925.276546,1448950838.568149
2017-09-30,JP1047,123210216968.12195,3130394153.1454988,44505067902.37937,2280790408.5000033
2017-09-30,JP1048,9787637307.544,28649399.380835664,1968377066.332451,80265818.83901559
2017-09-30,JP1049,17359922049.493633,99332702.18704708,5730242837.252711,312000965.5390727
2017-09-30,JP1050,10608674057.155678,-27191090.986398347,3032231003.980992,83311491.884132
2017-09-30,JP1051,6848630855.177511,107392446.99377288,1865004331.8444693,151087606.43893355
2017-09-30,JP1052,16209575225.98028,-132679941.66656272,8795931585.45817,787794835.3122404
2017-09-30,JP1053,59291135710.93348,367312197.2421856,11141773574.112654,-347340696.0606152
2017-09-30,JP1054,23917417601.106445,-260437965.95200133,5679411302.7347975,854643389.8797284
2017-09-30,JP1055,34144237266.53872,1044250891.5605755,23227981706.396816,458509966.73755044
2017-09-30,JP1056,94007472472.04309,4497054004.982966,93545479620.70695,5452237974.758547
2017-09-30,JP1057,413944155768.38885,278394139.2888033,74860545284.18785,3163954240.71183
2017-09-30,JP1058,27120918370.506073,333875116.2202704,16823961997.18892,781628434.7550987
2017-09-30,JP1059,270355299083.28784,4958175074.449315,93524226179.93272,6292759809.750472
2017-09-30,JP1060,19896491528.205208,558533923.4138465,28934613042.161934,1566749704.7050455
2017-09-30,JP1061,20683170116.070877,588080338.4001427,9534341286.616575,557449033.13488
2017-09-30,JP1062,29513137022.219738,77617863.16733104,7074654155.915406,863273023.8651192
2017-09-30,JP1063,12399810707.77803,236093739.50961912,5837195340.396091,144360876.5841763
2017-09-30,JP1064,17426456621.845093,132671233.20831244,8890694795.127407,328966578.78639984
2017-09-30,JP1065,40494609109.377815,724155298.5372201,20243582364.995728,1324169415.3814614
2017-09-30,JP1066,61892751945.81463,998303653.7691818,45722131594.35853,1416067363.9119172
2017-09-30,JP1067,247655846451.78693,4859581443.088471,35172857961.74777,604380372.6115229
2017-09-30,JP1068,8689314044.523314,-19923652.12271863,1793301252.2949114,139400063.16226345
2017-09-30,JP1069,34588389661.88733,2117511518.6365178,45948916608.802284,1529259600.9816182
2017-09-30,JP1070,10390297947.066526,559796961.1217833,12608885915.510891,420003540.055869
2017-09-30,JP1071,46808918227.101295,450533196.0489193,31712447110.518826,2066949980.9115946
2017-09-30,JP1072,33107473275.975403,416318038.9071259,15234429820.121672,211344828.6359026
2017-09-30,JP1073,12343895933.923714,109102528.1996684,4256189474.172617,320609661.55769044
2017-09-30,JP1074,90588607922.80548,752496482.455603,18223146416.73532,3351853919.233063
2017-09-30,JP1075,44168874627.090034,512694846.6764835,6059507464.514382,458846707.34063876
2017-09-30,JP1076,19804148577.409435,731064112.7892512,13007658194.300173,985367260.3370967
2017-09-30,JP1077,13135082661.30826,116710866.79091714,4848899249.822834,250683445.0701381
2017-09-30,JP1078,23191298771.405468,407135125.1064018,8723581607.217182,571887211.4592949
2017-09-30,JP1079,73877129670.17595,814860711.5397844,29750777567.05933,1669428785.8022707
2017-09-30,JP1080,74305005000.74443,634070306.3511647,16119905983.832504,605342469.9311323
2017-09-30,JP1081,41030417702.21511,1006467111.4362578,37402073894.83249,2666406587.227689
2017-09-30,JP1082,39418756430.40463,1782424784.5040443,41144317249.34064,935092028.875141
2017-09-30,JP1083,154104659771.94092,2584293977.269674,99140705595.04004,2317329454.5751348
2017-09-30,JP1084,17827823439.146008,274704967.85846215,1050667384.4754026,-470086263.38415086
2017-09-30,JP1085,14268959744.2731,14560425.291293604,3918608993.2542267,223539411.95805266
2017-09-30,JP1086,105042491247.86745,4040274758.4494476,38211235055.1046,1146680375.259447
2017-09-30,JP1087,36436542103.049164,229313448.35000163,6504573452.245282,319828839.7015258
2017-09-30,JP1088,129877946190.2043,1236162263.2802944,30475847858.43279,-947386890.43665
2017-09-30,JP1089,80997767590.65839,347611423.64347166,20330132309.590008,471704154.8739428
2017-09-30,JP1090,35234346129.39893,399960575.0424323,22803368397.95511,1375590633.7989862
2017-09-30,JP1091,56788070669.464424,-57098601.900807984,5843949001.77511,857915606.5434413
2017-09-30,JP1092,226893651624.3868,1269043439.5905285,142592689049.7166,5286601643.899647
2017-09-30,JP1093,188239933711.9277,-758360292.9745663,104675161896.91032,2433428391.5781493
2017-09-30,JP1094,28491939851.206665,626701524.9833506,19775445373.338615,380342354.5027111
2017-09-30,JP1095,31523295144.89642,1451270886.2749763,30562551906.066658,2038337463.7444782
2017-09-30,JP1096,47861067351.68795,1265830135.3369026,54487395115.18408,2078563599.412664
2017-09-30,JP1097,11298822365.448837,566319699.6512654,11816410170.831429,456533680.37943846
2017-09-30,JP1098,41628600449.32785,86481953.03080438,23170131893.644142,1453806672.000658
2017-09-30,JP1099,26661718965.804913,875665804.7923864,10703277559.069437,371327154.66695076
2017-09-30,JP1100,51133044515.79532,1796046187.2783964,25955323598.08914,-14046373.60481627
2017-09-30,JP1101,40277269863.48688,713251749.0044669,9792555996.69891,271084618.6165872
2017-09-30,JP1102,8216469362.233623,270377911.94333506,3957602565.198541,41511946.39499293
2017-09-30,JP1103,7939527874.188261,52650599.86714394,941542335.1269417,111956104.6179807
2017-09-30,JP1104,8695630594.849648,311975117.80262727,4484291443.039055,268962688.0263654
2017-09-30,JP1105,19556358490.417747,507355400.53345925,14969173651.580307,210751463.6349627
2017-09-30,JP1106,16585840654.785812,1455578498.4468353,31029712551.10799,1852665631.5155451
2017-09-30,JP1107,242397435309.44302,10195094340.051025,287142128566.21466,13649643778.55698
2017-09-30,JP1108,89210862597.72012,3784433750.9255886,30147305493.656487,-201344607.31202638
2017-09-30,JP1109,8329678662.727628,239511700.91078672,6233189469.658713,372080688.2472081
2017-09-30,JP1110,65198954568.85397,-822856151.1560357,10656450337.026178,-653317313.914321
2017-09-30,JP1111,34289380563.38574,68615934.4440128,8466645313.839825,175366316.66492534
2017-09-30,JP1112,22615378513.682144,299608298.57823944,17284293892.665432,533479974.2402413
2017-09-30,JP1113,38489013617.56165,984970985.0598559,35805764517.980995,1707791375.4685075
2017-09-30,JP1114,71627368088.9511,-5021302.464107239,22808261984.30204,671785079.658973
2017-09-30,JP1115,28258292443.127125,285137272.3182888,10345982178.344336,277435450.9293485
2017-09-30,JP1116,94010055860.90292,220667688.39851376,1.0,1384534482.4885938
2017-09-30,JP1117,15439064452.268082,-567028.5296295506,5847926876.828052,126244649.57377107
2017-09-30,JP1118,96794496828.3452,601555120.0094504,9907466625.874987,518755289.95635575
2017-09-30,JP1119,466243092770.5278,10037163009.333988,191795449207.4176,11248171363.556185
2017-12-31,JP1000,37056432997.01556,239677455.43489698,8089659194.527761,453985579.29202807
2017-12-31,JP1001,63150059393.95758,1130979755.9308026,30547385453.85301,711006508.2243744
2017-12-31,JP1002,219292811479.7945,1910075515.7281718,60415308899.61767,-148263933.3585425
2017-12-31,JP1003,17200672055.62551,279310913.5236972,8055636082.578159,555595085.1462358
2017-12-31,JP1004,14001012485.99895,1287517447.0492404,21790289596.44587,670176185.730152
2017-12-31,JP1005,160257962913.96497,6096158253.536625,88573223299.69316,2377063223.0875535
2017-12-31,JP1006,11101238082.341156,555147126.3743635,12627280793.657574,704840207.2561365
2017-12-31,JP1007,14738089100.0626,-43781574.62556908,3494541598.052593,-92704394.44718778
2017-12-31,JP1008,39318060495.68381,114510646.76066326,14626034349.581314,666577324.2461776
2017-12-31,JP1009,62977871660.844894,2063294368.5265062,28483364936.173412,2858100273.282558
2017-12-31,JP1010,57054904965.40018,496444155.23956555,13721065782.556604,878582215.6829115
2017-12-31,JP1011,248534344395.78357,2359884859.444848,47849567890.6022,-194365517.45422667
2017-12-31,JP1012,125516217006.89508,2728344517.691618,63119242518.24281,2316673402.8750925
2017-12-31,JP1013,118430210781.20955,653449215.0874677,33221156156.48616,829846388.5203214
2017-12-31,JP1014,104358189786.60365,-395150483.1483673,16154869737.522415,533109555.2398297
2017-12-31,JP1015,344626346790.29114,1847785694.3303943,111715299003.82922,3289476660.8854723
2017-12-31,JP1016,48527612176.88952,459248374.6287552,18654600825.023056,353501250.14012724
2017-12-31,JP1017,4850590564.6524515,91494609.11253105,3248180225.3503294,96496622.76043512
2017-12-31,JP1018,221543974570.50317,5778169821.542844,204159386928.31073,7407187579.417549
2017-12-31,JP1019,15987544155.833927,1186100289.3035944,27615279790.693386,1619131682.6575625
2017-12-31,JP1020,36530451311.040375,674382067.1455562,25665054546.613213,1312869656.4304543
2017-12-31,JP1021,88677846431.16876,-600752697.7321191,25038344043.462597,5553825375.433573
2017-12-31,JP1022,10678766867.588776,83274996.41280417,1.0,-104670853.19389555
2017-12-31,JP1023,12239468717.485312,178297453.93815774,6985842986.094065,396056061.73212683
2017-12-31,JP1024,6739428716.377401,-53565125.14955261,2064845891.6887548,-99397700.59993102
2017-12-31,JP1025,16073796497.816088,225096316.27742425,6032624936.196873,62508148.312662594
2017-12-31,JP1026,74710879107.68646,235576410.73376435,19732703825.344807,635486612.1024787
2017-12-31,JP1027,81520196350.10602,554152770.0643584,26788226271.258316,-15227231.359464232
2017-12-31,JP1028,56584368668.10821,1210813070.9653676,32449567319.401146,2468671642.553162
2017-12-31,JP1029,13259448892.489431,160855346.22706458,5544102467.265948,467503451.3831917
2017-12-31,JP1030,8915492005.54506,-33634735.71134092,1739800613.188887,38054225.671817936
2017-12-31,JP1031,23548173204.139942,1040005687.2161177,13913706993.34594,25975018.32421565
2017-12-31,JP1032,18079700421.386738,86764507.76255263,1917264366.4171784,51514674.058240674
2017-12-31,JP1033,42241256728.378,476936994.76676416,18963379937.16015,1571053445.4214163
2017-12-31,JP1034,143260795699.34546,1159586324.3680613,37385808902.07845,2201087198.7594266
2017-12-31,JP1035,66029062884.89473,2064453253.1083627,32797533658.46583,2057769027.790605
2017-12-31,JP1036,86948961998.2428,449715301.9754637,54785255081.20514,4204240593.3793488
2017-12-31,JP1037,36548510030.74002,1410761909.610064,32182910922.529842,1380555763.2685506
2017-12-31,JP1038,40304599816.422516,-128287011.32909821,31579282992.162422,1043677544.8949873
2017-12-31,JP1039,29910555855.893673,-60793307.112402245,5233464158.826128,-161992236.4793021
2017-12-31,JP1040,39819585447.33079,-175771336.5456891,11980408226.522097,-229838737.46799845
2017-12-31,JP1041,43891901139.488884,-549636490.2497253,12693643252.914356,397326337.5421998
2017-12-31,JP1042,95955826277.39294,2827478661.5860367,81118409523.13768,4200629539.7816424
2017-12-31,JP1043,32572467086.764797,1091204578.5459313,8593726158.901505,534171555.04361296
2017-12-31,JP1044,88643007573.3136,1073519762.1409266,43323910225.71609,1617912059.924544
2017-12-31,JP1045,37710165736.84892,286581528.8945267,8559141170.588702,-19078874.34164205
2017-12-31,JP1046,87054148724.32816,1140308281.5821333,22425662751.746117,1011261393.6144116
2017-12-31,JP1047,72506904271.86876,2551099552.0736337,52202488567.22069,2371420320.0884566
2017-12-31,JP1048,5716861240.971198,58934156.27868337,2548678358.9175925,161323219.6772653
2017-12-31,JP1049,13615076338.628561,-9122761.194930078,4654540629.087185,238090532.2881095
2017-12-31,JP1050,8855482543.405407,-65669715.818973966,2449570984.58531,273604186.81958026
2017-12-31,JP1051,4063340877.021288,83569762.4974502,2331881345.0448813,100590379.01098925
2017-12-31,JP1052,13607074480.83945,472552495.5156885,8855898790.436754,225669007.28060538
2017-12-31,JP1053,70146343727.6642,-587093337.3069221,17710963716.842575,72359516.68801351
2017-12-31,JP1054,27595571645.57107,376669280.1084799,6617362281.053541,141074076.58305338
2017-12-31,JP1055,53730652658.2881,333660376.34709495,25565247982.018265,1566780429.5558548
2017-12-31,JP1056,167982337240.59915,6824967457.598898,101371764112.2755,3745814337.8609724
2017-12-31,JP1057,307415449783.58,3814140110.6074386,65710921711.939384,3927843536.84548
2017-12-31,JP1058,49132616947.037506,508285823.410426,15905789466.141872,1164231407.4209623
2017-12-31,JP1059,377609048481.01495,2840840104.4209394,81989012709.13887,2154460023.358907
2017-12-31,JP1060,25102839383.03923,943410070.7053888,27737098305.607044,765648228.3743023
2017-12-31,JP1061,19145039290.67838,410835904.65918314,8540641400.315664,730112716.777144
2017-12-31,JP1062,18820020624.925606,335184831.4660884,8143125514.841106,397948638.15344715
2017-12-31,JP1063,14454204195.859327,295520297.284544,6645594788.537615,346686765.68844265
2017-12-31,JP1064,18194981852.33015,580612417.0616125,9413257521.832756,452925501.98683435
2017-12-31,JP1065,35828936859.2175,912344539.028245,21719079338.9799,1000806596.8688788
2017-12-31,JP1066,129148238949.74382,342018662.4275847,47362354795.090866,1040760232.9856564
2017-12-31,JP1067,325502782129.95667,-666998323.9051785,66935517055.69998,-1775396344.655091
2017-12-31,JP1068,19824634147.42832,50842797.798004165,1948149560.8523211,155304581.68585303
2017-12-31,JP1069,40051594071.3071,1291573105.4744914,46182134301.09864,1106080341.1496797
2017-12-31,JP1070,6646825127.132037,323256359.2781272,11588873651.682333,530960978.7247542
2017-12-31,JP1071,56193306984.52471,1544323849.355292,36995078430.412346,1318197133.4255793
2017-12-31,JP1072,28862040599.3844,447694630.50175714,14917513210.827774,772042434.8124673
2017-12-31,JP1073,10340366193.88044,247527641.7693946,5300963761.353167,343040953.7209972
2017-12-31,JP1074,131603356439.08902,3477057.1325090057,25643504639.405693,978933885.3445379
2017-12-31,JP1075,25744455283.779488,45289661.57400236,5674440251.120417,384167203.2252824
2017-12-31,JP1076,23104806235.60184,60355602.08455501,13408871448.157879,1097472606.2359815
2017-12-31,JP1077,16870494177.55431,223428530.35231617,4606771604.100166,258064575.2886436
2017-12-31,JP1078,28522701925.292145,160786129.00526476,9757380832.037115,350390567.797445
2017-12-31,JP1079,37684982156.20555,27831179.50682403,24818497703.795002,602314310.4233772
2017-12-31,JP1080,41706116135.15483,63002829.0865993,21367239210.804535,1693055912.6653109
2017-12-31,JP1081,62990039672.80629,2307407622.3127303,46854434688.52586,2256147710.7319007
2017-12-31,JP1082,71537443625.75098,523012137.6660605,39954359913.329506,2163216427.0070686
2017-12-31,JP1083,143360845746.31354,4674742450.798217,100091604410.59741,3704398571.62809
2017-12-31,JP1084,21570063918.602776,78423825.03781028,766127424.3506173,-107441800.1162811
2017-12-31,JP1085,11383114050.323847,-34401012.010845445,3697322525.192017,63051781.92586426
2017-12-31,JP1086,86594300042.30534,1947613047.584886,31056635753.86492,656592067.6653255
2017-12-31,JP1087,20680578867.371677,-56241782.76696504,7523369391.801696,208649087.11439604
2017-12-31,JP1088,162537437532.6707,-1716607204.695629,28137167014.86755,1408240578.5779939
2017-12-31,JP1089,56975326165.35466,753831265.0577966,21480208568.71036,1250900855.3016005
2017-12-31,JP1090,34650410887.31712,493882326.1550247,27517394784.787064,993683579.564135
2017-12-31,JP1091,60295790180.1122,369536080.723387,9946330295.645164,583984680.4945023
2017-12-31,JP1092,286700754181.0363,4613097801.117073,142829459592.3519,-412994429.5890197
2017-12-31,JP1093,274918127753.04517,6562390944.12777,101446766575.68452,1688130721.2309287
2017-12-31,JP1094,28290285990.43023,643249782.9689957,18853099335.394527,1852948504.15933
2017-12-31,JP1095,38226110715.77027,826301234.5436522,34164956422.50437,2012623341.7161422
2017-12-31,JP1096,56549987401.727974,4624663914.932894,65581698000.708435,3508993694.9809146
2017-12-31,JP1097,12281452761.924593,603997172.6998105,9779700720.603119,349183676.02293456
2017-12-31,JP1098,85468757693.60518,1650807823.2757983,20503860703.776802,15414072.166254878
2017-12-31,JP1099,32751647397.020355,616039664.1478258,13719996152.024958,536599398.0736502
2017-12-31,JP1100,30385166729.777546,521257856.8449907,21708442578.149563,676658351.2332617
2017-12-31,JP1101,18795774257.28896,439128410.58761466,10440634119.979433,279011529.2833358
2017-12-31,JP1102,8855256537.348137,120255172.44952644,4844004746.755922,280552937.55958194
2017-12-31,JP1103,6825105469.0933895,79092883.59362169,1324123193.7905376,34458560.15197415
2017-12-31,JP1104,19463528540.94057,414035404.1321155,5770807998.938374,293994904.1803391
2017-12-31,JP1105,13210384290.63396,398754026.60159075,13510637911.835909,1168279504.9176078
2017-12-31,JP1106,20227776677.728428,1119062553.9273355,28602988254.669846,1889064584.7233398
2017-12-31,JP1107,198361776040.94125,16154832255.611969,231175717985.87067,7729577661.711283
2017-12-31,JP1108,147717100821.06012,9290572.732951434,35768946923.340675,-602240108.1470004
2017-12-31,JP1109,9655123091.068365,329919432.29427,7960543197.3303995,408244710.37189305
2017-12-31,JP1110,101180407750.53354,-168391919.3106714,10783875073.202257,-1031149942.7534469
2017-12-31,JP1111,30700173494.677025,411042574.1354598,10339247501.750433,-47895631.47148505
2017-12-31,JP1112,22787373411.833183,464470984.3553431,15206871929.015358,940436447.0243918
2017-12-31,JP1113,28510484763.58377,1280180663.4798324,33287052959.26758,2132300490.291399
2017-12-31,JP1114,103636553390.29985,462424875.0061477,33953657894.269783,383412602.4074881
2017-12-31,JP1115,31471635708.204144,7562764.725452646,10536970489.525717,600982062.5041603
2017-12-31,JP1116,107876685251.65152,-446199343.4283049,14589589925.255281,-1231397804.155299
2017-12-31,JP1117,12435578723.601852,190338297.83998817,4635849916.796519,11853646.64929425
2017-12-31,JP1118,94598935997.38585,290465965.1086774,12849339270.459549,513317774.3760943
2017-12-31,JP1119,487786432418.61316,7562721089.094345,153831546326.34048,15807542032.409374
2018-03-31,JP1000,43927670354.489265,416099566.88702446,10911689324.839775,-18870275.524789523
2018-03-31,JP1001,36208043589.03577,1075407848.9223113,34551530531.97354,578508411.5613457
2018-03-31,JP1002,197299170402.22162,1493876733.5141368,49596458449.41543,3463791533.198502
2018-03-31,JP1003,32154653063.69524,420139746.4385056,10887678803.97933,340399909.5280564
2018-03-31,JP1004,18708163807.455616,344810135.5031657,24994628575.319275,1437486930.6781986
2018-03-31,JP1005,133119313076.96902,6994740225.875213,124280767059.48329,4421479773.878664
2018-03-31,JP1006,19789373329.626785,859154712.9563109,18074306492.39712,875723103.6945711
2018-03-31,JP1007,21445161734.108475,220522269.27766955,3269442770.808435,-81798474.0198518
2018-03-31,JP1008,47872981105.65688,383974123.9988735,16382375572.401194,599419876.3903385
2018-03-31,JP1009,53217765994.3609,-1486260892.9387438,33114637275.12792,450926773.0974143
2018-03-31,JP1010,60129007259.76669,295174154.7315695,15287849497.37208,313985429.2630979
2018-03-31,JP1011,276202058219.48926,260037264.25356737,33649962792.871624,2270055365.188279
2018-03-31,JP1012,114624772417.97267,2908056260.3165255,59787140926.122894,4138270264.572838
2018-03-31,JP1013,199974396088.40793,2499824151.7425675,39343688710.98207,2239115331.300538
2018-03-31,JP1014,52498165180.505806,1216042698.7825003,8791980106.428677,31375847.081985828
2018-03-31,JP1015,262586993732.0061,3251663930.7796326,116568677784.7,14015500792.882032
2018-03-31,JP1016,53088136851.20834,465297383.58184725,16162517086.568502,11233194.880078694
2018-03-31,JP1017,3258494993.612038,49442850.34476398,3741159317.3258896,158657094.52492416
2018-03-31,JP1018,345814097255.69196,5439540503.237872,216964531395.28824,6522812938.874883
2018-03-31,JP1019,23337290436.994854,1131714495.2135541,24630814904.679474,1300735679.5013344
2018-03-31,JP1020,26567219555.25811,-104794359.87517253,25518026847.759323,1608186750.7367725
2018-03-31,JP1021,112187988625.0384,4312264627.144781,27189491459.330738,499411242.5672878
2018-03-31,JP1022,14486194894.664816,23592498.97908703,1.0,-108627373.76509027
2018-03-31,JP1023,15553857102.474,259744358.90884587,6837497551.954286,388971368.23919064
2018-03-31,JP1024,6640268051.018969,56662630.56793355,2223571212.3624806,29213190.15071526
2018-03-31,JP1025,19282830076.03277,176370040.3463282,10124115076.521608,-78741658.85535224
2018-03-31,JP1026,96794437591.03967,652648133.1222696,17403261475.448776,1906054839.2248795
2018-03-31,JP1027,87824794468.3583,39935125.56684733,38271233998.83659,2458030643.6171517
2018-03-31,JP1028,53013051315.065994,1168880035.896426,36873184955.31029,677504204.7806144
2018-03-31,JP1029,13471052958.997112,263935469.0020797,5493393882.753091,233920267.5174791
2018-03-31,JP1030,10724233603.241014,9520272.616135621,2038980351.9762933,42818191.78786799
2018-03-31,JP1031,37725838380.0883,49389502.765046604,10798333547.715355,395902215.36287546
2018-03-31,JP1032,19735515788.797295,72523444.11302277,1854493343.2258933,123065260.59343253
2018-03-31,JP1033,33175105091.49012,1067889141.6566788,22519631323.388287,873522169.4768308
2018-03-31,JP1034,83067751970.50562,1392676585.522842,31101837618.708508,1560173914.186492
2018-03-31,JP1035,82821992734.36034,3212658386.5213866,43009265489.25974,637762443.3866829
2018-03-31,JP1036,86715924998.36913,-117810943.75627084,46539318555.55168,881285773.5497738
2018-03-31,JP1037,26710107085.44033,548785770.3769801,31216296304.990555,1318493828.5818362
2018-03-31,JP1038,78922519373.87512,918462829.6962683,31921190524.02404,964757883.5809181
2018-03-31,JP1039,33122509321.90295,181128198.09986055,3081090706.0749135,253931354.3653922
2018-03-31,JP1040,47527739163.20234,191212921.05636108,9527100296.579378,650042658.4319686
2018-03-31,JP1041,33564231180.580437,268065713.28320122,15978441980.786898,717665123.8260816
2018-03-31,JP1042,64833156519.875244,905618736.8470631,104197655099.60994,4274655315.661853
2018-03-31,JP1043,49314981606.27755,510010166.64870703,7661486306.143737,-411912253.4618014
2018-03-31,JP1044,75276049894.12048,1730613460.7979398,51931880388.34691,1401339345.5060265
2018-03-31,JP1045,36686690941.6632,310513321.5988585,10359507358.817764,256870112.71236548
2018-03-31,JP1046,57728386702.354614,965188142.0714489,25907558313.91452,804418605.5472308
2018-03-31,JP1047,43244630320.418304,1353823791.6471505,44415917380.60397,1057685156.4755518
2018-03-31,JP1048,4670330788.256918,42950692.94602665,2216977206.7578096,104091933.73841408
2018-03-31,JP1049,7594630380.569983,-37579592.515823975,6544420911.9412155,232402406.10665032
2018-03-31,JP1050,11380013816.080864,-36748004.55286287,3281018218.905543,99776049.88205142
2018-03-31,JP1051,4571628028.345855,16900223.446517467,2121129824.061352,189018338.02044702
2018-03-31,JP1052,13836484616.20534,484211043.0167668,8780410368.925453,310019658.2798897
2018-03-31,JP1053,61884408129.44357,1513346969.597247,18137019456.592926,-12345070.465117168
2018-03-31,JP1054,27131813070.840576,548395690.3416157,1852706934.9102123,364488730.9369701
2018-03-31,JP1055,43267496939.378975,420218509.0062498,23285585809.61663,1265351013.4066863
2018-03-31,JP1056,100449251046.81284,5424622898.992855,117466811317.98305,5155151885.615745
2018-03-31,JP1057,301367143907.08325,4062460972.320845,103998410829.56432,4818788123.321378
2018-03-31,JP1058,40595251275.43113,717497754.8572916,23399673855.272568,186427329.94261613
2018-03-31,JP1059,143265900649.79355,2965831508.969137,85139265108.8673,-455175522.08002454
2018-03-31,JP1060,33023100013.38843,1408305732.977369,44579048909.61261,2224601803.585303
2018-03-31,JP1061,13064864191.972729,137460538.24276665,10469992829.148386,682935857.7200438
2018-03-31,JP1062,29253430349.168205,138530344.5017795,9437151895.645447,133631792.95906658
2018-03-31,JP1063,22903994162.49137,330726427.15882134,7940936455.99581,501008781.6645187
2018-03-31,JP1064,28829573886.98055,326802320.75651467,9178955843.149973,648021973.4276994
2018-03-31,JP1065,35736576090.23061,532372102.9214933,23006575966.315987,699174095.6453673
2018-03-31,JP1066,60592322288.42683,2787836906.101698,47540332166.768394,2765620954.538279
2018-03-31,JP1067,298285943096.8875,-1902316518.0346932,45210135622.88403,5029389277.974077
2018-03-31,JP1068,20012114724.29269,28202127.934246708,3697394839.7951937,67055093.7156332
2018-03-31,JP1069,74188530560.99387,3211015789.3487496,59566196253.534805,3572014277.7756743
2018-03-31,JP1070,8071484365.213344,648729968.5591402,12686987110.177797,470366183.6605286
2018-03-31,JP1071,50815243361.54929,1105468931.5985403,36274079376.61189,1573740366.252295
2018-03-31,JP1072,25218222846.731094,76979307.50841202,15689683092.72061,114374954.80832459
2018-03-31,JP1073,7159585008.335234,174458439.71155003,5188467901.073179,301321302.7695195
2018-03-31,JP1074,92756435559.38547,-1969210059.0805366,15313572707.083755,928707938.9899518
2018-03-31,JP1075,22539104631.068764,-92739751.49772611,7562956621.126862,396418377.8302448
2018-03-31,JP1076,23916741176.68328,633545322.9434841,15934981047.385386,391607974.02186435
2018-03-31,JP1077,21259303584.024822,316405288.2588805,4231060195.786942,284725278.7887865
2018-03-31,JP1078,40495124669.79665,351132831.8852415,16562406421.937077,1191291919.0323212
2018-03-31,JP1079,54183975398.95605,760722217.8043518,26562148823.89566,813009553.2081218
2018-03-31,JP1080,34722039604.31126,848186673.9060873,22931566305.71618,1448212097.7707734
2018-03-31,JP1081,60555886981.88471,137176798.95781213,40002858217.089195,2802558422.9375043
2018-03-31,JP1082,88367669089.81232,1423187415.2763622,30311001836.53961,2304517934.7365694
2018-03-31,JP1083,156882655079.12057,4682181249.96075,72173831043.2257,4436654409.027468
2018-03-31,JP1084,31542170537.746677,119138137.87947221,2687772116.9675336,-4244679.149743719
2018-03-31,JP1085,13191879316.00219,310222716.55330324,4406705281.740371,128229793.01921211
2018-03-31,JP1086,92465528622.34311,1042531218.5955672,24667357997.01284,2318539269.8766594
2018-03-31,JP1087,32706573604.866055,467755911.12574583,3402514326.512631,555994990.6390828
2018-03-31,JP1088,222178979502.9672,1661514215.6374183,37083583975.28242,2671071264.2214856
2018-03-31,JP1089,107172679343.75992,1171113164.867276,27553500844.87318,2216526975.7179856
2018-03-31,JP1090,65620248124.63345,615657399.0920885,29935374772.925713,1200049960.3310966
2018-03-31,JP1091,58946209824.531715,330231884.51790667,14108323354.243711,1465780613.8588169
2018-03-31,JP1092,230560327664.28198,8652249932.544027,123403220227.89389,9122715451.165146
2018-03-31,JP1093,346813646235.03784,2104889599.145185,152467557810.2329,3149137246.7479362
2018-03-31,JP1094,20273010281.739132,-7835338.517311825,19302129407.029873,1368809030.3184102
2018-03-31,JP1095,27416478732.406334,546374368.9100572,26947628527.408436,1119054378.4238439
2018-03-31,JP1096,61666704147.52158,1827392569.113858,73890440049.34172,2450229151.205356
2018-03-31,JP1097,14510510912.222933,151772226.40931427,15327205287.38868,563408551.9717776
2018-03-31,JP1098,96482714726.87807,1056168492.977805,29640284559.174988,481500290.36097777
2018-03-31,JP1099,22871300105.35551,77998753.80840364,11851339123.795061,998835581.6019415
2018-03-31,JP1100,58877074831.64127,253646571.22331062,24702597668.07693,1022557464.6754028
2018-03-31,JP1101,30667029483.960667,356633385.1117391,11402475220.43472,323487193.1345593
2018-03-31,JP1102,6810985399.679907,220688103.98953536,4279895472.2767305,290704647.0462322
2018-03-31,JP1103,10745271328.198236,-42206515.782691434,1435020020.1959753,23632542.5051054
2018-03-31,JP1104,8959154833.246002,131280698.28698824,7594240424.726722,301042577.0543117
2018-03-31,JP1105,18323641899.76699,382447732.99738044,14161329719.914394,115267646.89001459
2018-03-31,JP1106,31899633433.7426,1170164414.1187594,31185623276.731327,836636238.6133679
2018-03-31,JP1107,365872007100.7001,5312675980.37561,295085554547.52783,19126811436.402134
2018-03-31,JP1108,124096955108.63466,2530686851.6030645,35763011602.06694,-1207440487.416887
2018-03-31,JP1109,7748913825.384995,277635296.3195947,7908988727.991912,25289400.09020638
2018-03-31,JP1110,77311239235.59274,759488893.8063918,13653404020.815212,81510510.1598029
2018-03-31,JP1111,42073424682.296745,728546947.22912,12992580834.415468,798235197.4033657
2018-03-31,JP1112,29108812893.925472,577549186.789682,18348417071.020615,540579023.0275182
2018-03-31,JP1113,50361005838.06806,591060215.117964,42130873853.65809,2005217036.1602843
2018-03-31,JP1114,96406197148.79695,1315900648.8660383,31649304956.75706,1127330828.9597914
2018-03-31,JP1115,18838020697.988705,225638224.31374145,8226299201.346446,506216361.2242092
2018-03-31,JP1116,98708650042.22531,-467214676.74253905,12079559562.247377,38686676.100804485
2018-03-31,JP1117,11953777478.58498,158992401.97928852,4720270089.551546,274505985.95763546
2018-03-31,JP1118,128442989106.18193,-260578162.2006875,7999685642.766425,138088110.4399239
2018-03-31,JP1119,658459068228.4917,15815952345.43355,208440365288.96527,1050103816.9307829
2018-06-30,JP1000,30326199086.383762,94783509.19448188,9243365950.576677,242947944.80365056
2018-06-30,JP1001,28290450209.404953,866374749.4300977,25277427392.338745,1586930995.7964463
2018-06-30,JP1002,148411341727.9791,-257969141.67823714,57930665225.02974,4290891518.1312366
2018-06-30,JP1003,22148220268.229248,565485438.5063368,11020497522.863829,620957704.0788672
2018-06-30,JP1004,16039111398.436983,734931920.6419351,23142324862.230366,1266632609.1301696
2018-06-30,JP1005,113096930860.34067,702825722.4729942,119445148275.71443,6114740568.611034
2018-06-30,JP1006,25386818634.94444,850533257.1083248,17289709441.491337,883841885.3241332
2018-06-30,JP1007,15712875012.985508,55626410.607078955,4391797861.294942,589609399.5198461
2018-06-30,JP1008,55729607562.24867,715592027.0572778,16796473122.317482,-459828523.98575664
2018-06-30,JP1009,73997664740.9364,1537236748.0886548,24764509917.65014,948791548.7171375
2018-06-30,JP1010,48800694729.54355,342456777.3207116,14989913757.139753,1184124796.4974506
2018-06-30,JP1011,277796246826.38995,3392394282.4887066,19211804652.632156,-65557327.60591775
2018-06-30,JP1012,86698473797.55092,1011150646.9352291,53840309687.31925,2165893516.2474623
2018-06-30,JP1013,222257876283.32617,727583210.9521189,55160971804.90735,3786363879.372704
2018-06-30,JP1014,102517792721.21524,1258374981.4093997,7114704484.358007,-23500309.32211111
2018-06-30,JP1015,359802702105.888,4222045881.445337,147575073952.7861,-66867111.37899521
2018-06-30,JP1016,32862069610.658268,550266445.1894656,16079342657.141665,419807313.4473199
2018-06-30,JP1017,3922146636.873942,118971456.411706,4264502948.156675,112353458.42170413
2018-06-30,JP1018,363722005536.6899,9531662011.495974,179685335298.4363,9285390783.643188
2018-06-30,JP1019,33095867158.238144,1237119106.589805,30238449463.992214,1235060772.6949599
2018-06-30,JP1020,59634645817.38607,785512850.5370632,28805133084.029705,1396403505.5931528
2018-06-30,JP1021,177997442030.1682,4808126509.35117,39248933071.05541,1938775441.8370762
2018-06-30,JP1022,9719643161.444153,117158304.37621997,236769578.70351547,-39645583.44731794
2018-06-30,JP1023,13003914637.018595,246167961.80451024,6326497922.672985,468194625.47412527
2018-06-30,JP1024,8719207532.412659,140859442.9747193,2184783502.597673,39050632.259648725
2018-06-30,JP1025,19574356685.358143,448223078.41696554,8929812381.685583,183819878.63228732
2018-06-30,JP1026,91004310525.35948,24419123.42719821,18824911074.932846,987990273.2901454
2018-06-30,JP1027,63131022495.09023,315562920.14810854,37185659158.77526,2401480059.55381
2018-06-30,JP1028,137490592716.87903,1881967151.677452,46686326411.72003,1954245830.665162
2018-06-30,JP1029,11122596538.859703,260785734.67499477,5737772841.935581,307370888.5407344
2018-06-30,JP1030,6700454529.611205,68932454.8555683,1483420909.8607802,59251029.79280791
2018-06-30,JP1031,59550466508.8324,-240840672.7984644,16021148257.063292,690402045.8762711
2018-06-30,JP1032,24006350767.069393,73726717.93639205,2607889367.905347,-71508878.22095591
2018-06-30,JP1033,43490816557.979805,443976968.02581215,17377396770.38979,733656358.2491417
2018-06-30,JP1034,81930080818.55876,169859809.16099733,34414337006.790054,3318628929.9464946
2018-06-30,JP1035,79688202082.82375,1702466960.5423758,39001674357.19331,2073016567.4244235
2018-06-30,JP1036,122019847192.33093,1904238716.8095105,52817125279.52331,1980946326.53228
2018-06-30,JP1037,47312025790.24987,1634378827.333828,32791682981.220024,1653659752.3908858
2018-06-30,JP1038,39802249942.1006,817035891.757575,28296935823.548687,977858416.1602062
2018-06-30,JP1039,25362474642.980125,237954688.76789483,3773206515.1411004,598240932.1154641
2018-06-30,JP1040,62189456570.85047,-31226911.76854057,12037353569.458254,844434486.3426852
2018-06-30,JP1041,82624543554.20781,-53567983.96173158,25966844995.779694,1192531383.010857
2018-06-30,JP1042,59467446812.90616,3498550708.5672083,88664033821.40273,4239920704.7256513
2018-06-30,JP1043,23567544864.65737,262741575.1636171,7149995894.243924,242786458.0277836
2018-06-30,JP1044,90316560574.69038,1333271789.6622508,47468902102.70851,2879346092.1094847
2018-06-30,JP1045,31573109467.038795,47200028.63619506,7548547185.735149,100146680.6855373
2018-06-30,JP1046,49956071503.94275,1028520503.421944,21250040171.126137,1262647503.9188714
2018-06-30,JP1047,117263302029.8718,449268541.5982803,56583227373.656624,3780510069.7865567
2018-06-30,JP1048,4725171184.593346,202096966.6675647,2320877663.1512012,11615344.363598976
2018-06-30,JP1049,12509464963.886116,271254858.791678,5048988203.622649,267992891.03131253
2018-06-30,JP1050,17931882155.76225,112741563.53785287,4466136500.370641,248969246.91736406
2018-06-30,JP1051,5177802489.628313,88045363.80869435,2144349340.9442313,110472933.10509439
2018-06-30,JP1052,17893163785.07642,189512944.36030993,7509551840.895181,742215198.5558442
2018-06-30,JP1053,104716265323.653,-824101471.4637245,19595793961.103214,1654005467.037179
2018-06-30,JP1054,40549671046.968,-82089957.01532441,9241117826.874453,279739916.72655565
2018-06-30,JP1055,48969073387.396675,399307422.07706356,15096291449.038893,775332792.2168093
2018-06-30,JP1056,124030150459.80135,3054675729.3929725,95339499795.18184,5595302163.414936
2018-06-30,JP1057,268834620309.5154,2074773112.632324,64482651475.90434,1059527762.7608174
2018-06-30,JP1058,19703198610.775715,731586421.8235903,15299276117.709244,502383443.7201751
2018-06-30,JP1059,220907842362.05658,1758100825.8544824,102437090849.69194,4404458254.235225
2018-06-30,JP1060,34360609084.46656,169844234.0904282,35660768787.04918,1364015822.9023635
2018-06-30,JP1061,17589042801.193703,642554254.7677274,10065522616.054697,575281617.3604683
2018-06-30,JP1062,23527397901.1235,346096133.9966176,8262845057.614346,439084567.1150134
2018-06-30,JP1063,11637039691.161991,300531504.07857805,5426008496.027212,221849701.92333454
2018-06-30,JP1064,19305396358.74684,280948827.563712,8620435269.680908,48010410.611159906
2018-06-30,JP1065,28353910062.44892,746981233.01036,20900036247.05345,1139542271.3910506
2018-06-30,JP1066,136270247521.50937,1493053341.3363502,50809693274.57366,3226064090.282335
2018-06-30,JP1067,204219900001.08817,630540910.0914894,64051842184.14194,2950940073.7953343
2018-06-30,JP1068,13791573827.607153,56394892.35758487,2167747374.856576,-5716396.589617718
2018-06-30,JP1069,62588661311.26667,2157116596.577769,60152308497.680916,3006835670.806508
2018-06-30,JP1070,9692288199.009037,415465286.92606795,11482604579.562504,794917549.7261636
2018-06-30,JP1071,52339950178.276566,774596654.1014683,25758332030.913597,1966456499.8145463
2018-06-30,JP1072,22018008822.53836,80104614.9915012,13524939480.628382,713928125.3372278
2018-06-30,JP1073,9838272219.808805,255857022.9063443,5163040752.8228655,150209661.45396093
2018-06-30,JP1074,103887965700.81029,1368327950.652839,20875558722.036537,-1190654219.848771
2018-06-30,JP1075,29840616232.868782,49081369.9592741,4174988001.840033,266666566.5222293
2018-06-30,JP1076,19652853519.173435,927706353.4219495,14657402583.204885,811767635.9075724
2018-06-30,JP1077,16337634290.623362,91083767.38245836,5381620403.022318,416988933.00815344
2018-06-30,JP1078,40074732907.23599,1942387.3976750383,10322603346.894753,214119435.05663022
2018-06-30,JP1079,83488270168.23169,-258470307.81046554,32592538765.141376,1595177908.135883
2018-06-30,JP1080,42851808161.43529,456625117.211601,20311073120.645054,862876734.3372775
2018-06-30,JP1081,33778596903.78835,864395164.9776067,39671351186.21625,2815493270.5433846
2018-06-30,JP1082,87761414020.64583,1855790628.4091349,32174805127.23926,463612671.7038981
2018-06-30,JP1083,134060530249.79506,2046581466.03493,114965025849.86044,8039295449.12489
2018-06-30,JP1084,26597647427.267998,-179757978.68118808,1.0,-348136529.57843405
2018-06-30,JP1085,18336211841.97992,194449035.31529418,4853305160.043035,175294474.66446024
2018-06-30,JP1086,89181639530.01129,-479789876.3950332,48815867301.680664,3646067614.0871763
2018-06-30,JP1087,22459859201.014263,-337493369.5389994,5895888606.675126,174035354.66138422
2018-06-30,JP1088,158285449364.46335,1888855477.619754,24680565254.201637,2746320434.8577275
2018-06-30,JP1089,80763419445.62903,1388822398.8962188,27925833656.892868,1953037052.1484172
2018-06-30,JP1090,31920341608.77245,1356190206.8902156,27003910122.618366,1364548749.3024428
2018-06-30,JP1091,79464281030.7668,-219490930.06255478,8238247142.97314,181749370.5460387
2018-06-30,JP1092,239753243976.11984,1470403104.2579567,143040638356.24768,6785014550.822846
2018-06-30,JP1093,328102001735.318,880774346.8723121,91945635621.38484,4198817990.719334
2018-06-30,JP1094,27125953561.046143,526818105.8491588,18172940452.304478,1042351384.4853654
2018-06-30,JP1095,25077660169.97136,1148269248.3329654,33459090580.41015,1563993735.0814006
2018-06-30,JP1096,95690515409.89821,696321129.7812914,49518181098.22707,2197422348.299178
2018-06-30,JP1097,10429979519.86731,-87266108.34242043,15869232810.795025,768443566.2230779
2018-06-30,JP1098,74259907609.9739,596139336.5930228,24051513729.486652,777521046.771381
2018-06-30,JP1099,41400110496.995735,525036163.4034714,14327189734.01161,622722618.5603794
2018-06-30,JP1100,69851197901.44337,822660556.3837045,19554210448.926266,1167639466.9155188
2018-06-30,JP1101,36019567863.28156,313391298.70283467,10030993127.023401,237939123.13183415
2018-06-30,JP1102,7779094506.701133,36706566.46816464,4066284257.121891,129636671.21421328
2018-06-30,JP1103,7396728516.469738,97534493.27019168,786137356.9892688,40712867.553516105
2018-06-30,JP1104,10854830092.09319,331274079.59524304,7691501979.001756,276997868.7496591
2018-06-30,JP1105,30104865473.765133,463864096.14290684,18173148421.200222,453326040.1430698
2018-06-30,JP1106,24366961969.6279,1281939588.9722447,31077240766.68326,1344377014.3588867
2018-06-30,JP1107,401342323242.52625,2929322889.2856054,247377510788.17792,14574245485.594915
2018-06-30,JP1108,153028820710.28204,-172092133.5565257,36376919282.75513,513149367.0642307
2018-06-30,JP1109,11546727880.629614,391926750.7259111,7154342870.405618,498761789.5088109
2018-06-30,JP1110,62329954176.7834,306755317.3894094,17014308002.73285,1145911252.7316768
2018-06-30,JP1111,48599669067.73463,136590566.23878527,11795623599.718533,306826685.7535425
2018-06-30,JP1112,30797710528.895824,1000947496.9087561,15468833366.773153,150252336.4431017
2018-06-30,JP1113,54088549923.282394,1669357031.6956596,38772320704.41851,1720823944.595609
2018-06-30,JP1114,48623543013.52867,901167445.7917933,22232038535.770622,1059648960.3141292
2018-06-30,JP1115,24123128130.38182,-691886779.5769933,9903060817.73864,442269964.0519523
2018-06-30,JP1116,173263560316.88623,-591094905.5461917,3386485189.636526,37593379.17633238
2018-06-30,JP1117,16353239423.470669,279645325.7722804,6540197828.549745,558708158.9003834
2018-06-30,JP1118,54928379147.9817,103433216.5901012,12112277903.638529,294374291.97379285
2018-06-30,JP1119,655354517816.3817,6842167291.989509,187840262813.886,13870085894.940926
2018-09-30,JP1000,37520967896.7155,799692533.4856688,10465109602.636948,496709597.87240654
2018-09-30,JP1001,83059704296.10724,2105721623.70656,44132910431.644936,2909814768.5389714
2018-09-30,JP1002,103932718302.51076,1229541212.7597613,59634978723.45833,3374274949.807793
2018-09-30,JP1003,21540464475.353134,135034495.68793485,10516685014.41629,553239379.6060448
2018-09-30,JP1004,17786069726.946873,499156098.9241121,22343331720.557602,1177906608.5556808
2018-09-30,JP1005,173219347319.1377,3787008638.9798,115849118513.05168,3912341493.3168426
2018-09-30,JP1006,30113928590.98055,1036823425.3965609,18938200059.639244,899340950.8717512
2018-09-30,JP1007,18355571300.50997,257022487.26557502,5794814409.190332,261755699.17997652
2018-09-30,JP1008,44715959592.586525,-243665708.23328146,15225544128.71849,556519171.8518624
2018-09-30,JP1009,76653893780.75677,852802236.906025,33439284091.623604,367226690.0505769
2018-09-30,JP1010,42457755188.97661,21107764.70485365,15748978761.68791,1245732359.7007155
2018-09-30,JP1011,157890224538.0639,-1272688205.9413536,32494225172.716698,2449432540.241785
2018-09-30,JP1012,65267649065.04318,221769110.98009533,50513831334.20806,3093107890.5449877
2018-09-30,JP1013,167415011595.99374,622994046.1752355,48176959125.43223,2070756392.5053997
2018-09-30,JP1014,76689709718.99512,-863536079.3988811,7846965251.486145,1662947675.8607013
2018-09-30,JP1015,327745337296.53906,-1296674543.8923683,109689176743.06866,5314209565.605463
2018-09-30,JP1016,57654533845.610245,963762522.7855409,19457842915.69513,1456714741.0126505
2018-09-30,JP1017,5980765916.7227545,117743758.69137298,4171099273.544733,234672719.6747182
2018-09-30,JP1018,404515718971.5372,3589451288.4346175,193912575623.9424,9016404822.847124
2018-09-30,JP1019,29078054495.17309,1110962896.9993575,37045578857.730156,1859474480.8474104
2018-09-30,JP1020,84752397138.04462,673743755.9309447,28821075293.572033,1454625791.4738405
2018-09-30,JP1021,184299666454.84418,3863950554.5246973,48004960701.49462,-157628310.4951947
2018-09-30,JP1022,11145302997.620373,-5459590.435943718,691926376.701075,-136985916.2241755
2018-09-30,JP1023,10920747354.258875,381682464.52632886,6777970572.480422,176482098.3800404
2018-09-30,JP1024,10690762850.275745,58735734.89641877,2547523018.8601136,238873904.9952428
2018-09-30,JP1025,16631260285.99582,-23624046.972075354,11003146182.664303,446115480.0399597
2018-09-30,JP1026,117733135569.23502,576518700.248823,26569413651.683914,564067985.1339501
2018-09-30,JP1027,98901186727.4374,1783281467.4213133,34692535986.1607,2347002351.3816886
2018-09-30,JP1028,86802234597.83612,830361173.948497,41759200913.78764,1666389325.460293
2018-09-30,JP1029,15566490119.164663,231457393.32714653,5409093367.706772,351599366.82112926
2018-09-30,JP1030,5628646608.946881,32651255.070120685,1663848991.9299235,88760660.46281481
2018-09-30,JP1031,51757267715.21048,348266373.958197,9204448037.139875,712527958.262206
2018-09-30,JP1032,26366462550.78833,-399733613.03058374,3063953641.3596263,213648359.34525687
2018-09-30,JP1033,71003873370.74811,13664256.191262249,24492883779.54968,273011847.88143283
2018-09-30,JP1034,83793090762.54556,227706784.8921549,43567458949.44964,1926559787.8019984
2018-09-30,JP1035,79698041284.06078,1958472932.7389328,46788744617.809044,2252503211.6102076
2018-09-30,JP1036,102276282304.53284,662185271.8146912,64375263810.22993,4054261953.2368994
2018-09-30,JP1037,69544170449.51584,1095418481.510248,38405154850.47262,1610507071.6415572
2018-09-30,JP1038,66355755803.80003,744941053.9630227,21865527919.612804,1262293583.4325924
2018-09-30,JP1039,21546463468.05588,-165708666.23786822,4527139879.79453,61672187.15367425
2018-09-30,JP1040,48387280313.07451,-732524531.8168093,7949512783.118468,370510581.0195468
2018-09-30,JP1041,53752909034.34086,-365306149.0512466,19928206908.574715,1283352682.4715197
2018-09-30,JP1042,62846647399.40618,2915423726.8885117,85633347602.4278,2544142590.2147546
2018-09-30,JP1043,50707861901.2926,229481272.3492859,9636083139.24682,539543073.6115501
2018-09-30,JP1044,51750259479.21859,2267831020.7407317,49178247363.15571,2185867254.707091
2018-09-30,JP1045,45433525259.873764,169310916.31036493,11719568492.584194,102781027.27296576
2018-09-30,JP1046,50505873582.556595,852918862.302759,23809451170.15654,1501535234.4949555
2018-09-30,JP1047,194840547172.43607,1770435622.3806038,57395058528.83624,1649912773.8020208
2018-09-30,JP1048,9263785412.603071,48376762.27859768,3250280981.2554684,9742019.532415155
2018-09-30,JP1049,25663910736.04011,360234032.8378314,5651766542.858056,626909881.8358792
2018-09-30,JP1050,8620583035.992662,65034354.48033719,2497974230.913705,117793918.97475944
2018-09-30,JP1051,4740677014.955005,103479373.63519514,2546191719.371326,74449377.89452054
2018-09-30,JP1052,6035603708.601932,356940017.3249555,6630456507.776532,672765127.2922761
2018-09-30,JP1053,86236515714.49901,-233066245.88098675,15004005486.791273,1359317546.4968941
2018-09-30,JP1054,26379935100.303177,648118780.1122415,6126280183.15685,711861099.6211362
2018-09-30,JP1055,34149768849.327515,-60635162.17690288,31718457117.6855,1030088331.179144
2018-09-30,JP1056,114463101531.66602,2357264934.6472406,95786412747.58882,5673817053.461886
2018-09-30,JP1057,330145858296.9099,1116107131.2103624,102516098019.19667,6555411878.0023
2018-09-30,JP1058,29928334977.182156,1002804993.7998219,15664118317.300306,1023741995.1047134
2018-09-30,JP1059,290703319154.90326,1864201090.3066542,121312975292.03046,5010329609.221579
2018-09-30,JP1060,22129147782.11989,1185505646.157326,30867758331.101887,993516059.8615719
2018-09-30,JP1061,13728005628.147778,223445237.7953778,7835091618.945033,599373638.5074462
2018-09-30,JP1062,20604704043.504402,56340599.149294,7272201385.786841,72382873.19275492
2018-09-30,JP1063,14959762715.71622,249110871.99017465,6651639309.258113,388735922.89974385
2018-09-30,JP1064,19888497775.441063,558722984.3061962,8500839852.553755,224657529.06929436
2018-09-30,JP1065,48967577243.011475,970758480.4387349,25823546514.62746,1537682616.2279725
2018-09-30,JP1066,91687539623.74896,1976796869.227389,55948302152.202576,2471365507.022773
2018-09-30,JP1067,253008520985.8294,-2358756818.976277,102801186341.3013,-2143255888.6977496
2018-09-30,JP1068,14479977140.83348,-20137439.61193368,3457824618.231207,3833899.4545121817
2018-09-30,JP1069,60612752333.8704,1310345517.179977,42257673486.98711,2449688690.992626
2018-09-30,JP1070,9271558321.67259,535292544.50130266,14326411734.205456,976478285.7110051
2018-09-30,JP1071,32418086831.021347,795354183.9693569,26996384242.911175,1203640716.3225045
2018-09-30,JP1072,52897577409.2122,391689133.80220723,9496716101.493055,544608539.6967311
2018-09-30,JP1073,7106627046.476477,149353445.5942321,4344804559.725892,131640320.64643411
2018-09-30,JP1074,225926772700.84958,1168360077.6989572,27431967613.68678,3783948112.5714707
2018-09-30,JP1075,21918534568.79559,296570889.66760564,4461556682.5020685,396966868.51361454
2018-09-30,JP1076,15637326678.865726,599281171.8261696,16309449568.872334,659966358.568216
2018-09-30,JP1077,8684737348.698309,173422567.9553879,5615952674.843894,356255350.3082534
2018-09-30,JP1078,42816750690.80076,718793038.6521711,10528635979.142744,317799440.71160716
2018-09-30,JP1079,47503279750.9734,580624683.2558502,30885908075.760498,341605648.05790085
2018-09-30,JP1080,38738575791.6989,970823620.9839395,20195626199.896526,1126998146.6529908
2018-09-30,JP1081,41251504628.738655,1857481502.122125,44171212087.46097,959730975.2027583
2018-09-30,JP1082,82035610609.62592,642960539.2334528,33424213523.759003,1026481602.396884
2018-09-30,JP1083,180881014786.99164,4237011680.8148384,109319572036.99841,3778862971.577737
2018-09-30,JP1084,19461226825.641685,82919220.03784902,3510458331.9909487,76769649.04136835
2018-09-30,JP1085,9140909183.181236,171269519.52941525,4279525313.949468,-4700707.548791861
2018-09-30,JP1086,83884000375.57729,1190048363.7990649,44257781256.88873,1351706560.7494087
2018-09-30,JP1087,47153462754.03974,-154385774.30543077,5153552751.96994,-16750505.187480701
2018-09-30,JP1088,155952548508.80737,1134902138.1856637,35995054702.56158,-1565566863.2365096
2018-09-30,JP1089,46045026907.83999,1015038202.7399719,24459566692.594746,-254143598.43008116
2018-09-30,JP1090,62880072254.045235,1609797041.6493323,26779118920.38905,1356875844.1309946
2018-09-30,JP1091,70370896748.52681,-1273879230.7753408,15574891385.601305,1300539062.9026408
2018-09-30,JP1092,447538960100.732,3563931122.1964865,130954759934.15005,11113256637.649044
2018-09-30,JP1093,483197677317.87836,8716523988.363823,140709930241.36078,7839597970.652596
2018-09-30,JP1094,20201006329.807274,584863164.9170854,17417047302.58316,1905483877.2404187
2018-09-30,JP1095,38537154239.32775,83742945.02642831,36266719073.48082,1879438179.3989143
2018-09-30,JP1096,64117179435.54232,949245948.657519,67735725712.60638,1808194660.6688058
2018-09-30,JP1097,14052860316.985601,262946898.2838804,11918289185.426382,740777258.1979914
2018-09-30,JP1098,100840016619.87907,1092196251.6304543,32398052371.33575,1502002313.6259367
2018-09-30,JP1099,28724380183.96282,-275628035.48985046,16306938439.560108,1362231067.600801
2018-09-30,JP1100,63311935239.46752,978741032.8443687,21425625924.931725,1648741566.9168367
2018-09-30,JP1101,36099402606.58466,498478722.8443892,11175381899.405483,777634774.1984318
2018-09-30,JP1102,5517813099.754609,29096432.160050876,4069601396.680078,103577694.41811618
2018-09-30,JP1103,5502173143.765503,103555317.6299109,1021079724.3113079,50562003.19134715
2018-09-30,JP1104,6289702371.054349,214439527.3280049,6913214567.755044,433169504.395627
2018-09-30,JP1105,34393694086.25521,456571485.92353654,15688197471.599483,756576650.0829662
2018-09-30,JP1106,23791546637.47861,1442348779.7034512,36942056348.47372,1180985091.1878037
2018-09-30,JP1107,229414302876.1976,9623417230.464361,257359951210.78735,8892541547.634096
2018-09-30,JP1108,198462577352.04843,2972672751.6581182,53888919086.68825,2411524348.4501386
2018-09-30,JP1109,10429355608.56473,612727005.102861,6671068114.263537,356531204.54155475
2018-09-30,JP1110,51490414233.14971,-491005119.92878765,11097131652.62095,118553814.78836663
2018-09-30,JP1111,48503481640.398125,293101378.7694446,14787785433.489614,154580110.53598753
2018-09-30,JP1112,34859534354.115715,849115863.2660724,13583249552.525667,577077421.2065855
2018-09-30,JP1113,44139587301.81674,2326993702.4593287,41238258290.920044,1593660713.3030794
2018-09-30,JP1114,70052752642.26222,1290779342.9650671,24615179600.800396,772137813.8741403
2018-09-30,JP1115,26581191108.562607,628847043.3855175,13856161363.692991,802870197.5951945
2018-09-30,JP1116,146821286191.0449,-1508160338.8563626,7280418128.016632,2049747047.855616
2018-09-30,JP1117,19295972584.726654,235062702.8932441,5855954231.75841,325194215.7612608
2018-09-30,JP1118,95600329716.56863,360812758.7675555,9500834389.244265,102366867.68180878
2018-09-30,JP1119,1417554307263.1865,1496797207.2228353,237968241913.05554,13188821169.95122
2018-12-31,JP1000,46654139401.63666,-33394177.545269735,11125860791.46019,130877076.39741546
2018-12-31,JP1001,51255099279.98179,1089821926.506151,29094360241.72795,3049860067.4846897
2018-12-31,JP1002,213194422396.87366,2635868531.1340256,72549602653.48488,6066841421.070359
2018-12-31,JP1003,31448276188.309452,499996934.3105358,11689223635.446663,478290182.192119
2018-12-31,JP1004,15081179889.234818,843355279.4884547,30463118519.24683,1625385930.25274
2018-12-31,JP1005,173107585912.0834,2973057433.5280423,128489692703.18161,7446040104.353159
2018-12-31,JP1006,12284545852.606041,609834273.3878785,17356081853.658092,650169286.5604972
2018-12-31,JP1007,9502339158.652384,-52573031.343361504,2422996230.8459067,35267527.55463916
2018-12-31,JP1008,42778669763.23502,1121423425.8679452,21094052634.5817,995307320.3618275
2018-12-31,JP1009,104428680746.81734,200315427.11032593,27801630905.641087,3385391832.7374654
2018-12-31,JP1010,74287112762.83159,835414582.7342914,15739881721.272787,563067950.5171455
2018-12-31,JP1011,190054075407.61862,3868274473.8948917,17997246909.472248,2859873698.001846
2018-12-31,JP1012,131579541818.0437,450040634.62399006,70509794477.49971,2642324297.8302345
2018-12-31,JP1013,118261433744.6516,1870473143.6469195,40413661402.20252,1744205131.416615
2018-12-31,JP1014,78553312251.94933,-420634326.68026507,7297490115.275937,1003611318.5853748
2018-12-31,JP1015,413847745643.442,4887447523.500521,117868365956.15715,5338558421.66465
2018-12-31,JP1016,38472664776.20114,405446837.0685813,24314992449.435883,1299879610.2818246
2018-12-31,JP1017,3709844023.000174,40266621.756903306,3180132261.7649508,131604149.42481397
2018-12-31,JP1018,291794409496.0158,6716432298.114695,178943632626.79343,9045642894.068035
2018-12-31,JP1019,25919477742.136482,1825579913.902442,34977466466.44582,1781080711.7092395
2018-12-31,JP1020,50434696130.69973,1358629589.0145,40367434664.452034,903468460.9216304
2018-12-31,JP1021,108043282562.94098,-283016148.51007175,42667346838.384346,886315116.9319212
2018-12-31,JP1022,10979505640.40494,-23702313.918887332,943710922.7641879,-26168711.845504116
2018-12-31,JP1023,14034515257.116827,312187168.05331266,8133201937.549682,552548702.2923434
2018-12-31,JP1024,9231179579.249996,85542280.63720135,2402028879.8982058,194620438.75148258
2018-12-31,JP1025,15137139857.366745,61796516.04921212,7963880283.852386,661109946.7816198
2018-12-31,JP1026,118049105290.72719,794867855.080642,22756370908.447548,2377778806.292598
2018-12-31,JP1027,83405908890.43509,816698337.4602859,33467073900.059357,1050429809.2705926
2018-12-31,JP1028,56268411185.85441,996852514.5257317,37048295625.86532,1139660604.3672771
2018-12-31,JP1029,10292218898.995565,313415856.4992165,6211827958.508006,160981011.095056
2018-12-31,JP1030,12676274766.16814,80710140.21227892,1928917559.083157,29529084.131743055
2018-12-31,JP1031,50801819420.82989,1364204660.480869,13099564491.747574,1055610196.0060397
2018-12-31,JP1032,26631022654.772736,363496386.90460694,3612926570.147133,-698719517.6001215
2018-12-31,JP1033,40675289515.68702,805256162.0787028,26353802791.21637,881025265.1347783
2018-12-31,JP1034,120980527569.2834,841820862.9337363,50070448168.82585,3336392320.73802
2018-12-31,JP1035,83192970707.81459,927658472.3153352,47329170043.403824,2900788775.7803993
2018-12-31,JP1036,95692076561.45338,791792276.4040257,47140914771.80983,866429292.5322505
2018-12-31,JP1037,50863562232.43858,1065234958.5816107,33149382021.93551,1463516073.2754462
2018-12-31,JP1038,43981226320.80137,951048328.4086527,26503895998.00979,1696779812.5447652
2018-12-31,JP1039,31182314626.332016,87057058.14374733,4404198926.63606,-227384478.72482136
2018-12-31,JP1040,54626501784.14813,-52094012.87716731,13452231501.492416,352990649.2061762
2018-12-31,JP1041,89858946009.78065,269570302.71254194,16716490011.96117,1158626716.9169688
2018-12-31,JP1042,83099410501.7547,3449616118.272782,85238220684.11363,4812712079.659303
2018-12-31,JP1043,41040989173.156136,-429591948.8350842,8787133303.117903,706369618.2948565
2018-12-31,JP1044,66420936619.62877,393595499.23264456,50249610079.66881,2763771292.0153637
2018-12-31,JP1045,35428862425.48492,762446112.512176,13314817401.995789,-304891142.6329699
2018-12-31,JP1046,46932623930.27729,-13931121.993661642,25489990693.688095,857473073.1284105
2018-12-31,JP1047,105984306158.75728,3263070446.257258,50840553470.62922,889037710.1990341
2018-12-31,JP1048,4307975894.942678,158785715.5798071,2824793239.985262,93011016.93102238
2018-12-31,JP1049,8068054644.037865,249438336.83821478,6281581045.151895,186800687.95675623
2018-12-31,JP1050,9517623906.533834,257703175.27878273,3049150303.0571785,113700594.95905279
2018-12-31,JP1051,3029492340.4039016,72986283.39147055,2232925704.887317,174053783.93348974
2018-12-31,JP1052,12105002560.841537,492942017.58435684,9102166054.242846,429789723.42696524
2018-12-31,JP1053,97650321011.85164,446692862.22489804,16532012223.562277,-36068060.08088494
2018-12-31,JP1054,36859700830.36146,-544910416.7070222,10649607924.403152,326728529.7260405
2018-12-31,JP1055,47407530500.22113,1228268302.6318374,29336881229.2736,1286570574.0998743
2018-12-31,JP1056,115829587518.84846,5311532483.659666,128947407298.77583,6374735130.253282
2018-12-31,JP1057,478100152140.52673,1610894805.370052,92993654424.29279,994510236.7184721
2018-12-31,JP1058,39273200028.87969,643060819.9708365,19795030733.22711,798957509.9966483
2018-12-31,JP1059,195719328976.0003,6808059315.414864,82037283957.18005,4161429335.6722984
2018-12-31,JP1060,21635785744.316605,1778146637.4983428,36550293886.66896,1945030944.7970152
2018-12-31,JP1061,19994225706.613853,281955122.4099873,8253185564.398454,-19439474.908309497
2018-12-31,JP1062,23350414432.23192,118787283.98632252,7548856496.004333,739222294.2102852
2018-12-31,JP1063,20750553421.04477,73394336.73041122,8975384476.117765,302603465.6187849
2018-12-31,JP1064,24951270614.503174,185179683.50948295,9030425856.635572,601990446.5305686
2018-12-31,JP1065,42818274372.76353,1120079363.3331766,19723858405.311676,549746046.4616487
2018-12-31,JP1066,129012004067.67615,2979633789.327874,59977673135.41944,1666540619.2106507
2018-12-31,JP1067,162499283192.50943,2637637506.7572513,40148870718.52949,1167418135.7672484
2018-12-31,JP1068,36171534620.007744,328292116.0833529,2797955223.2338743,-3941201.6767437523
2018-12-31,JP1069,49156590743.455154,2226710296.4774356,53835649801.32452,1976595549.9572153
2018-12-31,JP1070,9234148819.108677,479918032.9987139,11733031052.198526,382633818.16083753
2018-12-31,JP1071,43395999333.689026,1647053527.0735497,37028079562.548775,2560417042.685961
2018-12-31,JP1072,17241827576.231087,-118790204.57386939,14548379788.921888,273518155.58907336
2018-12-31,JP1073,7337881818.189343,277249446.73472625,5381286427.528735,227823952.47088623
2018-12-31,JP1074,122914373857.25633,528977779.90967196,32718571785.953922,-394670463.54222596
2018-12-31,JP1075,29501786360.44033,472706330.0191406,9171805752.562733,-61041174.88463204
2018-12-31,JP1076,26849416296.101105,523715878.3100665,16468129859.992184,532096026.8471392
2018-12-31,JP1077,20967770534.67292,310156997.22637224,8164776596.114537,46686782.73453622
2018-12-31,JP1078,21070718980.25521,930401673.0525213,11696887692.948727,403035762.94318765
2018-12-31,JP1079,82899844299.69258,-22567937.91303812,38435079993.96904,1547871084.6334653
2018-12-31,JP1080,79307043561.3269,1357589792.2362845,29173242114.841946,1306604231.34878
2018-12-31,JP1081,82363434114.59502,2226451374.973823,49006115853.3697,1806515567.1676557
2018-12-31,JP1082,50220077336.334305,1466905935.3848991,27252860987.095657,1524184664.0171163
2018-12-31,JP1083,132908507616.6709,1425536657.9394212,98063414840.72527,4901533082.411739
2018-12-31,JP1084,26393654653.06661,-270442296.9877725,1.0,1028701517.4736974
2018-12-31,JP1085,14600089464.84498,222827570.13244325,4856801858.884181,190273274.71472877
2018-12-31,JP1086,113437999703.04422,3016224330.5050793,48233720501.638985,2450302903.44847
2018-12-31,JP1087,47868377240.51849,-272849972.58689135,7391098438.185895,949861460.0088348
2018-12-31,JP1088,182035056772.5602,-836127327.7244214,31179993451.37587,3350339045.73209
2018-12-31,JP1089,83241205788.7765,898815258.5884521,25019925533.510094,1005385622.0876458
2018-12-31,JP1090,43782119818.38735,553266323.5556945,27035765076.46423,1246983829.766241
2018-12-31,JP1091,81047694161.10594,692840133.9423975,17937066070.193565,793137908.0458417
2018-12-31,JP1092,451779686315.4558,7214281187.720967,174304738373.7045,7697111202.952241
2018-12-31,JP1093,396375314806.8494,6296644454.778719,149725528036.1892,3713652936.846856
2018-12-31,JP1094,30300654736.31027,573074669.6873822,24070388778.068573,1058982906.2012897
2018-12-31,JP1095,37334275197.141815,1271999099.7786343,35877782885.82456,872163278.9002104
2018-12-31,JP1096,62464871342.56331,2869257068.8889775,76219803727.56406,3703374359.8789573
2018-12-31,JP1097,18221710768.24396,543640281.9432775,14292278301.614225,638484206.4869031
2018-12-31,JP1098,77806773627.31673,634160991.6937939,30061015516.029,1167401278.4205277
2018-12-31,JP1099,47520774819.94317,77606799.4235858,22302962209.526165,1680446453.6999295
2018-12-31,JP1100,43924235023.95672,1213867012.566472,28188124815.46227,1452420709.7243214
2018-12-31,JP1101,35005467412.88294,-107331596.43859439,10644179313.789045,665644917.0943308
2018-12-31,JP1102,13158049586.839386,76448590.61553656,5308827348.82505,179715823.76455957
2018-12-31,JP1103,4946790310.762338,737252.8754961193,1103609912.4673195,77112020.74369454
2018-12-31,JP1104,7542220451.570882,93214637.244899,6951667748.015866,449789078.99878746
2018-12-31,JP1105,55279266883.16979,588984652.8318421,13170993888.675953,459498166.6467807
2018-12-31,JP1106,29386812241.192127,753642215.9096642,35052098129.43092,1665430926.7577782
2018-12-31,JP1107,252658507055.06125,3864540410.6192374,255775636547.5336,9143999628.590134
2018-12-31,JP1108,170356320090.46933,806579306.5325859,24452433767.755768,1119105656.8931828
2018-12-31,JP1109,7649068572.674143,117114839.89345062,7847693559.979101,457617248.7527945
2018-12-31,JP1110,76916540888.7844,-368148190.70027757,8292247011.098428,-85095142.91306797
2018-12-31,JP1111,22116865371.621174,382192955.3979021,8630542052.168547,515804594.2282745
2018-12-31,JP1112,18551836806.996365,179692899.80856788,17979889447.4373,769846120.8683064
2018-12-31,JP1113,19393435261.768883,982202135.0604402,36294614132.930954,1332990932.2307656
2018-12-31,JP1114,90285834090.768,1113454179.7958488,29391907246.51617,267292864.65823135
2018-12-31,JP1115,27610467545.953545,227808167.84958416,13396629488.022448,410702994.7199842
2018-12-31,JP1116,169243569933.28513,63281130.975657396,667722161.3079407,-1308023135.0176797
2018-12-31,JP1117,17300445448.542553,281266733.6616624,7982721961.94101,394815853.0655813
2018-12-31,JP1118,122887333931.70241,793629752.4983238,11778562293.947983,-185896275.4949618
2018-12-31,JP1119,495372192342.99713,12214627231.143076,287427677471.7288,15261621634.679293
2019-03-31,JP1000,67487731463.3154,59342347.642042704,7643495828.03167,389495753.9635335
2019-03-31,JP1001,44101522469.237564,735807110.3189865,33887489829.86035,1999558654.6481297
2019-03-31,JP1002,81163918676.43718,1168164339.1472263,44857703297.413734,2186653875.4347453
2019-03-31,JP1003,27341489116.15552,654013082.4319848,12361537023.579552,611846024.5754334
2019-03-31,JP1004,14018835065.348995,552576276.7352408,26511838983.572838,623769990.7704666
2019-03-31,JP1005,184648188839.84756,4936281073.141846,101791802343.1472,1869976523.5758295
2019-03-31,JP1006,18632499391.486416,377775055.4524071,14541174978.602083,438594155.36374855
2019-03-31,JP1007,17104020604.633703,259308901.0583878,3576048953.7076917,254222931.88131365
2019-03-31,JP1008,59174216919.378044,1034023549.7464614,18265687279.161034,1060333861.1928554
2019-03-31,JP1009,75866848754.87654,2104878023.5920799,29038968154.71073,1319289526.3795798
2019-03-31,JP1010,49355351931.512726,347299916.0931493,17394660641.475113,412830826.91430545
2019-03-31,JP1011,226031959720.50577,1096683003.360265,32354813625.744118,3232324884.3900356
2019-03-31,JP1012,113230543456.05078,765016629.4345115,57567907574.797874,3156590802.1787233
2019-03-31,JP1013,262767680160.57727,1508834049.5848496,51455604131.303566,3690184273.295998
2019-03-31,JP1014,120547377365.57986,-1248055300.6999133,6381471077.252278,2319788740.9471397
2019-03-31,JP1015,230731844272.9639,2489217304.214489,139232614583.60837,-3732385630.0100546
2019-03-31,JP1016,32960754784.157673,191366613.8872873,22883297886.651413,1644485334.787322
2019-03-31,JP1017,3853464314.5394573,178093774.52658418,4099579758.4789596,165616441.74533227
2019-03-31,JP1018,204536302224.80426,12208205065.026249,171336504517.82443,9506710565.006857
2019-03-31,JP1019,24441353204.65993,1415126835.6389863,31438574041.281162,1150737633.4333625
2019-03-31,JP1020,44140916302.75772,161441509.55558562,31133308921.69556,1793154831.7993083
2019-03-31,JP1021,158369808869.25714,1040494410.1388494,77994601790.79387,4369459972.455854
2019-03-31,JP1022,20570012101.771667,-234329925.99537396,487775466.5786284,11423744.173818521
2019-03-31,JP1023,10808314705.192415,104575548.26186685,7685851679.335704,144429947.6661187
2019-03-31,JP1024,7251117675.340191,39913711.86961788,3251153903.2924643,49396921.77094978
2019-03-31,JP1025,14884468057.970398,412731140.5273008,5247810708.308469,341159988.9165793
2019-03-31,JP1026,101249351837.63498,1088104637.7867243,23064527001.84735,246295973.25908017
2019-03-31,JP1027,136142333975.15367,434965746.94967484,29987135113.333363,1539880304.909825
2019-03-31,JP1028,72178192504.8533,2557735132.409337,48841617430.054825,3191133501.03303
2019-03-31,JP1029,18128125657.12946,172449426.31514394,7485233990.391561,209907359.92842865
2019-03-31,JP1030,9913045053.188698,96537722.51729895,2180207179.6894712,59258750.895048685
2019-03-31,JP1031,34680614212.54239,383241597.108174,12123229315.372858,583516450.2403605
2019-03-31,JP1032,22777967448.102646,-168726842.14368632,3077622847.8947635,76260476.34039432
2019-03-31,JP1033,78021738146.80273,1337573319.7958846,39884539960.56025,1443056928.153872
2019-03-31,JP1034,105222965683.6982,1295270620.9584453,46932342872.56854,2960136938.5785227
2019-03-31,JP1035,131007015509.81296,1197247995.0198064,54748022096.778275,2348577068.611222
2019-03-31,JP1036,90485439254.2241,1662671701.1587803,63706861309.58203,3072063880.7322545
2019-03-31,JP1037,36617452757.10051,719575674.5703367,38913174775.44895,1497630866.4844174
2019-03-31,JP1038,59348928631.958015,-19900621.195706885,25536403410.52006,2254943982.5766315
2019-03-31,JP1039,43911051548.79321,490648216.84869945,2876563417.008529,580786722.2683121
2019-03-31,JP1040,58874706747.48976,357490335.94746983,13681729772.767147,771136477.933604
2019-03-31,JP1041,49689357924.63674,201478539.4216176,18790806388.5301,-36376915.292372316
2019-03-31,JP1042,115522171510.22026,5275182664.0231695,99460420283.37604,5031246396.450834
2019-03-31,JP1043,34820271086.52844,303276736.9849066,10997509717.418621,-188938766.6072787
2019-03-31,JP1044,99425254509.51125,1844867726.4680521,49195253215.68678,1973760342.206781
2019-03-31,JP1045,62657377650.392525,-201846914.10047945,9580808493.788952,1000918635.4969158
2019-03-31,JP1046,42071413032.660385,762189173.7480941,27198388330.21765,1424709769.2458534
2019-03-31,JP1047,145537954628.5223,1253106569.7912376,75433827623.76108,3136686811.0319233
2019-03-31,JP1048,9494226263.193922,147071129.51781753,2203525814.5635133,184063654.55317643
2019-03-31,JP1049,13613147577.441298,324833473.41911477,6610316675.407828,540300737.7189839
2019-03-31,JP1050,12586143675.99573,65059511.18926113,3332100383.0460734,34993233.0768815
2019-03-31,JP1051,6445870530.426174,31899529.01824769,2445679081.080928,93851598.36081888
2019-03-31,JP1052,8512681907.765413,578108391.5892082,4190221637.3206162,322343666.29999447
2019-03-31,JP1053,97969976561.32176,-1846261513.2805555,23452883947.612003,108103597.29564531
2019-03-31,JP1054,24284068246.054276,554665422.8630455,6140187899.027532,113177456.03363827
2019-03-31,JP1055,55220964790.03416,2460415323.330774,36374548866.697334,928788451.1678685
2019-03-31,JP1056,113455546114.05226,2220500744.9206657,104903843551.2235,7321187699.641134
2019-03-31,JP1057,287650779028.19476,517074487.8262728,89480286176.3981,3140707752.7323446
2019-03-31,JP1058,44133283385.55129,603788801.8700564,25889120597.77128,504095644.42477965
2019-03-31,JP1059,197128337416.03662,5011599636.870349,76498807542.44524,3973348978.3747277
2019-03-31,JP1060,39060599386.39708,201922667.4168973,41169528538.89586,1043052156.8265176
2019-03-31,JP1061,11287056611.033365,122688996.88311344,9755844372.819326,304628200.8835765
2019-03-31,JP1062,38114981286.355484,342241696.10096395,9373822741.926247,76212378.44770986
2019-03-31,JP1063,16026611421.428682,548490334.0837777,7851186802.7262945,311120981.57358825
2019-03-31,JP1064,18286619796.22107,562638349.3643502,10819051932.221487,368468557.8604279
2019-03-31,JP1065,41239703573.51265,647653197.3052981,26950680120.000923,1653155245.0990005
2019-03-31,JP1066,77246029373.26096,2534368679.458977,38922751572.23271,-111837244.6870383
2019-03-31,JP1067,509568965347.5363,2295636917.6589103,76218224801.07225,-37430481.481437124
2019-03-31,JP1068,11229753083.624647,65501446.45594371,897759889.3775163,42650286.50679288
2019-03-31,JP1069,87323292202.68103,2364047038.5243316,57338735967.63287,3901014423.334056
2019-03-31,JP1070,12106471234.70753,167864301.79241833,13561339957.925835,973069593.5533279
2019-03-31,JP1071,44698316780.49708,2312446386.1396303,33409027451.13211,1013881505.9226073
2019-03-31,JP1072,21510734658.39386,596166782.8149652,16986263856.696468,14842199.315284198
2019-03-31,JP1073,10196718171.436045,52193716.46735161,6030353943.785416,150213289.25696278
2019-03-31,JP1074,159536488279.09106,-98425279.77240956,37781607129.07138,464814786.740674
2019-03-31,JP1075,26761998534.056217,-204506977.01780096,7152221408.616311,393134654.07114494
2019-03-31,JP1076,33192965182.759922,813668034.5734538,18246875062.383724,987172672.1732719
2019-03-31,JP1077,22476444756.836704,373703899.30352986,5264441276.570002,204285222.9114052
2019-03-31,JP1078,20446695362.818985,450544283.97150135,13074240146.384123,712580190.5583503
2019-03-31,JP1079,51174462967.22025,1244248524.9113107,28855780095.06763,1373692191.6919675
2019-03-31,JP1080,34390156238.971245,1252548460.7346632,18618975457.17945,800131327.678416
2019-03-31,JP1081,71522759776.725,1598084344.7522824,52177282595.847664,2502291099.6045146
2019-03-31,JP1082,62939819089.58444,1186326095.859506,33660471091.895885,1522193652.6367428
2019-03-31,JP1083,121591388885.14926,808554152.6698525,109293411233.52357,6410799185.996885
2019-03-31,JP1084,26218609547.452847,69209854.99500293,1.0,-911428924.5994563
2019-03-31,JP1085,14220392780.347591,-55680520.26923289,5735854027.540921,415443300.7829819
2019-03-31,JP1086,96409180787.32121,353526188.34748304,30626331091.8243,1591901759.965882
2019-03-31,JP1087,34175554193.28743,-169554924.01909152,8641598821.691442,1195218336.9416611
2019-03-31,JP1088,314620424700.42944,1356443368.958992,52972697394.54638,1201252241.550998
2019-03-31,JP1089,76091816348.87132,1629577949.0086982,32226280849.53215,369186979.12934124
2019-03-31,JP1090,52634909714.45864,1272352855.7352433,23426645097.667694,1029027588.9023812
2019-03-31,JP1091,76498990826.22585,774022469.4459785,13718136667.16368,617350322.7249541
2019-03-31,JP1092,305224366287.1821,4004645349.6881185,128556047419.51036,1522528442.8683271
2019-03-31,JP1093,460698122987.61084,4983540671.829238,153459065518.5783,2804126029.7741
2019-03-31,JP1094,30937450789.253017,716552119.4662157,24406598975.862232,1373820022.6375897
2019-03-31,JP1095,27161392014.572575,1522169106.0720696,33255604454.00252,211385415.18195778
2019-03-31,JP1096,168535822013.0064,2705461511.444047,106022038442.84148,3264115159.803193
2019-03-31,JP1097,12289103372.277235,431347513.06562865,15565069220.023441,749043427.5903832
2019-03-31,JP1098,85505156600.28978,577676140.4581658,27643610019.421467,657955365.1737744
2019-03-31,JP1099,44663916613.62489,-157453423.42457414,11454264301.490717,373990393.2203965
2019-03-31,JP1100,98105350218.8933,1286698768.8758235,22344292625.844173,1601379516.3503387
2019-03-31,JP1101,33867313917.273968,371754882.0621821,10075161909.586424,434633980.74582195
2019-03-31,JP1102,9080387847.38892,8706183.543621324,5494582412.417504,170421989.02681082
2019-03-31,JP1103,5387483368.91977,7267481.665864529,1190322171.24581,6485572.350721358
2019-03-31,JP1104,15262437382.327679,443672539.7788515,6448638602.616422,274524899.17774403
2019-03-31,JP1105,24457485962.179382,443456614.5648187,17056730957.987003,415333860.9821964
2019-03-31,JP1106,42336855326.61972,1345335173.878063,41228922582.05936,1680392671.0778866
2019-03-31,JP1107,286411634165.5454,10691780651.391647,319436149302.3815,14483181258.64239
2019-03-31,JP1108,224460390614.6409,2308267689.246359,37362263989.001884,2354845274.138404
2019-03-31,JP1109,9609178990.09036,564170607.8960551,8508918233.9861765,495018733.3664638
2019-03-31,JP1110,59500903699.020706,881571644.2291678,12631123518.469349,-766370767.5705023
2019-03-31,JP1111,33505462475.266758,-147781015.76812035,10911062130.973053,856020202.8406758
2019-03-31,JP1112,20934017793.50654,694598109.6808944,20359115497.199017,131473044.09748897
2019-03-31,JP1113,46752955087.56577,1905986839.4031937,48875564953.2161,2283205608.4616957
2019-03-31,JP1114,83741001390.69826,1455696916.8748844,37476399070.46798,819917996.2904996
2019-03-31,JP1115,36464401543.18585,-488792437.620649,13935179199.938274,761171522.642002
2019-03-31,JP1116,92160454963.81381,264515509.7256124,1.0,-1217059953.6960638
2019-03-31,JP1117,16494069468.45853,170434817.29164267,6634517575.037637,262601300.93040153
2019-03-31,JP1118,77781418011.08775,783696567.4029607,9888843558.92772,408941376.1907417
2019-03-31,JP1119,590151717611.9657,6304250095.656392,251260343935.7124,5022162516.94247
2019-06-30,JP1000,24868498527.889576,539937869.1179682,10799600880.782055,498388646.828685
2019-06-30,JP1001,54026469191.82661,695371618.1335468,41492998385.060074,293248945.174102
2019-06-30,JP1002,160925179260.07523,2555389419.4910245,68727002456.1671,3085819275.290787
2019-06-30,JP1003,20545280324.98742,526529388.9430684,11126695123.465027,541160020.8622367
2019-06-30,JP1004,22704245914.691994,740535179.141125,24902710583.613224,1230739799.0238874
2019-06-30,JP1005,100893152657.58846,292133027.0605203,130517180830.8308,4321540167.144034
2019-06-30,JP1006,19251839320.91019,683972827.6311053,14635617750.132486,221695007.533186
2019-06-30,JP1007,30732771038.302876,399012558.6594134,6173050793.264531,-70216231.96851917
2019-06-30,JP1008,65142719250.45978,-187207909.9260348,21315054391.441044,676250792.4673145
2019-06-30,JP1009,67964545053.69337,1513785229.3329566,30196848892.674538,3353919592.5316615
2019-06-30,JP1010,80681771071.46452,-789310320.0989863,16336680837.24634,2151176780.6497183
2019-06-30,JP1011,205330955663.61542,1092644302.8499737,29965245574.99698,3489488129.1992235
2019-06-30,JP1012,70162917383.96588,3685663342.4202824,70684470446.86533,2916959099.514045
2019-06-30,JP1013,184987231001.06018,1070019077.5600698,36126576828.77224,2651436179.775778
2019-06-30,JP1014,153729337132.5727,724935538.7540709,22084216375.266216,-92212449.85522243
2019-06-30,JP1015,588591218804.9503,3808042040.361039,149969204190.5278,3899058756.67938
2019-06-30,JP1016,65542089654.96045,821751640.1559056,22526208995.2405,1559885323.661463
2019-06-30,JP1017,3394716783.9539413,138098178.36701143,4287931752.1679997,234634202.02872863
2019-06-30,JP1018,374382767305.44006,7849440548.632963,206983843442.03735,10106171294.927145
2019-06-30,JP1019,37990897476.449646,1302470404.331917,38801440247.50427,1970427066.6954129
2019-06-30,JP1020,44152096778.86833,-241192519.14233255,24469617739.75401,1427254474.9240468
2019-06-30,JP1021,141998565501.35858,1954959491.261689,46546770504.07681,2402005077.830882
2019-06-30,JP1022,23229846939.96513,61995551.169719115,1.0,-190973796.0807817
2019-06-30,JP1023,17004975469.201906,463139912.7972233,6757577055.956547,330704377.27974474
2019-06-30,JP1024,14200510402.3204,52957190.68032167,3770792123.1230054,33128107.45056787
2019-06-30,JP1025,15477953782.233505,95654665.25115365,6235537840.465982,-21953314.35281638
2019-06-30,JP1026,81083586205.53783,821663248.0041652,20751038768.254642,648463816.8625314
2019-06-30,JP1027,147315756219.7713,2130312443.5250692,36925005858.4432,2067077629.6347737
2019-06-30,JP1028,54164046051.0111,1850749684.5217268,46584407725.43721,1899730701.9153323
2019-06-30,JP1029,13170477245.576767,168157415.97994906,4670486374.158658,431047085.8430277
2019-06-30,JP1030,16368183270.730408,60089233.00172771,2014028281.3054202,-37501137.15307489
2019-06-30,JP1031,78937436521.3114,274454276.58003485,15493020797.550407,8610074.397440903
2019-06-30,JP1032,24810101829.68176,-30795885.635190595,4075056401.2845626,133077808.57546681
2019-06-30,JP1033,46991667833.02569,140255861.5250845,27431782900.901306,-189314150.55121368
2019-06-30,JP1034,113472551478.91125,1463908951.81139,51588055047.23863,3876142740.0196075
2019-06-30,JP1035,79833973587.56078,1787316602.9125896,43023282451.56877,2485343166.442797
2019-06-30,JP1036,100346722998.01047,1698852573.23967,65523126028.1252,3471098164.016884
2019-06-30,JP1037,29284661892.816204,1745349688.8192782,36431608842.465515,2401960177.2924585
2019-06-30,JP1038,79764751039.19148,1999306542.7964065,20602488578.90205,1405648017.5998693
2019-06-30,JP1039,19715645268.04869,431692475.82413244,6642508965.470198,417627640.8962079
2019-06-30,JP1040,52271273682.27405,570067099.1085286,10278089921.503529,469913911.34444886
2019-06-30,JP1041,69948064525.20099,-638345285.263082,15653736620.93624,2098552461.8680284
2019-06-30,JP1042,101470092444.08464,4401870728.035691,114563767138.44019,4866458754.163537
2019-06-30,JP1043,36014457233.58107,143428451.6744318,5645752172.467367,646539005.8712647
2019-06-30,JP1044,148435377621.87125,958403504.2252051,56846057127.508095,4130662061.8078265
2019-06-30,JP1045,31865039354.041397,417150699.6864002,17387992198.727753,619025023.7537441
2019-06-30,JP1046,70084643171.94493,1587866398.5934744,34284034815.639698,1152349585.4204235
2019-06-30,JP1047,93439688575.42366,3203512028.239286,75248203154.41864,2784135455.615299
2019-06-30,JP1048,12504817091.051048,184253675.47018996,2989166298.6508718,102258139.09110945
2019-06-30,JP1049,8847537153.262772,188442979.90250984,5101345021.056467,-57982111.97928409
2019-06-30,JP1050,15398986419.536957,254338133.13887107,2622281247.493696,128877084.94102775
2019-06-30,JP1051,6432520162.775672,81037349.76414086,2436056209.868168,195651062.62325013
2019-06-30,JP1052,12543297135.860703,-238102558.48944372,8499499491.116998,593323026.6602697
2019-06-30,JP1053,98968670535.33087,-296694036.14238644,27365475924.70648,1309955030.119718
2019-06-30,JP1054,19140386036.316933,399835175.8679408,10183490995.513134,240604263.6338991
2019-06-30,JP1055,49823837120.31226,2333823791.655511,29670592823.802494,1326128950.3620076
2019-06-30,JP1056,131035727523.63899,3734629625.3211164,99910735878.52684,4872402649.7567835
2019-06-30,JP1057,476179215920.7905,4643053189.231867,91170613948.24113,2470647926.21533
2019-06-30,JP1058,26092655436.585472,998947029.5462266,14700476060.511827,1817190270.206819
2019-06-30,JP1059,272995513134.46155,686488360.2803164,101227163385.90373,2911969318.5736747
2019-06-30,JP1060,31087025580.65905,643286507.1050566,43502728552.61816,736189818.1609873
2019-06-30,JP1061,16801266396.37262,186154281.19751835,10287889439.904057,319369078.9744071
2019-06-30,JP1062,23271499163.586067,448858757.4750924,8410287553.025663,629571867.9972095
2019-06-30,JP1063,11269086078.411146,281732374.7233481,7168354294.419235,442698225.390155
2019-06-30,JP1064,23642055519.293957,582294576.5278968,10905108222.12992,411267886.0551922
2019-06-30,JP1065,40561266522.98824,1069376921.4198753,23620721134.630066,869845870.8208175
2019-06-30,JP1066,92331364896.67398,2077643409.5112565,53911657050.3908,2999604353.4732184
2019-06-30,JP1067,195488561538.32968,2961546031.8891635,52341143742.94854,6352884599.775792
2019-06-30,JP1068,18417524891.687973,-107574443.93404403,2193126031.171995,86409894.84146924
2019-06-30,JP1069,58476849091.0771,3404038625.834662,60007496937.44965,2359105042.021719
2019-06-30,JP1070,12988643337.30716,382673198.3155476,16353662594.790234,870788760.2463145
2019-06-30,JP1071,53086139927.622955,1488116543.1855004,29726051586.142715,242751961.1098482
2019-06-30,JP1072,32150133564.25781,332935510.5616435,13065371555.796118,268952490.3908522
2019-06-30,JP1073,8272169134.94974,152723219.06889305,7648208461.777953,375661039.2718345
2019-06-30,JP1074,136845678629.7504,1149632595.5711265,28920165815.54884,940900726.9720856
2019-06-30,JP1075,51805253389.14619,-124546609.23346677,7455071513.4180975,22389292.448195018
2019-06-30,JP1076,29168398793.999886,604563563.6294441,15843861066.50366,307902199.5469829
2019-06-30,JP1077,14524566790.20986,-95785493.54005705,6216166037.702101,188055318.01836082
2019-06-30,JP1078,36687892507.84258,372727800.89216536,8356265281.309756,81618832.82789402
2019-06-30,JP1079,70832056814.30328,1418835069.7090166,23698996768.04867,1355517243.2859952
2019-06-30,JP1080,39676727920.27607,287746380.59940684,21139669384.40867,1073237248.5605278
2019-06-30,JP1081,51294529401.636856,493708510.7997059,56889129086.18079,2358646645.769633
2019-06-30,JP1082,52113181143.42662,946178300.6815677,33722274516.415646,1597062775.1852534
2019-06-30,JP1083,167197849556.444,4433415359.2666025,117182348212.88588,7042099794.373872
2019-06-30,JP1084,31618386380.075527,-50204587.5012629,287279037.0688117,-480800729.3975537
2019-06-30,JP1085,17949633354.217422,71929168.29991272,7181362887.195064,609201269.1996028
2019-06-30,JP1086,85355610180.57497,-890793386.4045347,33319720307.519165,3454121648.4402294
2019-06-30,JP1087,30698666197.381977,1028140874.1681962,4828280436.96416,-285576897.10240823
2019-06-30,JP1088,226229245661.1562,3210779412.9304833,47970470157.69707,2780855968.7964993
2019-06-30,JP1089,123656281532.74474,1968382600.8788214,28251991014.81033,643923765.0358536
2019-06-30,JP1090,91356734829.87228,1494399495.0134206,36852937589.36551,1254012381.6713667
2019-06-30,JP1091,68045215894.42874,-393668502.39990133,11834281953.156076,471596285.83344835
2019-06-30,JP1092,342819726714.53955,8898696353.198505,156351691490.3558,10449626570.802454
2019-06-30,JP1093,401210677151.3703,1317968826.7041397,117826615391.82182,13973392993.84522
2019-06-30,JP1094,30343859659.993427,492039389.55825055,18239503242.18524,1538702818.7848895
2019-06-30,JP1095,41134596241.8054,1654430724.9007347,34326962901.852074,1990177270.842129
2019-06-30,JP1096,79325106177.0581,3326337470.2469587,85927175495.1027,4343786167.428651
2019-06-30,JP1097,10110039274.035673,1001251885.4173975,18006227213.415447,493310137.93335706
2019-06-30,JP1098,87803943763.87915,-73072268.25779837,27970548788.058887,-231428947.18584207
2019-06-30,JP1099,33249615441.92701,223676073.3330855,18103231915.172207,1459723135.730711
2019-06-30,JP1100,81416833609.70644,1509753397.199729,24928334564.551235,1318088903.6851385
2019-06-30,JP1101,36760161764.83498,108880819.47224922,11780797799.00024,621592302.9944259
2019-06-30,JP1102,12093664129.68393,-72957614.53409593,5788541445.129378,362640101.2548245
2019-06-30,JP1103,9080697840.653826,9277138.232037466,1161872212.4394405,-36513151.67676285
2019-06-30,JP1104,13437337294.592758,239777358.2404771,8167885873.252476,648795379.5059395
2019-06-30,JP1105,24003884848.034584,472020193.7532417,20490792555.266205,676541248.4262968
2019-06-30,JP1106,30415528719.531384,1392855874.2711945,41248293523.700096,1027232731.564228
2019-06-30,JP1107,278692882135.7214,10089762346.325062,256033976947.17365,13934656186.232935
2019-06-30,JP1108,259144210142.71393,2013775580.474257,58432145679.2121,1131783471.514644
2019-06-30,JP1109,13375209608.228422,377402487.4677156,8229202323.333611,615125362.945744
2019-06-30,JP1110,78303618869.82639,-545593434.446129,12193669105.087654,23270663.979149498
2019-06-30,JP1111,29477985237.04293,228980233.75114965,10838922505.406368,731648586.1485891
2019-06-30,JP1112,25802750650.072666,507674296.11190355,13579595621.016462,530860447.5903145
2019-06-30,JP1113,24305294350.226917,1418077612.8207226,35035498389.43794,1173448807.6835563
2019-06-30,JP1114,90400139271.931,720398527.3107,15031296117.12641,2018321151.8107588
2019-06-30,JP1115,36683572705.32417,253340889.65156174,11549758853.034933,349983758.2800815
2019-06-30,JP1116,124230768607.16432,3327984519.7064276,9924723099.764746,1356773927.4631228
2019-06-30,JP1117,14549558533.43495,386936485.6153958,5409936257.0665045,246787731.15678877
2019-06-30,JP1118,92481807367.03496,10206828.02017434,12420075215.078415,544686919.9305959
2019-06-30,JP1119,671595755645.8212,2469715885.7840223,252480509427.74377,23583451076.628487
2019-09-30,JP1000,30886618343.433033,577668559.4310914,12831608343.854418,344363660.0352275
2019-09-30,JP1001,62592379332.01064,2029060125.162394,36929334613.19044,9412376.248543078
2019-09-30,JP1002,148178184393.07263,5110470783.254664,75697329450.88338,3505680275.2232604
2019-09-30,JP1003,17375385426.034286,300101784.3343153,12027460878.145123,747633443.5719789
2019-09-30,JP1004,24873604200.50448,1097137156.6608026,26155193642.01359,1115321667.6241076
2019-09-30,JP1005,120692310688.69814,940642797.7596791,151015657198.92328,5977598757.896157
2019-09-30,JP1006,36792652610.48286,899777764.9088743,23599423871.157112,1189206318.6990278
2019-09-30,JP1007,26221309417.013676,-53775601.69226501,6676717913.799505,18084840.24408345
2019-09-30,JP1008,70822926787.5772,-130707554.18108326,21050771835.423836,469986498.7724919
2019-09-30,JP1009,85663069197.1868,1714830596.860744,30814409363.179802,3482458098.358964
2019-09-30,JP1010,83016797019.62234,479969780.76383984,18391249819.631187,994225698.4936641
2019-09-30,JP1011,316312215923.04364,-1687769849.6013012,41718508842.06415,-1181432814.8176968
2019-09-30,JP1012,165486755118.5093,4391616105.645072,83646339537.27698,437160824.1153352
2019-09-30,JP1013,120319937498.3824,2386752747.7220454,35817315746.22648,3023302394.1199355
2019-09-30,JP1014,150879466545.33438,1460687960.1648126,14397737363.508207,969128866.9842073
2019-09-30,JP1015,381547367847.11383,-3841638033.089933,138997929281.55588,11617918219.936417
2019-09-30,JP1016,61232490043.99768,565324890.2715975,24900374865.330936,1635780068.5423832
2019-09-30,JP1017,6309320169.407413,210817324.01194867,3547491778.005457,213386694.43740553
2019-09-30,JP1018,421522306379.99976,10908838954.033808,230815310984.25296,14634678999.633572
2019-09-30,JP1019,21893320281.52944,1544419721.9820156,37180662946.0433,2046557295.5967934
2019-09-30,JP1020,76120716692.39812,520947148.86258477,33596397035.65322,1783518686.0766766
2019-09-30,JP1021,131559661379.6455,-350670233.503511,45824340238.95295,2267769248.70694
2019-09-30,JP1022,18245537407.30825,-90931021.54826574,590391501.0321656,-58712511.3018892
2019-09-30,JP1023,18947430097.727432,505280666.56192666,6830461228.500517,343447127.35842144
2019-09-30,JP1024,11730536863.33717,120289992.34187284,2348944993.818199,219290991.3077934
2019-09-30,JP1025,19175289191.583775,345288801.2267157,8005850294.604913,600449250.0736895
2019-09-30,JP1026,100298136430.45149,1767250546.6501946,29304180221.965282,838578219.1020155
2019-09-30,JP1027,118891687938.1832,295379362.63594735,48295398310.077896,1929753091.6573665
2019-09-30,JP1028,72900368792.80992,1419956092.3503833,48271520128.853264,2952523906.0382786
2019-09-30,JP1029,11258107693.319084,152189782.27660167,5799307323.626335,447966670.1023469
2019-09-30,JP1030,13616868401.351206,148535350.9294386,2104396875.6659412,164117214.28047854
2019-09-30,JP1031,68793688714.7436,790485658.019077,16276031986.82042,213632460.26248136
2019-09-30,JP1032,41530342694.51713,-26705280.04079751,4499928162.258684,315207648.1033344
2019-09-30,JP1033,46224033573.89866,917703203.6173232,31423238439.359375,1212491817.6971972
2019-09-30,JP1034,119451475323.3007,2868087230.786721,38688317773.565956,658725624.3868091
2019-09-30,JP1035,93356736827.6624,2663972496.8858104,61576745950.319626,3184846284.991405
2019-09-30,JP1036,137593863324.6689,2120772789.6620226,51319458661.192696,1351083897.8341146
2019-09-30,JP1037,36203714826.53903,1371364412.2617464,45687169677.43731,2144375939.048685
2019-09-30,JP1038,63797030577.44866,38252210.79544157,40556714460.62194,571602883.2675573
2019-09-30,JP1039,40496824656.84827,486610366.5627698,6731783121.090192,2540009.839990982
2019-09-30,JP1040,61196976873.88163,-235752348.44350094,13262093783.11143,507666407.2556206
2019-09-30,JP1041,67353855783.720215,-294638456.605721,14676995873.365597,725484333.2569999
2019-09-30,JP1042,164495015498.2179,4444588525.838098,115527160544.38184,5840188155.498507
2019-09-30,JP1043,70755171017.98097,145038123.82870147,13149008561.077913,281779896.8056685
2019-09-30,JP1044,72614267998.0602,1738083745.0866573,50988585784.83523,2826326200.7577972
2019-09-30,JP1045,22911333006.2555,351169935.29069114,9086497906.323404,141573165.24200237
2019-09-30,JP1046,44307706237.225525,849120838.0712402,27566468402.246857,1131108785.1611383
2019-09-30,JP1047,86927449088.84116,2307954860.409226,59016377889.88848,908011996.0674444
2019-09-30,JP1048,9203797150.48558,49989825.55335616,3501779292.083962,106690019.71152627
2019-09-30,JP1049,10827027560.139599,87967988.30535457,5401031446.526911,470404095.26362234
2019-09-30,JP1050,20136607953.93296,315098680.8313333,3809337457.1263146,347625380.1597196
2019-09-30,JP1051,6701899343.771094,50218798.115406245,2464528130.3376465,110371984.67586873
2019-09-30,JP1052,17212761626.228794,418790666.9318077,10027889527.159048,334295371.23866767
2019-09-30,JP1053,118727020330.73045,384219444.72979707,18591747124.425175,527582697.72469
2019-09-30,JP1054,33020655393.629597,-354328758.9862098,5777142664.537254,1268721463.221914
2019-09-30,JP1055,34127662752.735542,1231426469.3946676,32344866837.563442,2053817607.6052945
2019-09-30,JP1056,185580494111.21716,8677037985.674252,145010793948.79724,9185649816.722727
2019-09-30,JP1057,504416018986.1305,7306285520.323412,111378839192.12201,5895501109.504128
2019-09-30,JP1058,32021809370.27574,744060825.5923376,20779768015.066235,-93217323.54618621
2019-09-30,JP1059,252577363159.10504,4884418891.398824,82010133323.9536,2423962210.931294
2019-09-30,JP1060,39244018419.90772,2059777961.1239867,36034154787.81367,1843654694.9142818
2019-09-30,JP1061,19166204755.20438,626811590.4715155,10266572475.809792,404488037.6489434
2019-09-30,JP1062,48650558388.787155,55194916.27526137,11271077608.382029,565982208.8136487
2019-09-30,JP1063,22282657116.460323,147753317.78573033,7882968262.518497,458652398.8043145
2019-09-30,JP1064,35025205285.30864,465470334.85703015,12005476553.073933,579619451.8140675
2019-09-30,JP1065,35898396778.83492,1121822016.495729,32951022983.765766,878266418.0574261
2019-09-30,JP1066,76925463466.54001,1321336447.7328258,49688608576.28944,4255271849.41775
2019-09-30,JP1067,183423571009.89478,-1664023885.5015535,66328236934.01605,350273097.8105658
2019-09-30,JP1068,22732284869.364494,28815603.432957932,2755855680.0568514,-129419611.55779563
2019-09-30,JP1069,75085466796.41266,2176843714.8596525,54978593467.941765,1732418447.1596713
2019-09-30,JP1070,10710965364.412287,571289116.178503,12180207704.76978,509323277.85358876
2019-09-30,JP1071,61867481503.80789,2313066584.3205314,34777932026.094635,1546223409.5627189
2019-09-30,JP1072,34760054797.086136,594193028.3620361,15649869707.491083,745284606.9291563
2019-09-30,JP1073,12710108673.922453,218657697.32189107,5739412735.778759,221455143.6160586
2019-09-30,JP1074,141107735420.0721,-839332024.1553855,24784987200.397564,3282468702.108379
2019-09-30,JP1075,25308127449.888813,-4460513.055315693,7355093190.996679,170861390.86922696
2019-09-30,JP1076,28033334457.870907,916254470.5926241,15962565784.48629,1081842364.1088424
2019-09-30,JP1077,15957261600.939957,156849860.50318927,8157922375.39015,35407748.203438155
2019-09-30,JP1078,41005368798.420715,745704720.3327061,11788325721.5315,377167374.86014503
2019-09-30,JP1079,62577025526.47926,519802974.42340565,32163960730.321224,2086861613.5704095
2019-09-30,JP1080,48763453385.41769,1228122206.049873,26739732537.669056,1259987837.824731
2019-09-30,JP1081,62326812716.783844,1400123520.8961153,41365580726.51041,2751412067.144086
2019-09-30,JP1082,80051799850.88904,1351872503.4738889,38256894791.61377,1148828209.8935418
2019-09-30,JP1083,189852686964.97842,6647121914.219012,116666691382.43295,7599026050.167142
2019-09-30,JP1084,34305888867.21943,-506619446.78342867,2825139317.9761357,-253817862.20607033
2019-09-30,JP1085,11038093319.712984,144308260.7074076,6482175219.4786415,172806041.9632902
2019-09-30,JP1086,79092757091.17368,-895795325.716119,44164315771.748665,575712537.674761
2019-09-30,JP1087,22350765978.828613,-326431831.8843818,7958391441.192809,578816862.1406676
2019-09-30,JP1088,171881913650.6615,2348841313.938162,51982308765.64874,549086894.2254333
2019-09-30,JP1089,91547788015.34328,510273193.74905455,33101309604.156082,850409881.5279933
2019-09-30,JP1090,42418245390.47362,1040102226.8323174,31344390688.45552,1559476263.5877695
2019-09-30,JP1091,84271495233.08624,920884469.530817,12670071590.401075,51621285.78424906
2019-09-30,JP1092,257444799535.3173,-230445021.20362985,191325364669.49472,6308296943.532562
2019-09-30,JP1093,283342127045.88196,10472077404.674353,159682910468.24557,11081621022.727264
2019-09-30,JP1094,25453408338.01202,218062008.59353116,19950466696.933815,1079530738.3240488
2019-09-30,JP1095,30214250817.31881,1944301983.1615489,37524399188.91265,1918376499.3473012
2019-09-30,JP1096,68464493928.975395,975681707.0933554,88658928368.79561,502131087.16377115
2019-09-30,JP1097,15181216090.388906,598120731.339427,15258033060.600273,727036608.4091669
2019-09-30,JP1098,74821728707.61603,462169005.9419899,27124859218.881172,1421906183.9000568
2019-09-30,JP1099,37576280235.80519,63035507.549371585,16527400691.571451,1842655744.2776008
2019-09-30,JP1100,50941356860.04308,2003973744.67324,22309544193.65143,643248367.8756313
2019-09-30,JP1101,24712960964.23758,474749687.4876449,9003734248.64213,638110372.215976
2019-09-30,JP1102,7752356582.753507,151491828.06292373,4474715172.731253,401106683.49133104
2019-09-30,JP1103,6244882982.539807,7934026.016436392,1175967146.1105099,95043186.82256968
2019-09-30,JP1104,7768504607.205213,486311401.87221724,6763899276.090188,358568395.36679816
2019-09-30,JP1105,38052906853.36999,605483109.43314,18272727017.012016,842368872.6347266
2019-09-30,JP1106,32444435521.185596,1069504318.922965,35915870827.34941,2121216131.9828403
2019-09-30,JP1107,344689237837.4283,3863699179.654057,311266817106.28925,20994804649.640198
2019-09-30,JP1108,183798314103.13287,408337319.19359475,29171258383.121094,825367977.0335294
2019-09-30,JP1109,8501816226.16669,353746507.7956327,8222549683.429809,280856239.79572165
2019-09-30,JP1110,66677802642.58962,1285905340.2363122,8457208581.764049,-114365598.1158676
2019-09-30,JP1111,34913532419.97464,315542162.5682653,12151768328.60709,798738008.7084997
2019-09-30,JP1112,41000905119.91694,1704655798.4972227,17463898636.228363,1037885907.5256014
2019-09-30,JP1113,33075946802.02436,2796210000.434816,43741976445.94955,735030162.4332874
2019-09-30,JP1114,120367073338.59666,1246211865.220888,36017642622.79836,576358605.8804855
2019-09-30,JP1115,34056394753.35745,266695279.64531928,10785790439.176224,637691708.571563
2019-09-30,JP1116,163025380778.707,1203756136.4919362,3166486709.2037425,660462458.9527861
2019-09-30,JP1117,13529518690.654505,501943255.65024555,6874554740.553712,497563693.42797315
2019-09-30,JP1118,109381396119.09686,459768907.443805,16109282919.878138,-702988079.8924613
2019-09-30,JP1119,564540416155.9706,12913190955.34506,311899030378.9645,10246522670.641497
2019-12-31,JP1000,60661506894.03447,1550546898.0554821,14952735188.9803,827869830.3691527
2019-12-31,JP1001,57224742595.02584,996625324.9527549,39591365538.293945,2092601273.254115
2019-12-31,JP1002,111260053661.9005,2155353209.5396376,52375715133.43511,574571857.5167681
2019-12-31,JP1003,20682449788.847725,676682813.6169258,12846967447.81641,-34079456.82743271
2019-12-31,JP1004,23056309326.085567,1658901324.981538,32520918080.212746,1814216171.0506291
2019-12-31,JP1005,141486924474.36288,4851904686.885245,128880481207.63348,4215178003.260546
2019-12-31,JP1006,32184828951.832836,1121104550.4405348,20326620319.962914,951714140.3445462
2019-12-31,JP1007,18163609310.208862,372553302.2852011,4676820062.111192,343675548.4306862
2019-12-31,JP1008,72073863421.34193,1184005721.7392647,22314630092.358253,1396451479.9814909
2019-12-31,JP1009,69400998177.52168,-128496383.80288813,25108172027.334633,-469218060.42041004
2019-12-31,JP1010,113800901595.00612,115530603.44685051,18036678258.944523,887987585.7818408
2019-12-31,JP1011,224109768609.7525,5472673935.633268,33115423979.1197,2197843239.293036
2019-12-31,JP1012,102735504382.7223,422285329.570548,65962017431.58164,2339288276.673679
2019-12-31,JP1013,154012575596.8357,-345711866.0944717,51309963642.63582,1793017121.479221
2019-12-31,JP1014,67019617578.459885,359453638.1628003,16227109444.116133,1444853463.1729198
2019-12-31,JP1015,237454964560.28134,-254742408.68438002,104770203482.07895,1950979128.0086045
2019-12-31,JP1016,61205676676.73286,389141286.6338859,18588543675.49136,564343172.9871639
2019-12-31,JP1017,7188339306.09487,-8656161.455658438,3949646199.653553,132089986.15030311
2019-12-31,JP1018,253745492968.97525,12049062035.313608,217819147938.44315,10148806199.114655
2019-12-31,JP1019,33814961155.667095,1080987010.8885431,33202007739.00687,1665472010.5465605
2019-12-31,JP1020,44302442883.343254,1509645737.8674927,31945601513.60362,2492285307.5908365
2019-12-31,JP1021,136211296649.96758,2182346591.8732996,39378761224.68332,4578198462.36419
2019-12-31,JP1022,16615202686.092442,-33295138.480530854,546864410.220291,-83943013.14123262
2019-12-31,JP1023,12098478886.107445,326155124.9825311,7815963943.211001,414529851.3015705
2019-12-31,JP1024,9617049671.908936,127673755.57968143,3823493908.3052154,10610283.696226722
2019-12-31,JP1025,20451104957.9072,-403236067.3118192,9341317504.940624,185473279.52803513
2019-12-31,JP1026,70007165962.93274,623645635.5985156,25168103950.37881,2653258708.1736846
2019-12-31,JP1027,61080671923.95011,426226092.92425555,34335119050.46585,897440941.7827268
2019-12-31,JP1028,96906814192.78537,1486983095.1486409,48145944809.46546,1917428623.5364609
2019-12-31,JP1029,17669735941.019592,88652610.43093698,7668716302.960236,60655431.96209494
2019-12-31,JP1030,8439116699.657469,-2251082.7499484587,2181438352.390427,113333805.4324338
2019-12-31,JP1031,33732001941.63487,879896052.6617008,10965388654.423923,712771893.3628322
2019-12-31,JP1032,35532672965.10615,-30789436.115566704,5842118426.5330105,65935968.72734704
2019-12-31,JP1033,78018645019.03787,797541296.0483149,24715239726.894802,1324892364.4251647
2019-12-31,JP1034,111447713144.58125,3184395370.0890384,41467896203.0848,3544264186.6124635
2019-12-31,JP1035,85363556332.7227,1996570501.6519356,44169272597.26809,2079903767.5429502
2019-12-31,JP1036,88119097452.71765,4014461403.9061437,47815365337.40655,3555556466.129448
2019-12-31,JP1037,71354071604.36433,2449625045.287673,44112591138.179306,3423743271.5246754
2019-12-31,JP1038,109907480300.34721,1301704502.2063863,28990614142.466835,567675661.1400914
2019-12-31,JP1039,41252879157.09476,180131481.1305893,6486075907.721411,-155566210.50176027
2019-12-31,JP1040,64894810579.58619,928762330.4008144,14773612810.484135,308020894.17768437
2019-12-31,JP1041,80427933834.0692,-374864185.18285215,18567865563.35803,638819639.450098
2019-12-31,JP1042,108085668762.60461,2907202297.7081585,95946237844.40448,5690139729.833367
2019-12-31,JP1043,34006775091.97486,1375012.145361919,11371940818.746891,570576277.8202819
2019-12-31,JP1044,76134643647.698,1400639002.5059817,49010474013.18825,2599773018.9300876
2019-12-31,JP1045,46730579171.755165,369060766.8274716,9822607726.150002,226116946.67406675
2019-12-31,JP1046,61735969467.54052,610031599.3560277,27667153883.028957,1349999716.5753603
2019-12-31,JP1047,149025959290.3225,-285109020.6990349,54602571556.915695,2859665776.477031
2019-12-31,JP1048,15421850068.303886,295258758.332621,3774041668.159434,354903900.58532035
2019-12-31,JP1049,17875493633.948196,355440080.9138168,6053440829.078467,375850806.86801064
2019-12-31,JP1050,15593226720.621714,32271159.00536215,2123861389.165502,168122544.9262604
2019-12-31,JP1051,7581829214.265603,205330349.64860523,3286062776.5423174,111677784.84630825
2019-12-31,JP1052,11658144456.647125,131642698.19881222,12810965254.710398,-10833074.697824832
2019-12-31,JP1053,79320316647.43971,576241289.8942199,37606659902.52156,1877736969.4484973
2019-12-31,JP1054,51114340081.84245,37852910.72177453,5106067320.46277,111536701.39891395
2019-12-31,JP1055,48597169436.97465,1033926820.7890681,29708020612.176796,1732580539.42062
2019-12-31,JP1056,117681111298.19064,2842656339.0737743,109238409400.9071,5858537796.698638
2019-12-31,JP1057,406568590507.66815,6381048460.356464,131249712474.26596,2235293931.942935
2019-12-31,JP1058,40774577087.579056,658459439.3512732,19178388142.99166,742684798.931651
2019-12-31,JP1059,427789541422.05115,2258133332.46937,96266061882.70827,4602509294.659347
2019-12-31,JP1060,33540267532.334267,1078088687.5659795,34534681929.99915,491563048.53206587
2019-12-31,JP1061,24671543412.38716,455978861.42550933,12936948151.178875,84567585.7306821
2019-12-31,JP1062,25765310871.606976,560564421.1481934,8924333860.379116,430541817.9389807
2019-12-31,JP1063,14336782671.984125,258719139.4799775,9438696452.610891,217708790.47482136
2019-12-31,JP1064,26142314443.567947,432344326.80597305,12025593271.35762,476106747.66737187
2019-12-31,JP1065,59600641877.02784,947593410.2266082,27043470931.518696,1281813152.6806424
2019-12-31,JP1066,117716168529.95956,2470632820.0811353,48659616081.77168,2709911291.560625
2019-12-31,JP1067,324698725855.7368,6609911644.065707,51579058492.91966,4381732769.617598
2019-12-31,JP1068,14030680017.207577,67709434.0694753,1390770784.0810878,70104386.27619599
2019-12-31,JP1069,87017801705.88582,1589923804.1121106,73251649300.78578,1809938897.5068579
2019-12-31,JP1070,14415719537.624502,88729583.2930443,15402029190.864107,827886392.782639
2019-12-31,JP1071,69108263895.7253,1075676783.2819765,34567075592.89114,2053245845.9389005
2019-12-31,JP1072,41541794027.788124,1162728912.098248,13955197387.11825,639944606.2969875
2019-12-31,JP1073,6234508838.967138,118001558.5410707,6410063656.074298,392215104.14690477
2019-12-31,JP1074,121589998162.52061,424499085.57407737,31777866405.627453,290123078.8937427
2019-12-31,JP1075,21754643933.40616,10771404.529329484,7454891897.367264,442687328.12669355
2019-12-31,JP1076,25999403954.010265,784143853.7272766,19866734557.160667,1196609203.1435266
2019-12-31,JP1077,24228352744.915993,10352681.652313,6780068684.36962,99568040.24489997
2019-12-31,JP1078,22905997530.18122,384066555.21544874,13080963619.948675,531277683.4615102
2019-12-31,JP1079,76357406501.03679,2025629814.221049,32662194933.722874,2501338908.1175456
2019-12-31,JP1080,65695836197.27379,803977309.621754,27349422738.123936,1517709884.7902312
2019-12-31,JP1081,58733482630.36686,1817323943.979912,51972075655.12462,2398913806.4825625
2019-12-31,JP1082,57022188602.68497,832195027.9932607,30380541422.589706,596489254.459949
2019-12-31,JP1083,128531577685.14093,707593837.6058834,101511670966.7646,4612397269.313645
2019-12-31,JP1084,25248095749.740673,295191747.4619409,1.0,-301089086.7311164
2019-12-31,JP1085,8873589185.216427,269189407.77933574,5099042765.57502,355539116.74847424
2019-12-31,JP1086,218534839497.7707,695418646.1445516,42620802422.19198,-1107491145.0909226
2019-12-31,JP1087,26669919082.185402,69897161.55534156,3605559597.414508,-103475815.7513559
2019-12-31,JP1088,201135123685.45102,2934462260.8652573,41392658440.75331,2168985545.658233
2019-12-31,JP1089,139035800549.97403,-427869765.0133894,32647113629.374043,1527358477.118763
2019-12-31,JP1090,76916018585.43468,1420567852.4132326,26639762283.705975,1295405074.742045
2019-12-31,JP1091,46736188387.885735,-58578789.37401865,12976031903.044264,681052809.1253337
2019-12-31,JP1092,415978244293.4061,12305605483.300995,172004651402.46494,12574761458.426422
2019-12-31,JP1093,480196872479.3612,-899493962.2699639,159641641410.81277,7536294441.509061
2019-12-31,JP1094,25149064253.00251,110398418.18522759,18507798716.558163,631616673.2238303
2019-12-31,JP1095,32570224139.128925,2370055347.2113533,35423616611.93086,2089223846.9476528
2019-12-31,JP1096,113677885730.85097,1531424067.0221424,86413942018.42662,3475396162.0421486
2019-12-31,JP1097,14002969729.428486,654322521.5532274,15101890382.005112,554048047.2191367
2019-12-31,JP1098,61649542312.331635,1203483556.050456,30157290839.160633,1028812274.1440892
2019-12-31,JP1099,39242546568.79256,258907727.84791893,16616752343.94497,1944664786.9577398
2019-12-31,JP1100,59046007428.96055,1513690710.474687,24459984690.870975,1052310534.5813115
2019-12-31,JP1101,40468916658.25387,488921461.8543703,12196313741.693506,518319638.38709205
2019-12-31,JP1102,5906451990.367293,16064563.239011552,4717520802.647209,97470720.88563043
2019-12-31,JP1103,9210405563.622883,118131185.9337839,1330987895.199233,127469192.37127134
2019-12-31,JP1104,13229156396.368015,274784722.87436,8110245631.990353,216559528.59689757
2019-12-31,JP1105,24753705380.85188,13028097.654355593,15515072509.400452,1476368784.4135635
2019-12-31,JP1106,18250420210.419754,864092142.8024757,33759222067.409,1389538724.5846324
2019-12-31,JP1107,374414983318.39294,9418521116.07119,321395285733.18866,11931843422.740015
2019-12-31,JP1108,191823866608.74396,1219789149.8446815,43886733531.62313,5034658903.3248005
2019-12-31,JP1109,10704201519.272945,209229293.19698733,5281783417.230922,385276933.258293
2019-12-31,JP1110,54437866406.273964,674926738.9926281,12597870035.742023,1022382803.1013927
2019-12-31,JP1111,37515794802.21968,426551131.8616506,14791824656.651321,194075330.60958117
2019-12-31,JP1112,30935200227.790012,757546405.0409877,16557944854.45688,1273336963.3626478
2019-12-31,JP1113,50641947270.6912,583792454.4255371,54692387333.55359,1881464718.1493819
2019-12-31,JP1114,117790388663.8694,1140603364.4714258,16192351747.783646,1764903461.219795
2019-12-31,JP1115,27906149452.404312,183628082.73280436,10581697308.171871,757868575.7032558
2019-12-31,JP1116,129216226477.14534,1342815684.3343568,1.0,222548298.5266614
2019-12-31,JP1117,19237931611.18396,333309741.59851277,6715261683.009858,256626286.15573984
2019-12-31,JP1118,74601610774.91873,-279672609.14112645,9930755554.08559,-11626232.43145531
2019-12-31,JP1119,546747406760.394,22686402775.240448,203332010217.1731,20448696407.571983
2020-03-31,JP1000,36070449956.51747,495920998.8251411,12015036994.329954,358491123.8705916
2020-03-31,JP1001,34081254790.769516,691259514.9864303,39652846423.866066,2619845773.920254
2020-03-31,JP1002,121829458512.72026,2769595512.893511,66311116441.84752,3642402626.3037887
2020-03-31,JP1003,27338643555.06344,1012193886.3346992,14216010266.238857,901771702.5275309
2020-03-31,JP1004,29918951531.598133,908101977.4067469,28669958989.71808,1304988751.7276998
2020-03-31,JP1005,124371624018.15533,2256910154.251355,118343759965.63432,2878870860.958148
2020-03-31,JP1006,26790734026.81613,718600881.04045,21796056008.059856,1134288751.5772429
2020-03-31,JP1007,22997704218.110714,-59385820.008523926,6300939714.439285,432303927.55330294
2020-03-31,JP1008,57772846367.57655,3660460.018452284,19668385082.746296,773437642.5293877
2020-03-31,JP1009,120073920979.60628,1765681974.7112935,32155093625.401154,3615327652.9332347
2020-03-31,JP1010,66046029698.8075,1274229043.9991624,21210033968.901066,1352047615.54569
2020-03-31,JP1011,305997207423.75134,1108592490.7216327,37623700233.89648,3169294323.041053
2020-03-31,JP1012,119172562122.63889,2475569136.7860146,93676638271.0437,4622333976.116649
2020-03-31,JP1013,246349714865.86758,132200266.28593537,50222093178.689735,2762041946.9416504
2020-03-31,JP1014,102679309987.15834,-794562563.6054742,17074042099.5909,1415262169.277982
2020-03-31,JP1015,469162546938.9036,10095775288.48213,237094686828.96332,17082443157.979622
2020-03-31,JP1016,39257666581.631584,237187841.17349198,19208837735.653816,1707758446.8183162
2020-03-31,JP1017,8165670231.569007,176931756.8954283,5687392318.516504,327543757.04889417
2020-03-31,JP1018,238712193142.72226,11737262491.90825,241371751872.1842,8833664998.818949
2020-03-31,JP1019,37011975321.292725,1562924749.4298937,36559647447.282036,1764893410.9547913
2020-03-31,JP1020,49329959213.87673,1501585550.9079852,29600446261.068996,408430252.2695748
2020-03-31,JP1021,142714046374.67987,-482047650.2022522,37958249117.239426,4437772046.114672
2020-03-31,JP1022,21597773912.80207,-135043499.42711282,1.0,-27029206.443157587
2020-03-31,JP1023,10714004190.9381,231773387.66409367,7983643405.343698,404985307.076805
2020-03-31,JP1024,8768792656.366959,6447663.994664034,2722201635.7615314,230883797.0376003
2020-03-31,JP1025,15585250960.872442,444742522.13067263,9172716445.393734,889995919.3768718
2020-03-31,JP1026,135904306951.86212,1651174807.134077,26201428481.979588,1518987169.9496863
2020-03-31,JP1027,117458084547.02164,-925804444.7714349,40385583268.6571,2326656041.6913548
2020-03-31,JP1028,59970951145.22126,2184020155.1665215,49388500671.453094,3287189054.0290403
2020-03-31,JP1029,16774408016.6393,288454684.7194221,7973603573.653024,-104054593.38728727
2020-03-31,JP1030,9907483626.68407,74661241.51177278,1537068481.7251809,128695163.33766404
2020-03-31,JP1031,47157194588.42651,399989116.144078,14842067552.84378,294527506.6788769
2020-03-31,JP1032,31865061288.49583,386671541.54727894,4443819623.193058,-572636840.3802395
2020-03-31,JP1033,70137573241.68437,1081547192.9703903,36616558082.338646,1077467768.0666063
2020-03-31,JP1034,98376379280.15111,488361956.1984334,51782157459.28971,2263657346.837827
2020-03-31,JP1035,149435965131.53534,3163602982.5797434,54478400229.87512,2095493830.1708872
2020-03-31,JP1036,113813308738.81934,2713065511.1382613,49645276373.73749,3161306634.6008377
2020-03-31,JP1037,52623191952.89493,740873667.2549288,37786558266.07068,2187444675.057896
2020-03-31,JP1038,124650799222.01414,798212634.4344467,36322036498.156296,887372892.5940642
2020-03-31,JP1039,37824602662.552574,-20822340.458846953,5680358591.502383,926783514.4990857
2020-03-31,JP1040,61266013520.732346,-384558244.9148393,13295171541.046848,995216172.1960859
2020-03-31,JP1041,100576701915.78848,521927770.3290946,18198684097.775013,268321332.26858968
2020-03-31,JP1042,101445213049.40224,3807950346.74319,113835119666.33105,7175310806.797728
2020-03-31,JP1043,56034101386.853096,865779666.964079,10106957279.716652,105793165.69915403
2020-03-31,JP1044,100365297237.2874,2443629169.6369815,58712191660.42538,3010235219.903491
2020-03-31,JP1045,66462536231.1114,231665449.22482613,12831631423.414026,668995593.4352306
2020-03-31,JP1046,70240743216.33336,1519887480.3176577,30228783010.865353,992177477.1789774
2020-03-31,JP1047,172745100549.20663,243612789.5098083,79214634357.83954,1801693229.296233
2020-03-31,JP1048,14935921029.257093,78841538.50579008,3959175668.572403,131550571.9044347
2020-03-31,JP1049,14123736106.63062,342907554.9308751,6708755328.593677,278130974.01186544
2020-03-31,JP1050,12683221240.044682,73756690.1296198,5540625061.130924,-41858156.40764655
2020-03-31,JP1051,5870866792.125835,192879606.1660315,3778495532.3686347,96865803.72354022
2020-03-31,JP1052,11766877640.188805,731371941.8065534,9312845524.020872,320053824.71673304
2020-03-31,JP1053,109234228335.96205,-659646067.8731327,29947544305.988667,948546793.368612
2020-03-31,JP1054,31840810884.304703,-148016777.12442628,12133490885.587837,207469413.87417212
2020-03-31,JP1055,59753384578.01262,1043364328.9721975,25428425990.169,1870927121.073286
2020-03-31,JP1056,202553610707.85068,7853565749.626292,114381826432.38329,717264495.5838367
2020-03-31,JP1057,500187368734.70996,2598876394.3125863,103709953450.87077,5728766145.508045
2020-03-31,JP1058,36509953216.065575,71293919.17532454,23348096679.357735,1353910065.0497675
2020-03-31,JP1059,370567231288.37885,4830499953.300803,133790369136.37111,1502460971.255552
2020-03-31,JP1060,33070981231.070854,1681147324.6135032,41794042308.510956,1495094352.3799777
2020-03-31,JP1061,16910944315.215826,316688038.20116836,12363893418.080158,858469080.6350422
2020-03-31,JP1062,50712977947.73061,-134022020.11964174,11040499288.380323,773039448.8608987
2020-03-31,JP1063,17880750485.5,149209764.00152993,7158660909.320734,207728179.59230947
2020-03-31,JP1064,31965936479.383995,278984380.69396806,12672845652.22492,283030531.1990641
2020-03-31,JP1065,37750830377.24334,2507077485.0906587,32726378166.042183,2439776417.063621
2020-03-31,JP1066,169318066569.7481,14405125.59343071,66211280205.61092,1165871962.0626512
2020-03-31,JP1067,198617572494.5899,-3431001958.734234,31782304888.79983,-199298975.21586624
2020-03-31,JP1068,14350834199.331306,54124252.41736499,1517364878.1986787,95158992.06401052
2020-03-31,JP1069,100998723921.92395,2515878523.5442257,63153976839.13967,3245874218.719797
2020-03-31,JP1070,9192988677.895874,787900646.3814337,15113524779.003284,1085005991.8041859
2020-03-31,JP1071,76621831089.93568,1797359938.5079544,41726696477.18228,1708703678.4129152
2020-03-31,JP1072,28980595688.464184,122485418.41012962,22432855759.816395,837154229.3063188
2020-03-31,JP1073,8620355747.576649,304954267.932014,7269366852.5810795,299808129.94732213
2020-03-31,JP1074,123231409033.43005,1980992264.6073074,40486934101.20726,1783510122.74129
2020-03-31,JP1075,38800306486.788506,547160.6953231492,8830842142.698338,140846283.6329622
2020-03-31,JP1076,21519020742.033646,1078670021.0007677,18108155415.008442,256383129.29696226
2020-03-31,JP1077,26179528666.27212,-100005207.97137015,6277370359.560716,91016854.42675604
2020-03-31,JP1078,31948959396.31871,1144169703.5115168,13653162529.236095,724271799.4384935
2020-03-31,JP1079,85565746123.75575,565309646.2553409,36862044932.85486,1731377306.3398855
2020-03-31,JP1080,68344196482.19956,504273304.88142663,26037019282.529385,1123385118.8112857
2020-03-31,JP1081,84982544955.5981,1684707530.1330395,67295184954.21233,3026040024.573868
2020-03-31,JP1082,66048896228.80365,1029408817.1622397,36197866519.39181,1131282730.1571183
2020-03-31,JP1083,229054838903.42514,4439245818.952017,149797108726.59464,4898809106.229918
2020-03-31,JP1084,29356453372.58275,-264134389.93211144,6134615292.937539,-687823614.649034
2020-03-31,JP1085,13897729408.893055,203100652.29649347,4394637153.806162,526006238.30996776
2020-03-31,JP1086,119395825331.52701,1525235904.7324812,64912408872.72782,1388087783.6724334
2020-03-31,JP1087,46255265832.32664,80050493.0208482,9044586832.745508,827556776.5132079
2020-03-31,JP1088,176526088316.80737,-3078311425.042484,45209073580.6193,1963984116.859047
2020-03-31,JP1089,108347836372.3618,926118043.2574832,30010105314.526745,1253831206.4772565
2020-03-31,JP1090,93160345526.5361,1039957756.7153829,31608066855.06596,893504473.3776534
2020-03-31,JP1091,80142408898.31276,-501185222.0363762,22252481859.2465,-787093782.0149341
2020-03-31,JP1092,281124492883.60034,5540457327.686372,139583865940.4607,-933435998.1164991
2020-03-31,JP1093,300235685086.5259,6295407458.9792,157170201698.70355,4469090926.315826
2020-03-31,JP1094,26527592951.187016,98444905.06578779,17208496176.922924,890386339.452604
2020-03-31,JP1095,24604068032.83374,1181209434.9899688,40582159532.93433,1958860961.3026438
2020-03-31,JP1096,171645143540.01105,1424159844.4794981,86773108904.92741,4142272308.5801296
2020-03-31,JP1097,22458335111.852158,652323473.9628481,21855117210.76781,1113497803.5574348
2020-03-31,JP1098,103764205411.34962,-28658526.84941577,32094297924.769783,1011200499.7976452
2020-03-31,JP1099,30094253064.16783,162341591.10570398,15784931691.239613,902371799.8491873
2020-03-31,JP1100,95173754507.11209,1917283812.734135,35688672653.2778,1557013993.2476573
2020-03-31,JP1101,37719876993.0577,375494606.8856358,11928487285.931225,470934577.9379215
2020-03-31,JP1102,10565219953.907343,348548095.1420592,5234647186.302718,149963115.23554063
2020-03-31,JP1103,10434063468.37477,-86658366.18033534,1804614846.0795965,-32718538.709610607
2020-03-31,JP1104,13794215078.326847,177905754.5831413,7856580911.978091,677289683.6691566
2020-03-31,JP1105,30090770473.29489,271910207.37629354,19916145468.319054,1496455549.0532436
2020-03-31,JP1106,32385768724.489662,1536690610.2840877,41539363671.12898,1516916093.3509645
2020-03-31,JP1107,364108435646.9834,10226344142.74489,349480439371.02246,18326159577.904984
2020-03-31,JP1108,169885486109.20163,941698806.0821918,53891085329.374695,291229698.03466374
2020-03-31,JP1109,7281939769.915876,141077493.41835108,7153188997.854763,480044883.63770753
2020-03-31,JP1110,93883709840.90904,2124270719.2623396,9395791930.416069,971671593.6545669
2020-03-31,JP1111,29541386376.176785,946358130.2714198,14341266261.809874,760699099.1819093
2020-03-31,JP1112,24251369424.08282,1131284377.6114979,21760161114.332775,1276225655.0330768
2020-03-31,JP1113,24176201566.098946,1577733877.0340526,38856412188.64827,1400587278.9695518
2020-03-31,JP1114,136273785701.30656,991610448.5998458,33678990748.795547,2300883980.663382
2020-03-31,JP1115,63280994890.66667,592606163.4039487,10830061520.97531,-100518603.12560089
2020-03-31,JP1116,149506812224.2459,1095382950.2705975,3695024056.4953794,493449119.9970529
2020-03-31,JP1117,17626520703.19173,413954772.7313146,7957876457.032074,145162909.527094
2020-03-31,JP1118,115074579606.56573,-524233037.94514114,15265868504.432156,384752708.6120725
2020-03-31,JP1119,779079243628.5007,11396966519.472292,291497992382.3905,23502809335.874435
2020-06-30,JP1000,76003015798.32674,864697209.2742746,15280346349.208578,1292075627.058459
2020-06-30,JP1001,69769267604.63802,1676629335.23609,54078409846.853424,1143837973.0046284
2020-06-30,JP1002,319534480359.09467,5185829133.619601,93041468977.83531,3149852593.9404445
2020-06-30,JP1003,25284697991.620102,297746503.92592883,11584384757.586668,582888078.7031811
2020-06-30,JP1004,17919070570.12611,855939656.7529786,24859520242.32241,1543112313.8437924
2020-06-30,JP1005,238101638434.20483,9938972821.506315,117223274031.26456,3741198762.238665
2020-06-30,JP1006,26301383578.821415,889546089.1728468,18795950047.71983,1156403248.198454
2020-06-30,JP1007,28160369932.391983,-295702465.5761251,5907408686.117741,-83996307.05744722
2020-06-30,JP1008,46786131110.72401,363471857.5812829,19218362054.500538,760809173.9470886
2020-06-30,JP1009,96185314078.39279,4202505708.4325886,31952729756.73877,2087024062.5054188
2020-06-30,JP1010,93997297403.24632,834741987.912958,18917497583.401325,439234697.6076545
2020-06-30,JP1011,322696418085.1363,3183095090.3072314,36353311534.21409,-1193717894.9697146
2020-06-30,JP1012,172016689958.84772,5925791001.167604,86797804802.65605,3959965940.499518
2020-06-30,JP1013,199234166485.74347,3245694191.632752,49512939236.22892,3054443466.1269274
2020-06-30,JP1014,145219010860.45407,-887428576.8554032,8116394998.453207,462603636.1643581
2020-06-30,JP1015,597099502314.1686,6944992584.941018,187840382626.8098,-3728183909.0136013
2020-06-30,JP1016,61742033997.79592,-477076130.32347965,28301841704.13735,1749184775.3720877
2020-06-30,JP1017,5133227931.807109,-2166403.8696848163,4645740400.3969345,308227679.8852149
2020-06-30,JP1018,558169525532.3718,18204715539.727325,302420134273.23883,22094298697.664177
2020-06-30,JP1019,22522554422.523167,1176212433.9470496,35987611284.685425,2129205195.9550495
2020-06-30,JP1020,50194076392.77809,2079123970.5262644,40392205196.33518,1907212827.658309
2020-06-30,JP1021,172288114109.2581,-517224846.5796611,62941326005.59345,1330918608.0390062
2020-06-30,JP1022,24954221586.795883,182492686.77612054,173322874.61156982,168861011.33491102
2020-06-30,JP1023,16133287612.305248,381986011.16616446,7005925929.143157,266415439.50236195
2020-06-30,JP1024,7692608557.149142,238288840.04681483,2851826893.820922,198851688.6395196
2020-06-30,JP1025,24837580618.04578,254732433.49576604,8330150097.74377,-62198926.57224646
2020-06-30,JP1026,103890088224.67142,760757854.6678038,26417244539.34715,1495646789.8290062
2020-06-30,JP1027,199273456168.73026,3120044032.766806,44581747640.949585,2070408587.9471064
2020-06-30,JP1028,97635845700.02414,1886166272.1752048,49517968841.74131,2411986610.8101425
2020-06-30,JP1029,17659710967.8991,151045600.14689142,7334548782.682615,-8467945.167573193
2020-06-30,JP1030,11075603788.6202,-31320528.471888963,2100712392.2345114,44044751.27886349
2020-06-30,JP1031,69555048478.2114,465169521.3662039,14124141725.194626,816066064.5730633
2020-06-30,JP1032,22668975834.12651,442225234.760619,5059712139.447552,-59244303.91305884
2020-06-30,JP1033,55595568259.35944,701823877.873184,33059479654.658,408266988.5060899
2020-06-30,JP1034,121710305732.40083,951758732.3579515,47194330507.38616,1926741841.488444
2020-06-30,JP1035,96048940183.9965,1686796201.668787,47168722371.555954,2300215847.990522
2020-06-30,JP1036,105787625101.41977,2644615894.5041914,39167947824.152824,2047650198.1262295
2020-06-30,JP1037,49356776302.3857,1837505018.745912,46964254898.23722,2697664601.279472
2020-06-30,JP1038,88470762534.80272,-279145128.9604258,35584286687.66395,216477863.1448411
2020-06-30,JP1039,37157873721.92971,22442453.91354157,4535497939.904462,-235013770.82476237
2020-06-30,JP1040,65899924148.46809,-223604319.6550318,9503660993.825394,634713230.4193743
2020-06-30,JP1041,125520111856.6552,1070556371.6593149,19012049281.9507,926950822.617461
2020-06-30,JP1042,133667851580.8541,4364373311.58098,126953801842.81606,5253683351.066906
2020-06-30,JP1043,30184424438.343365,56152712.68849475,9691538879.124903,567936999.5814674
2020-06-30,JP1044,89448567645.79068,2886270510.0278587,53899425201.3434,2631458366.076557
2020-06-30,JP1045,33275949582.790894,-153147868.11481988,8696451894.449886,190826641.07623264
2020-06-30,JP1046,65730010143.62008,899194110.1687717,25193541840.956985,1144511450.5975707
2020-06-30,JP1047,74544544575.46947,2742988168.1841316,47788789512.391266,1933772025.0418048
2020-06-30,JP1048,10501108779.797306,153719427.15836695,3636621586.442488,151492939.05497763
2020-06-30,JP1049,23496555967.589684,555068397.4715122,7048651989.854646,296347953.075299
2020-06-30,JP1050,13927593641.848074,47854202.95147229,4425643333.21233,342794902.9987026
2020-06-30,JP1051,3478199808.594831,87685988.39536181,3189195505.6168942,147559241.3276417
2020-06-30,JP1052,21544970923.600895,-150406993.45716324,12750520736.007278,826335199.022922
2020-06-30,JP1053,100613564741.62312,-145609607.44887412,24299842679.44569,-282003287.09634507
2020-06-30,JP1054,24925175419.202557,503877759.1862534,9811650954.630533,-8094529.999522658
2020-06-30,JP1055,40358772220.616646,513470538.39852214,33392734164.67855,681083701.405842
2020-06-30,JP1056,182734959751.68744,3354857388.9519577,114457230680.8506,4139455596.9005394
2020-06-30,JP1057,385865770586.5202,4532748050.852113,78666856207.21497,2925156422.5636477
2020-06-30,JP1058,42163589570.046234,522387578.5884155,27894078073.86261,762383478.0272404
2020-06-30,JP1059,341552544552.80914,4505130260.933627,102132805369.04704,6192223026.53138
2020-06-30,JP1060,25622273832.20619,1684198434.4925716,45612343048.98683,2169817831.8626723
2020-06-30,JP1061,20869103252.76594,457925318.4526193,13043907694.581684,622216407.8956076
2020-06-30,JP1062,34365384078.23336,541645331.7824955,9465434237.976215,651494274.3949716
2020-06-30,JP1063,9500300939.289728,-46231506.12229977,8695318485.258718,244799707.83837107
2020-06-30,JP1064,27163151913.299324,-4909228.426167769,12152293665.131338,624292774.8897482
2020-06-30,JP1065,45422270246.77372,492814049.87840694,23800556759.80121,1264401520.9308293
2020-06-30,JP1066,113864868606.35606,2151080573.928594,63588954778.06503,2513951182.1797967
2020-06-30,JP1067,394677392800.4149,744589393.0752225,78571850773.02917,4932690536.469978
2020-06-30,JP1068,14041402125.503736,132595290.53980364,2261594255.7812834,-59063106.316553436
2020-06-30,JP1069,70198256401.6814,2489184582.719603,58585099281.43048,3069560637.509182
2020-06-30,JP1070,11524889293.393204,744961724.9216194,14511909873.94962,934454236.5940795
2020-06-30,JP1071,63604132393.54655,1135735250.5182872,41018481869.8865,3213466214.968364
2020-06-30,JP1072,32929601352.65242,217096188.69167715,18905848143.48022,92792894.15639633
2020-06-30,JP1073,8389581295.550814,388040658.3468063,7523425115.671658,254066814.3607736
2020-06-30,JP1074,345036821794.173,-1150971164.331627,38913391629.56443,144596988.217249
2020-06-30,JP1075,61958768643.32086,78956506.71756038,8005807475.766288,-219292599.73141932
2020-06-30,JP1076,51777751147.519646,498968506.51011336,21530272022.858585,946004184.9717183
2020-06-30,JP1077,18077352707.61801,-204810180.499597,7060032469.425549,261801169.46760568
2020-06-30,JP1078,35079440713.36541,947580507.283048,12522097836.699144,742878378.5276169
2020-06-30,JP1079,65302350165.18718,43959539.067412674,31678463131.9659,865552246.4329281
2020-06-30,JP1080,58265565725.11327,641550864.6666653,21804021866.38387,1812460536.9480665
2020-06-30,JP1081,53044272737.15249,1590381323.4153693,46843686847.15124,2031023724.8556197
2020-06-30,JP1082,56129571117.33101,299329348.094122,37665803316.37806,1282616613.6572475
2020-06-30,JP1083,223524877128.2153,3506037498.270124,123844708534.84192,5784571032.820555
2020-06-30,JP1084,26529866198.323208,-359357692.7626716,3109877027.258587,-450498859.8785644
2020-06-30,JP1085,13252041919.598928,28318025.09078814,4801354617.555874,314265646.5425063
2020-06-30,JP1086,144179429971.54572,2786236871.318164,39367664660.57738,3054989171.6980166
2020-06-30,JP1087,28950557769.302303,22791114.222903673,7290588452.93635,559009347.3132358
2020-06-30,JP1088,191313916051.02115,2767237728.9107256,53009844562.456116,2704410858.9948964
2020-06-30,JP1089,82474364272.22423,740674768.2893425,33059291362.788136,1749834810.5191321
2020-06-30,JP1090,47974315870.25612,437526055.8507333,24488651612.160458,1703006010.0043213
2020-06-30,JP1091,86515810733.23674,-1110920131.73844,13331690916.212206,209675696.43735325
2020-06-30,JP1092,528730734346.8578,5944492736.033328,218649301613.58804,7261419106.69283
2020-06-30,JP1093,390752486161.2748,8969213738.605541,194224364666.67844,1178060037.1050441
2020-06-30,JP1094,42480914698.00942,151601019.30705854,15436415719.812046,969965822.0758581
2020-06-30,JP1095,51724948872.95305,594682762.6303563,41694377706.74482,1896364865.8739736
2020-06-30,JP1096,91528396272.37296,5615440192.595252,94987608571.35419,5568733630.833431
2020-06-30,JP1097,18845247458.908314,1049238769.3032591,17059515733.193306,823813167.273895
2020-06-30,JP1098,55883015515.32744,1573541958.8605616,34149420677.857742,1955081433.170593
2020-06-30,JP1099,33823625651.257492,-261660267.76046497,14682878824.5423,300057191.62086934
2020-06-30,JP1100,73843045774.16893,598480931.2630515,25622194831.567024,2643787089.170688
2020-06-30,JP1101,58922827393.513985,848166324.4708819,14480237686.098595,349727738.43311024
2020-06-30,JP1102,12384134273.043795,336669193.4865267,4523396863.96992,178262886.8605408
2020-06-30,JP1103,7462079115.118154,80699020.01431127,2082409735.529038,39650441.746343285
2020-06-30,JP1104,12880877810.34229,-75316334.0186422,8237765127.480732,705015754.5694144
2020-06-30,JP1105,37986804064.81334,941504955.5129187,17228241384.005806,705591972.3804584
2020-06-30,JP1106,30273241728.91917,1612773838.8861396,42955707398.36456,1615506413.591534
2020-06-30,JP1107,334663963037.5873,8613481936.695898,283561076647.3515,18711300327.286137
2020-06-30,JP1108,376791903473.8594,2871368811.636804,52763983538.7424,5442450250.003088
2020-06-30,JP1109,12071170430.715525,408367784.06405514,7871914405.7969475,395261603.24889183
2020-06-30,JP1110,87286794032.24512,900515627.9271631,7963813368.648998,740841232.764295
2020-06-30,JP1111,26555273371.57505,464932099.0171226,13656916715.77179,637879757.8022679
2020-06-30,JP1112,38923338243.4597,948688665.4267553,14179902223.576393,780369842.9449263
2020-06-30,JP1113,40776381207.92959,227267874.78639004,40941224389.494415,1890864238.8388777
2020-06-30,JP1114,87236927366.07094,-61287587.899314635,42942588332.086876,-2673316656.5929885
2020-06-30,JP1115,35260034430.830986,848707814.4753333,12602767583.701654,1092276154.1153057
2020-06-30,JP1116,173281727343.45026,-1995848529.144379,3567335319.0414824,-939969155.5299752
2020-06-30,JP1117,16576348664.306896,225725620.98744047,7171193289.953949,189675870.3708813
2020-06-30,JP1118,78195234291.58801,630268049.0865914,11083633953.904945,-179911310.7179799
2020-06-30,JP1119,491664641522.93243,8964887830.20836,264021120843.6129,15534346530.760632
2020-09-30,JP1000,49386957303.19017,121525259.18801577,13166570757.43377,367287964.3653406
2020-09-30,JP1001,47382766762.0731,-531011067.90295845,36225487028.01764,2879087390.7115507
2020-09-30,JP1002,226055229575.9177,1931478969.1811442,76859629926.54031,4228856753.016489
2020-09-30,JP1003,22001837281.196236,751205045.1986984,14263742086.146774,595344057.6643764
2020-09-30,JP1004,42634470512.38995,56570963.37574701,31656235110.65006,1971576504.8219683
2020-09-30,JP1005,186263800912.52316,8520391803.678434,101425681953.8856,7982409548.006572
2020-09-30,JP1006,18595765336.1224,750046337.1633034,17950606855.567284,1047113743.7655734
2020-09-30,JP1007,18760008817.690163,346724426.1267192,3797134275.340906,162202626.4429079
2020-09-30,JP1008,69731788137.48172,1781288154.9291263,24310457531.174637,1045824821.1908466
2020-09-30,JP1009,102872945547.28787,2180077124.791667,33490226048.711174,56934192.42549368
2020-09-30,JP1010,102504596511.12326,746869010.9766703,22820591882.025715,531221925.3444487
2020-09-30,JP1011,366331633632.8955,2198365320.305254,30630629835.96843,-1165503130.454915
2020-09-30,JP1012,228206358962.63724,3986602380.068256,80790509903.62839,4504458096.574698
2020-09-30,JP1013,175887371883.27646,1532165188.111057,54184145343.68768,3653878982.7483864
2020-09-30,JP1014,91405623781.27382,-770073990.4110547,10453429342.198883,1527446052.1541965
2020-09-30,JP1015,467979483697.53796,-1483651261.8737335,152882318255.8907,2286124659.3629
2020-09-30,JP1016,34582011398.6264,1310043557.6862085,21980904906.540077,1564903577.6200573
2020-09-30,JP1017,3634810486.756549,195353668.38775644,3984087137.1681976,385883675.4123234
2020-09-30,JP1018,277754058039.9568,15399867017.068966,266983485357.94736,12002897668.440952
2020-09-30,JP1019,43639007198.68802,1108754315.302765,41084969267.28573,2212169267.049732
2020-09-30,JP1020,65609092363.65756,1452658079.5178795,43921013186.32289,2139360759.6894937
2020-09-30,JP1021,129413888924.2668,2913650346.114039,44975004872.85268,557027071.5783803
2020-09-30,JP1022,19208636928.83927,-133838713.21616282,285418166.8295161,59671937.76973187
2020-09-30,JP1023,26972508036.981926,415524248.17706233,7595893425.085789,168492176.52598542
2020-09-30,JP1024,14715947721.951862,23916165.852356214,2349372878.377048,20240528.87985098
2020-09-30,JP1025,24677446734.10146,293090584.6005323,9138989141.038023,355135537.2714418
2020-09-30,JP1026,78279398965.28087,-665052549.9785194,24468975459.253975,1292283896.702823
2020-09-30,JP1027,82469264776.44864,2312297400.664559,36274399284.80721,202170150.74762183
2020-09-30,JP1028,106459548993.29466,2868309021.1045933,67971831579.8865,1339661912.1180623
2020-09-30,JP1029,21907596831.745033,239026047.9285935,5944191423.713142,374562785.01678926
2020-09-30,JP1030,17268516973.835995,-17792913.447730396,2307013446.1400094,75404137.94441953
2020-09-30,JP1031,77449979593.15204,1627490595.7006488,18824259951.808067,513219311.038066
2020-09-30,JP1032,30804865153.952534,-24471900.234371647,217141265.54637364,277726367.7690873
2020-09-30,JP1033,95944259696.08702,2178103251.183026,29405482695.773346,2114494474.6468518
2020-09-30,JP1034,201618000524.50342,4417647324.933933,51314452886.66461,3246083372.035836
2020-09-30,JP1035,81624465920.22713,1262025279.4874396,60105032227.318825,1220520692.9962945
2020-09-30,JP1036,159060878246.93927,4832253449.355606,81473992617.44746,4516227987.227542
2020-09-30,JP1037,59067333610.5315,1505664993.815404,60528707130.25071,3383491486.760689
2020-09-30,JP1038,94158596902.40573,1147543350.021192,32637691793.427197,2624093798.2579937
2020-09-30,JP1039,30812956430.42433,167116217.32824972,6459323446.812352,271445302.13152546
2020-09-30,JP1040,92500890143.25562,-286575002.9621016,12601643111.894062,1535830800.735406
2020-09-30,JP1041,102651713952.25842,490243539.3657765,23393580232.273163,832273431.6856338
2020-09-30,JP1042,132405826359.19478,4661422143.199653,96421256059.328,5058523573.956162
2020-09-30,JP1043,38706745893.29206,421354988.2964612,9695353415.705326,560315086.6887559
2020-09-30,JP1044,105683753366.44188,1324420123.1220517,54350254741.37149,2361148558.370152
2020-09-30,JP1045,49807439475.35988,237296662.70559168,14620891904.932625,61691569.59311033
2020-09-30,JP1046,51545592324.773315,2469252807.4933567,34906332392.66028,2363642555.8653727
2020-09-30,JP1047,158038732953.4178,1287416909.9419,65311271653.3416,2639600365.3343863
2020-09-30,JP1048,11353771618.971169,49730878.720287204,3356379750.32127,147908789.43804356
2020-09-30,JP1049,18343044021.5574,143664098.86927176,5346070938.367308,192389155.86238948
2020-09-30,JP1050,14991114589.542963,-98318099.6887822,4683507431.871156,168704436.5054787
2020-09-30,JP1051,6219191974.282924,92891620.06995785,2263387943.6173477,61025931.86982685
2020-09-30,JP1052,18854618655.70268,-138415355.67120692,14080933627.064165,517075780.4695652
2020-09-30,JP1053,77517350591.62343,-123397414.1685824,30214414516.76717,2630297940.639092
2020-09-30,JP1054,27740401442.053936,1189741188.7594476,6601944099.081236,-443024658.73655945
2020-09-30,JP1055,94047793292.19461,452680001.5984288,42499545842.45252,1142770902.0706065
2020-09-30,JP1056,190492239885.14825,3291003161.093257,187257462259.47763,10650947676.573399
2020-09-30,JP1057,304600154242.3441,3306796851.3366237,109673131439.33739,3595234414.0091696
2020-09-30,JP1058,51807409227.43935,647994181.4114653,19964857499.769436,148889985.19882038
2020-09-30,JP1059,283102052107.7958,6459371441.228761,144657170723.2162,8645729646.597551
2020-09-30,JP1060,27551465920.790276,516396699.79739296,39230528901.65854,3054337228.254023
2020-09-30,JP1061,20302272281.8332,476214162.9564199,10842814403.565342,493771467.71159935
2020-09-30,JP1062,30828253772.92028,485446781.18533576,11365614013.45107,22765471.063736457
2020-09-30,JP1063,14566629649.718962,305493263.022562,8704425115.177864,315909579.64021343
2020-09-30,JP1064,34645017172.5101,255910738.29827744,11717492862.309895,473069498.30790347
2020-09-30,JP1065,51844846119.93213,1279609841.8491147,41219703092.20566,2816279523.376012
2020-09-30,JP1066,92478977770.95471,1978760389.3163757,67435677301.1792,4364437530.662618
2020-09-30,JP1067,222142083683.32764,1120003670.049774,80089195111.79492,3953093696.1804576
2020-09-30,JP1068,27331566780.44534,246517488.8392249,3189998602.1724825,121217016.86238182
2020-09-30,JP1069,64739077892.917076,2109261990.9152775,63141464288.6777,3970364906.8864284
2020-09-30,JP1070,14530232890.093903,665930285.0649412,16188599035.442062,1070824783.4939224
2020-09-30,JP1071,46379113055.01377,895272340.3889962,40063288638.91642,2261519315.4513903
2020-09-30,JP1072,30752018924.71772,60142169.956545494,19055212648.88405,545881460.4701895
2020-09-30,JP1073,7335060864.614251,170419686.74510694,5380586281.332933,388312759.98859423
2020-09-30,JP1074,178896564710.88428,2791648354.103869,33964064064.1259,613282164.8353772
2020-09-30,JP1075,48188556466.598854,24247921.777198985,5998620599.190911,280711211.63496155
2020-09-30,JP1076,36040523779.51361,454217106.57263756,19876088414.10998,840862963.8694528
2020-09-30,JP1077,22883314609.77524,202892566.9616163,9821616168.779514,286956362.74440014
2020-09-30,JP1078,45181164778.4751,14185981.961423095,14390777894.470827,461077547.0044433
2020-09-30,JP1079,84500279967.06737,2884305500.95824,37629210431.13719,498838207.9084054
2020-09-30,JP1080,48103320813.56156,1062414581.8565081,28622355876.752384,1320352734.267487
2020-09-30,JP1081,42949083094.4735,3473872650.516374,60088127196.92559,2641659322.508981
2020-09-30,JP1082,52110652662.92833,2732311607.4085426,45435035325.198715,1898383485.5795314
2020-09-30,JP1083,238058001493.9418,3066435074.37887,107019700591.54407,5648254366.109774
2020-09-30,JP1084,18290232536.192,-512366552.09633756,2752222605.9168453,77785461.27979802
2020-09-30,JP1085,12571218275.03534,157541796.55715275,5590975435.389158,219041885.5018205
2020-09-30,JP1086,99046639387.103,2463844685.5425005,37075232868.28766,1238281319.9226012
2020-09-30,JP1087,35135865917.22406,-461394197.3135128,7768099363.969634,487766678.2626787
2020-09-30,JP1088,220159893090.81934,2616561472.9412804,54687026277.427284,5829719558.491902
2020-09-30,JP1089,79223696003.62021,1318521906.5127804,35987385944.41209,1209490884.6165276
2020-09-30,JP1090,62949494961.41086,1595600703.5361726,38163672009.888245,1088168394.2870517
2020-09-30,JP1091,43463120216.068436,-37170223.12652139,10650813319.846611,899969350.535455
2020-09-30,JP1092,327060489868.0214,6436097442.220058,177177209783.87555,2289579048.1671033
2020-09-30,JP1093,397629595246.596,4272836845.4311543,154717886770.37183,8220053669.525304
2020-09-30,JP1094,22335322790.193798,630940775.4924805,23088493867.333748,138471751.635324
2020-09-30,JP1095,38115798029.731186,79563397.97214147,36817959303.585175,2264337292.725764
2020-09-30,JP1096,58940077823.39018,4248859760.71357,81551472763.19054,3180992854.8110137
2020-09-30,JP1097,28111985303.336346,544791591.8804169,22379743190.63029,850175935.0317847
2020-09-30,JP1098,92871273460.67207,1829747539.568807,36806999949.12857,1649080137.835464
2020-09-30,JP1099,36599768961.723175,-342808038.9792777,13297883169.681595,1476586979.1500614
2020-09-30,JP1100,98100942855.34694,1062076672.388535,23177923120.576534,735049062.4960675
2020-09-30,JP1101,35377836668.8328,313838467.3850234,12525332915.898521,761861214.72961
2020-09-30,JP1102,11126745176.420307,381676140.28976107,5519675889.127765,281608323.45478123
2020-09-30,JP1103,11285300288.349266,119817243.7618764,1241350374.564252,95645690.18562165
2020-09-30,JP1104,14292357988.544016,358210468.19860107,8998867964.970272,726542495.0335332
2020-09-30,JP1105,26021449585.842804,255937997.41216615,15882058011.810774,677081003.6026237
2020-09-30,JP1106,31275474860.401573,1239304468.5215144,40683226235.73239,1829458517.5805843
2020-09-30,JP1107,304678505796.83954,5873229419.0717745,322059390276.7199,13457665505.901524
2020-09-30,JP1108,338378313874.54425,326794762.58486605,53736913349.167534,978225491.7710998
2020-09-30,JP1109,16196989119.161217,449828900.61197513,8184304803.710043,185868484.4569735
2020-09-30,JP1110,164305260549.71014,2074167895.2889087,12120469114.504011,611783252.664964
2020-09-30,JP1111,50289831543.90219,-346761472.9009186,14283536266.174368,893002280.610342
2020-09-30,JP1112,30096283442.38505,-187608914.3106627,22597673534.567776,504155529.94472784
2020-09-30,JP1113,28650618925.56941,2004423002.512681,53519435231.47438,2111544230.556832
2020-09-30,JP1114,139381709199.37463,1597579603.1143088,23801355487.12603,724371205.094185
2020-09-30,JP1115,40628504470.65725,154730529.8760732,13445898464.499376,349360592.98960763
2020-09-30,JP1116,226902139047.3342,368982965.9285948,1419460779.2698433,953165370.0617282
2020-09-30,JP1117,13348136703.684612,64598617.943764046,8962208580.000927,684189015.7439075
2020-09-30,JP1118,79294281769.5291,399876529.25994956,16465322118.731535,770101851.2549899
2020-09-30,JP1119,807524662333.6149,4102781713.738237,298600769551.52057,22007935978.52533
2020-12-31,JP1000,62777211952.42098,692298972.8214672,13954697329.392794,980104321.4124775
2020-12-31,JP1001,95150578437.03535,1789197668.6821036,36612798868.50637,1254679384.0568416
2020-12-31,JP1002,229113510066.67426,4614188087.528399,70615844445.7685,5671922204.259368
2020-12-31,JP1003,26803950528.04698,505396096.13037014,16048044570.738474,607757250.4462534
2020-12-31,JP1004,24983755223.02406,447990531.7786615,29139992512.652355,1336608619.4974568
2020-12-31,JP1005,170309403520.66318,5539631138.36519,139920838602.29507,7524660594.081398
2020-12-31,JP1006,22171314026.831104,531374844.2168231,14608816368.449375,1078067297.765327
2020-12-31,JP1007,20855639017.222908,674393574.8711103,6235631770.728109,632116795.9531128
2020-12-31,JP1008,100630826132.10622,1521445753.8574429,25302839766.176197,129173451.8764899
2020-12-31,JP1009,92319119490.38576,578570811.6189725,33805330718.837967,-200913202.0243914
2020-12-31,JP1010,78810636678.28113,-1079375335.272333,22217370615.39648,1080297494.1394246
2020-12-31,JP1011,254032456962.8469,302324582.9469207,43004461400.5768,3849226317.7992845
2020-12-31,JP1012,200054175241.01398,3474370639.4417768,86436422486.80685,4490803835.751982
2020-12-31,JP1013,330304948603.2883,2588798743.5214643,59419524463.99674,4046595978.860542
2020-12-31,JP1014,138516353642.23615,-615898394.7780906,20776940720.898293,812889157.3237891
2020-12-31,JP1015,384598568830.8002,6756328211.298106,85742325342.4742,2435049704.375128
2020-12-31,JP1016,44613934824.09128,476708619.8345989,24666996452.335625,685540564.935114
2020-12-31,JP1017,10649470893.462185,256842815.02092373,5660629122.49584,107519525.82597587
2020-12-31,JP1018,342890533930.9132,8074022801.977004,238514641375.34055,19076584376.360714
2020-12-31,JP1019,25588671789.215923,1528651047.971175,40411322517.316055,1836815543.9812634
2020-12-31,JP1020,35358568224.36692,1095749922.0669131,33195690545.80758,1913754364.7435253
2020-12-31,JP1021,248252933130.67184,5379353024.399544,41820834679.910164,2165258998.215915
2020-12-31,JP1022,36126219228.128975,107586700.3695979,1.0,-5528750.168856029
2020-12-31,JP1023,11170517490.550837,196510249.40000916,9246529375.973457,494282619.0436843
2020-12-31,JP1024,8041305875.170706,11532814.464109004,3926683908.0408306,126047270.45613752
2020-12-31,JP1025,23578518360.37396,97009482.6907896,8597706362.293148,196963170.7900459
2020-12-31,JP1026,110958143421.21767,1730727385.1407638,34571405018.26016,693210578.6302022
2020-12-31,JP1027,171554327396.756,2787896827.687096,47974151210.162384,1821147771.648976
2020-12-31,JP1028,176049887545.6909,3883260379.093412,57610714548.40135,4178028301.3330603
2020-12-31,JP1029,27060827151.567776,345195935.02107394,6928237948.8253145,273969632.357781
2020-12-31,JP1030,19663146342.798622,133810181.68528783,2700026953.5915027,252904081.17301324
2020-12-31,JP1031,35312075102.76291,304146553.6996005,13217407949.631105,394245071.4900604
2020-12-31,JP1032,19104330145.401237,421510803.39435446,2806252891.0909014,-160698391.47319502
2020-12-31,JP1033,61566071278.85952,788607189.5396792,31040475366.77245,2218285179.4528966
2020-12-31,JP1034,200019863593.56152,1441650871.2960029,49273887211.450005,2188186102.5740304
2020-12-31,JP1035,78625150286.95221,1911067330.5611892,50080058491.40413,3903708508.090054
2020-12-31,JP1036,139433198710.56406,1498699473.0995715,71864551260.18555,1262349378.554784
2020-12-31,JP1037,45062229720.08721,1957682653.8767297,47195391610.03894,2912341408.061603
2020-12-31,JP1038,40992399087.029594,2076792394.8712735,34958599184.40651,357678843.41256166
2020-12-31,JP1039,24226064096.745464,-1076821.8271360141,8682001516.485453,529558789.5120218
2020-12-31,JP1040,93091187651.43822,292891355.83626235,12511432523.238258,-259655496.3124503
2020-12-31,JP1041,56114239862.02545,532513137.59036565,16262219667.561537,287556009.8605293
2020-12-31,JP1042,113120126737.87924,6321291960.124578,123765010308.45612,3910131641.691897
2020-12-31,JP1043,32326004143.844776,452478835.67826325,11949646124.954184,608491967.9507416
2020-12-31,JP1044,94124127826.70558,1997208099.3088355,64449390174.583725,3700994054.940421
2020-12-31,JP1045,55390145701.63016,-54992494.06973282,11316035679.081465,870426728.5523717
2020-12-31,JP1046,106476663473.775,550752060.5776132,40401563563.5282,1219844198.7371683
2020-12-31,JP1047,177634388061.3394,6405242342.500177,62190606268.997375,4016503656.2745275
2020-12-31,JP1048,8139965200.909091,126486610.06830117,2691750026.914311,-44161018.7051227
2020-12-31,JP1049,14781312369.279,316239855.585129,8876991794.507355,412168917.9931439
2020-12-31,JP1050,18978168752.587193,57294318.1301163,3445534262.1652455,200378739.68188968
2020-12-31,JP1051,5760701711.39827,151132109.6698283,2378734962.9810047,167841785.96226457
2020-12-31,JP1052,21977123032.25969,406174891.84895074,10948922543.127705,242396425.5578074
2020-12-31,JP1053,91858534382.4389,1102439910.4604936,21343685468.181824,1359410449.7398527
2020-12-31,JP1054,37949569531.79355,170215938.75914937,8652118779.724592,562939036.9248223
2020-12-31,JP1055,50017163410.59831,744729947.7814039,33712257422.974907,1568638096.7607398
2020-12-31,JP1056,190646139351.56644,6274545463.28194,145008375170.23886,6066463086.118872
2020-12-31,JP1057,330545553949.20953,3518521094.7491207,115662440862.04778,6144158370.760629
2020-12-31,JP1058,46819361310.01087,1074611813.3609676,22689849313.90557,866491466.2289494
2020-12-31,JP1059,362851170118.3971,1957178278.0907047,112424599623.24796,5110180678.437015
2020-12-31,JP1060,35695771702.99495,2133641882.9350915,47824991896.93645,1395602580.0341535
2020-12-31,JP1061,28823704286.631035,332814802.9541176,12125455819.460382,843614934.0327069
2020-12-31,JP1062,23138576290.26513,240074706.50294256,11245229848.713123,445637552.8952055
2020-12-31,JP1063,13587434573.39873,179984155.33476183,8191970718.507483,262458350.0914857
2020-12-31,JP1064,34301416357.552788,358170827.13811576,12884869508.09495,590550127.3213283
2020-12-31,JP1065,47824612873.93394,1275092573.823482,32986972752.33805,2075457909.2926667
2020-12-31,JP1066,139094637100.30884,746247188.7960522,50520783092.86805,888123821.7311976
2020-12-31,JP1067,253709230585.84695,-3678096285.893895,58948786698.195045,2731964329.0305257
2020-12-31,JP1068,20213529521.945244,117915016.54049945,2515108193.459751,-22423553.390370175
2020-12-31,JP1069,128663436430.71164,2502285236.3020177,70533257535.41377,4034926504.3923674
2020-12-31,JP1070,17176101990.961948,541721802.6508633,18260290142.61519,705979942.9238049
2020-12-31,JP1071,84535159188.09015,119496504.75088355,38875303679.38599,1991812535.3496268
2020-12-31,JP1072,35961339537.03719,158598126.30821085,13188735674.755308,941639168.2597855
2020-12-31,JP1073,11570066726.257921,233259300.70771688,8446302358.152799,324378820.99849194
2020-12-31,JP1074,130782134609.77306,-1678895792.8293958,24700009222.797485,2504357309.7485538
2020-12-31,JP1075,31057064396.415783,413071242.23249376,6035847372.598276,69026980.86855386
2020-12-31,JP1076,20593429044.44482,745181913.783716,16990895289.783598,458426122.5581494
2020-12-31,JP1077,22583386571.493416,299962863.1319982,6935228815.776156,339637795.46821874
2020-12-31,JP1078,25304507283.98656,693209182.8365105,11172044889.122026,569491311.4103827
2020-12-31,JP1079,83061055688.33977,356914129.16402406,43074996887.549355,1521951098.3808687
2020-12-31,JP1080,56954096058.64128,653462824.2493414,27678708420.355476,1699069507.199471
2020-12-31,JP1081,77433624692.30289,1088617901.477488,67867250603.46272,3136376373.0145454
2020-12-31,JP1082,69044269839.19336,517090223.5411673,34266136995.771618,3126154311.360683
2020-12-31,JP1083,245804484233.53192,4783731616.75457,127505162944.52155,7011392704.894633
2020-12-31,JP1084,33932570043.02124,-265248875.61217806,2913241422.0345745,226499213.3229713
2020-12-31,JP1085,14688035471.36259,59756348.19099336,4817100319.982289,326361238.1926135
2020-12-31,JP1086,167825456157.8737,5571762660.286732,50018756469.13481,-1030283738.381383
2020-12-31,JP1087,36557460607.21523,-64963691.66812399,10538262647.118418,725911737.2703882
2020-12-31,JP1088,246159282308.86502,2191894668.2921343,74423545169.85527,584651959.0523518
2020-12-31,JP1089,85502821574.5132,581124001.3359395,24166228376.198956,-267404657.51439103
2020-12-31,JP1090,87812894562.4658,738807378.6731653,31225177778.417847,1683606618.981791
2020-12-31,JP1091,56285858359.26587,-310276576.61650544,14405383542.883514,184604131.50678524
2020-12-31,JP1092,235527817280.64578,8010098887.382733,162673074862.43442,8144209398.256312
2020-12-31,JP1093,602634748173.8196,12721222170.984173,226544129254.31277,3990784652.243336
2020-12-31,JP1094,45581156524.775215,470439728.391603,21152005721.027084,437042897.61127865
2020-12-31,JP1095,26239930800.683533,1324997472.6661985,52443901353.93422,1283661573.8555746
2020-12-31,JP1096,184518441651.95667,-593203073.4628292,99152403004.17813,2009148723.7530234
2020-12-31,JP1097,20036084660.44192,727612719.1455151,15900147784.71705,432542511.1555859
2020-12-31,JP1098,68552246070.394356,1307974078.7134118,30986045801.015404,1032181468.8810622
2020-12-31,JP1099,42586699652.79004,316039696.3717864,13300310547.716326,-15982696.57458121
2020-12-31,JP1100,54661688242.712166,513290186.46433246,35443481952.86206,1578737378.7820413
2020-12-31,JP1101,57847746282.61404,78307785.01185635,14020963709.00596,397278714.2734507
2020-12-31,JP1102,21363165602.7587,226745275.72124523,6752562934.856296,361951742.9978019
2020-12-31,JP1103,11383757162.230165,21140885.014223963,2200097745.732672,203083471.70114022
2020-12-31,JP1104,19255950782.50328,302095775.3713924,11819251927.951862,545959263.8187046
2020-12-31,JP1105,29920821691.50383,735033908.6627592,20509445476.801838,713602832.2209104
2020-12-31,JP1106,40241793387.343025,848126313.6150054,53619786450.46571,2660839962.661947
2020-12-31,JP1107,221994680598.2089,14265731127.043137,335706434502.3837,21160160306.658695
2020-12-31,JP1108,323724420832.4698,4248348687.0030303,41616231426.41321,2645592897.0413303
2020-12-31,JP1109,10583769489.538252,491193198.4162422,6213874876.065323,95510149.50259492
2020-12-31,JP1110,78308751862.5619,201692997.97122112,12406326580.883867,1357628402.8035512
2020-12-31,JP1111,33853655968.168022,-97013109.7208357,11451808513.225494,294369422.1174883
2020-12-31,JP1112,43064605477.11148,1513247087.5566485,27004081936.97531,1572143748.1210291
2020-12-31,JP1113,36169152844.792595,1593179764.7170203,49284078244.080246,1684696924.290485
2020-12-31,JP1114,104229077813.74632,1554445224.4877117,28406743091.078358,2845374740.1975393
2020-12-31,JP1115,33519688426.661697,676756809.5964708,14697715712.821405,1159738110.6286144
2020-12-31,JP1116,116332387183.08696,1903353650.879285,15051355782.184689,244512978.37046617
2020-12-31,JP1117,19614624099.848446,335966118.60287064,6363294331.180503,323190487.4515788
2020-12-31,JP1118,122540400780.11589,-637004062.9181827,14619293940.778385,573782633.4789722
2020-12-31,JP1119,725218899814.301,-1317691885.6717162,206907696634.6303,501702606.2892799
2021-03-31,JP1000,66989551096.77655,-662991326.4541734,9243137443.989586,427645150.3385956
2021-03-31,JP1001,121758483442.43678,1716090053.5782423,47408226682.42439,3191607331.2013397
2021-03-31,JP1002,188002829656.0018,-2574699768.179337,110151006633.16548,5358066426.301183
2021-03-31,JP1003,23830201880.294674,506852771.4395844,14842062129.043585,619007724.2092805
2021-03-31,JP1004,28759130835.458626,2307871500.502474,30463489871.28666,1840577597.9377503
2021-03-31,JP1005,139183756590.38217,9978856012.369358,159731791491.8021,4976574168.755179
2021-03-31,JP1006,20986057702.888226,677630943.0244238,21958651543.48277,1349665952.5966842
2021-03-31,JP1007,20125688666.11849,-81449163.83315006,5537541892.339764,10653277.847326055
2021-03-31,JP1008,74616105593.6475,36727594.25720274,29270440517.092785,748869736.8767998
2021-03-31,JP1009,112696213112.69974,1610468626.4060073,29649974351.576912,2525515115.8954024
2021-03-31,JP1010,86379051481.83368,842755198.2292663,22015690081.4837,807791602.8019868
2021-03-31,JP1011,358841180070.56055,1333128530.2139976,31188409593.68879,5929010586.450354
2021-03-31,JP1012,123464399762.28325,2978709381.7473083,91204927843.5588,3292461833.234746
2021-03-31,JP1013,222647364765.46637,-1229053113.4692345,43343643732.165436,2478142076.563733
2021-03-31,JP1014,141646499134.57037,1639646806.7483613,22469779325.612053,-1219117640.9019542
2021-03-31,JP1015,633052754570.9135,-3132905809.754167,180629002548.41324,3317756151.3105087
2021-03-31,JP1016,111855012845.661,578590288.6759566,25378095793.306602,1232413622.6944487
2021-03-31,JP1017,5471760985.786956,95418429.42647386,5918901977.908649,181142882.83952436
2021-03-31,JP1018,353808741835.1697,9137177394.679073,262682474879.36334,10127605939.39584
2021-03-31,JP1019,50381774065.32937,1609303545.5877793,41760488435.71616,2210454304.426046
2021-03-31,JP1020,43401477644.61909,713558208.1782508,30441861908.178234,1914471272.1915033
2021-03-31,JP1021,170237977541.0273,898493017.9946591,33681071809.14917,727818411.7125562
2021-03-31,JP1022,10732019833.319218,-169863930.79352647,442645817.0248168,336831881.06079185
2021-03-31,JP1023,17096952634.05655,351901230.8738245,8003033206.404062,209620469.00556338
2021-03-31,JP1024,18791190956.204914,5780897.063035482,2446974206.244726,187046133.0801825
2021-03-31,JP1025,21740199289.44645,482883370.51047623,12193043691.25904,534926790.2882529
2021-03-31,JP1026,132914127672.08977,1740692316.9512136,48242474637.53177,3821748616.3130755
2021-03-31,JP1027,114961731801.00317,2558585353.1944194,55957056575.07041,2794469900.2186146
2021-03-31,JP1028,75586274513.67613,1233788336.0850825,44439302196.21582,1281149985.6967244
2021-03-31,JP1029,24987698658.66023,518254180.6239091,7929775785.81853,293183568.2297676
2021-03-31,JP1030,10351627481.641798,117210091.50382517,2660936439.582795,25350951.82158978
2021-03-31,JP1031,112241024577.67368,-691071566.9336355,10669292897.155474,1188726197.5375888
2021-03-31,JP1032,36707024389.47523,-206450810.70452765,2836664397.5917892,291838341.82080823
2021-03-31,JP1033,66510820510.09787,327478090.29230106,32376220976.187004,1677857118.004581
2021-03-31,JP1034,223671978054.59415,1816413543.7950056,61928693614.95119,2217600651.5832505
2021-03-31,JP1035,130386934166.74377,2510238333.8830333,64900103849.81536,3289095416.840193
2021-03-31,JP1036,74946387173.22327,1222786033.6539118,60059869329.8261,3247601802.5725474
2021-03-31,JP1037,65865209104.4336,2038631618.3890834,43961055015.07791,2805202542.4381332
2021-03-31,JP1038,66024254867.728966,2549660118.682363,44939517280.15774,1607792513.144549
2021-03-31,JP1039,37234199434.75651,-50208572.874911346,5519772222.4028425,-37504550.00343905
2021-03-31,JP1040,72329325672.88474,98285136.0678629,10295060779.558094,321608993.69495666
2021-03-31,JP1041,102486311899.30722,480813197.1174248,21544754480.538475,-924368714.4943011
2021-03-31,JP1042,183590385736.50455,5505114671.266327,155195070215.94467,7499819328.259242
2021-03-31,JP1043,56884681266.73747,501792178.7269717,13461083502.014761,899360644.7552255
2021-03-31,JP1044,157413860175.62985,4205932997.7879434,68176345756.68848,3654267332.7560062
2021-03-31,JP1045,34980820179.0579,143399730.62160626,12564277240.262577,889675340.5863023
2021-03-31,JP1046,70815297548.86372,1568742305.410467,33280441398.567924,1265432092.6574323
2021-03-31,JP1047,142229528650.63876,4016116079.04991,81661758059.45404,-66767634.14137435
2021-03-31,JP1048,11497445425.901333,34446891.50448608,3312531945.952476,55237009.75298421
2021-03-31,JP1049,18356361710.719486,-250598843.35638204,7861920234.914501,193629576.51140958
2021-03-31,JP1050,10783470570.752697,232857910.20297995,4189375648.833767,147326826.4465415
2021-03-31,JP1051,6533335110.611144,172733143.1838458,3248698111.8558917,246962705.29584178
2021-03-31,JP1052,26646221455.25787,835779795.4683477,13293960008.067242,306322302.59035206
2021-03-31,JP1053,121960042494.0841,426007631.5842723,33222825380.0937,1028235374.1226424
2021-03-31,JP1054,37511107256.48134,1003699474.3017331,8367364048.642135,45880224.20591961
2021-03-31,JP1055,58188251969.98404,2179943936.951813,39740433988.74328,2116973389.7892318
2021-03-31,JP1056,192083678009.60904,1137234825.45896,142036610377.6553,6580311196.395842
2021-03-31,JP1057,374820216262.6543,1321566982.8493514,88538956552.15967,3793533400.924579
2021-03-31,JP1058,59834888146.78529,-434847103.42135614,17078926288.378616,2103186079.5152512
2021-03-31,JP1059,222474687802.63742,3075597481.8070803,100431553860.80736,4609332241.665723
2021-03-31,JP1060,37533648485.767914,2908183374.746563,52294800982.49109,1415700822.2633693
2021-03-31,JP1061,14346714245.059465,565337281.2097458,12160756435.703434,388887547.0859996
2021-03-31,JP1062,55868612221.11506,-229659778.18532178,13716348965.323692,871196913.8082405
2021-03-31,JP1063,12929000795.636484,520984838.34807783,8779534054.149181,429428372.7244398
2021-03-31,JP1064,30656878801.63248,-254998678.032309,14630765102.679459,915564593.0362287
2021-03-31,JP1065,40550080589.59193,835651811.3106831,29096206876.742687,1619990952.4731658
2021-03-31,JP1066,109975231789.25864,2269938570.2788763,66403208779.009705,2256411764.200723
2021-03-31,JP1067,426928408516.5704,-1660985167.3964329,79041859705.47922,6748728443.619263
2021-03-31,JP1068,21319816327.091816,76219234.95983955,3316174446.362032,42592416.7467659
2021-03-31,JP1069,47946388428.17519,2117703063.2494862,71030927958.99817,3475280646.493276
2021-03-31,JP1070,12159388332.689405,677595482.5260569,14679209075.986872,699583556.7898595
2021-03-31,JP1071,57077773233.96334,1733496305.1078393,36608773520.98603,1422799317.7706642
2021-03-31,JP1072,52441202087.900024,580264906.0859026,23324917598.602222,1315285537.4605143
2021-03-31,JP1073,10801481946.331371,214616170.85772678,6257224932.076074,218817896.16010225
2021-03-31,JP1074,199081450140.7233,1959877135.0474987,29129958792.184208,2097124417.121512
2021-03-31,JP1075,43067021653.49562,551010654.232976,12153905231.253792,538312615.0009933
2021-03-31,JP1076,22316205607.784027,849509888.4153489,16218883608.004868,1498386679.4747708
2021-03-31,JP1077,18193563981.7402,379530618.20687354,8680576965.13885,278705225.77209115
2021-03-31,JP1078,38366821816.63008,992263928.0225145,16572976940.757147,639770360.0500052
2021-03-31,JP1079,132346094873.51012,1196100628.747714,43428042689.80649,474546846.6126345
2021-03-31,JP1080,44252236095.2642,1290192640.6626425,27726570396.59777,2333088838.0071893
2021-03-31,JP1081,56635671154.93024,2812043528.471103,61254703260.25199,3624566629.443719
2021-03-31,JP1082,86533408965.32408,1252591953.717712,34951462053.67108,1419957628.898193
2021-03-31,JP1083,177007564787.40933,6359189794.413466,117125237645.95436,5511847097.649258
2021-03-31,JP1084,36283715493.46296,325521351.48643476,1.0,234328954.11637786
2021-03-31,JP1085,13212794805.395834,160467937.15711686,7092621079.042114,144673240.14994758
2021-03-31,JP1086,209875965129.37344,1873889879.8353426,52717910996.21289,3867837004.6450996
2021-03-31,JP1087,58940305906.605255,623860662.2208347,8142479226.345566,-154882916.2842743
2021-03-31,JP1088,235929753690.88797,2721473174.315013,44953262674.53433,3647578831.3957205
2021-03-31,JP1089,119902277888.48186,981419036.4962951,36071642742.42574,1616551757.9875793
2021-03-31,JP1090,80233502782.8441,1695737288.046386,44213016209.85888,1755982793.6926866
2021-03-31,JP1091,79663613430.85876,-1421287760.8007746,11073839057.748543,-81135587.95738724
2021-03-31,JP1092,484291547168.81683,5339875804.371723,225228517276.84198,6138518108.694676
2021-03-31,JP1093,604310408982.2808,11007951130.60552,184690891999.5375,10817921096.365093
2021-03-31,JP1094,34382027512.446526,4149711.6769176107,28555074220.82712,1444606248.4096467
2021-03-31,JP1095,53028657149.83669,2471488044.3846755,48410388679.16627,2145169726.0497813
2021-03-31,JP1096,110249474644.16328,4280475536.937002,103577503999.75378,5010725614.995978
2021-03-31,JP1097,17259299819.87948,451883090.70129454,19690099166.947044,1099875799.385932
2021-03-31,JP1098,95186210009.90504,738501704.562023,37831581312.5883,2763196535.9215674
2021-03-31,JP1099,41401443620.61904,-90534099.48191343,23032199902.44383,848741000.7583641
2021-03-31,JP1100,90214038608.73277,2521355047.107094,42273063190.64558,2342966423.6211486
2021-03-31,JP1101,46249790417.55824,1392571096.4366405,13867479998.785658,896511475.862185
2021-03-31,JP1102,9394216431.795238,236943694.8261161,5387575943.838853,336723844.98924464
2021-03-31,JP1103,9669203174.08266,86905766.37494223,1494262025.5156255,9101768.516180065
2021-03-31,JP1104,9817291237.233562,422323171.0373943,9492568354.235712,933895834.7267365
2021-03-31,JP1105,30600494029.894955,1083812713.834841,20457635046.29822,733480102.2763647
2021-03-31,JP1106,25255940969.898018,1430819982.1617093,42774429258.09229,2880433022.321024
2021-03-31,JP1107,246822324538.12576,11412602164.260525,300908182790.3874,13302388377.9754
2021-03-31,JP1108,380970774303.67596,88628861.48916928,36868392805.51646,2499098060.6377854
2021-03-31,JP1109,16880292585.844013,238584614.6897056,10073043827.686132,526323961.34584427
2021-03-31,JP1110,69818281791.53134,631171051.7217989,11759733722.265728,1616612569.5629091
2021-03-31,JP1111,53519715256.720215,397465719.8877724,14570107356.496935,-238498742.48811433
2021-03-31,JP1112,36070852465.28416,709679498.5058094,23622972744.978252,973567325.5045846
2021-03-31,JP1113,62445208322.63542,1591517546.8287473,47038766603.46176,1117043357.3362048
2021-03-31,JP1114,112321540803.29321,-159540556.21766192,29297711435.45981,1174374894.2797291
2021-03-31,JP1115,42239454311.77134,731199987.3005704,9756095191.652637,528801964.3862039
2021-03-31,JP1116,258460774952.10587,786295107.7241149,21588583349.34659,-2822669734.3503323
2021-03-31,JP1117,17025628212.947416,149120745.42535192,9188204912.52445,-186492932.5450352
2021-03-31,JP1118,115777570241.1121,-792404932.4923437,16613393129.670204,2104774768.9699943
2021-03-31,JP1119,943972004124.6572,-1227375176.9883187,264826644026.1213,4759120429.631288
2021-06-30,JP1000,40384022175.92645,440730445.05342424,13929722221.216566,1362725595.1004672
2021-06-30,JP1001,68490262418.24869,2171586389.1710987,38027885973.3068,2937350855.923615
2021-06-30,JP1002,186060453782.6178,3647181411.9534645,90561385496.7888,3642267645.292773
2021-06-30,JP1003,21926153279.050278,418427270.3794825,15410557384.570576,632116993.2500741
2021-06-30,JP1004,40831520237.99952,1091807316.474151,35085439029.34062,2095747416.021019
2021-06-30,JP1005,197832351702.0496,10979587054.00776,164481711340.30005,1058297512.1915799
2021-06-30,JP1006,42325745106.82389,1110903549.683912,27323718394.87982,1080464548.412988
2021-06-30,JP1007,32953696852.17164,54395423.004037134,6346287822.039533,-68200667.71244691
2021-06-30,JP1008,59723664500.60699,1573732717.8605978,27295590220.710136,67328236.48574036
2021-06-30,JP1009,120012383195.98161,-2608776815.3369827,29585193137.38696,-775035719.7532191
2021-06-30,JP1010,104169389372.5072,428138086.8001322,21332342032.26681,1086181786.1694283
2021-06-30,JP1011,394938510388.32086,2688555272.516551,52770840365.29583,879360797.4931811
2021-06-30,JP1012,206100425868.54648,2201011076.4007487,90618590446.45587,1787172710.765665
2021-06-30,JP1013,328490759268.8421,478413277.7684039,69320643078.55142,3370803243.6186
2021-06-30,JP1014,148132596249.75204,826080676.6554455,12274347973.889034,2554463645.4988947
2021-06-30,JP1015,461369487769.6213,11601005106.171799,149901498263.15106,-3049439460.0093603
2021-06-30,JP1016,79966303539.79524,491134737.96791613,22935459558.62517,-305748249.27265966
2021-06-30,JP1017,7707615625.992139,304486492.1251054,6856160918.200585,300706325.83225936
2021-06-30,JP1018,364971456753.9906,11225656714.451633,221987182550.8994,10637350888.165762
2021-06-30,JP1019,52235380491.96855,872075203.0041304,38154343079.48228,1415056603.7193131
2021-06-30,JP1020,81460434213.92697,1502946713.3679593,39148849074.30757,1965699273.9839468
2021-06-30,JP1021,191784344078.22733,237280467.14266422,55371426412.39257,867765418.5683371
2021-06-30,JP1022,10438102613.063942,86795072.87550022,1002781712.0225844,-226501862.00654718
2021-06-30,JP1023,22557132309.886017,372439563.7581262,7894239763.179938,362376552.4593615
2021-06-30,JP1024,8594316885.294622,211167729.54306057,2876747683.1435447,394231758.58686584
2021-06-30,JP1025,31783860852.68938,-15402412.87896975,12079399037.051964,622871034.7887751
2021-06-30,JP1026,125706923172.28348,1826727028.6474655,40500006487.51942,682106060.6821208
2021-06-30,JP1027,145148282589.512,989577542.6667883,47948131957.3697,1785836245.7133229
2021-06-30,JP1028,68633875598.4673,2279428277.690205,49230468064.99029,2460926663.6104665
2021-06-30,JP1029,18745800406.70216,450478163.68697405,6689994475.143892,190521796.35041443
2021-06-30,JP1030,20128234521.916027,86752741.91852394,2464746023.5460157,138907215.6253924
2021-06-30,JP1031,50301162182.298065,255117787.16842481,23479204763.527855,-14954609.724185929
2021-06-30,JP1032,22768038571.287144,540779578.877512,3750269611.203982,251472226.6530513
2021-06-30,JP1033,93286003689.80452,-675502733.0473994,43326651145.575325,1006940374.438797
2021-06-30,JP1034,247377515108.66214,819557683.9364341,64194488912.99333,4580728339.691678
2021-06-30,JP1035,89279292780.16608,1851412329.7623312,53549070640.01046,3593738006.9315853
2021-06-30,JP1036,129303264609.54523,2749446081.578971,60326736769.31861,3348270080.4112215
2021-06-30,JP1037,79471319048.97829,1575169441.2453673,68546185025.97948,2591127319.16772
2021-06-30,JP1038,132055678581.48975,-219593302.03381684,52356111583.55839,3494901700.98443
2021-06-30,JP1039,42985127479.31288,521429783.4102804,5690036795.241576,412412314.86702037
2021-06-30,JP1040,51396420155.832306,507930882.43742704,12594768442.628696,559886336.1531336
2021-06-30,JP1041,122050469060.86496,1899886321.409229,17216645053.47552,1801515271.8267448
2021-06-30,JP1042,155259632937.81662,4872687816.717238,130344970276.29391,5129709915.395882
2021-06-30,JP1043,43413316383.53514,151693735.826133,14628640019.885187,492153163.7581631
2021-06-30,JP1044,74695762050.36151,1288861429.7810063,52978183635.640495,1705990118.274399
2021-06-30,JP1045,68155439871.325836,1053811237.4623617,16992806136.323524,2141107903.1587358
2021-06-30,JP1046,81486853385.72058,2135856421.6556082,34988234224.20821,1438084899.0049007
2021-06-30,JP1047,147895413295.26343,2620926539.1508284,69137310820.9691,1728978947.6863408
2021-06-30,JP1048,9072537920.63256,229180509.8676447,4207150824.1115108,331004469.2107573
2021-06-30,JP1049,18915235570.638325,199989542.8550213,7833451141.527538,614464924.2123518
2021-06-30,JP1050,12571176153.381647,134235626.16057664,4752816504.7139435,-30993073.293623004
2021-06-30,JP1051,9752438688.414381,184593414.07114917,3560965537.911679,151907274.91137382
2021-06-30,JP1052,20404687746.31009,868788483.4611692,12389070241.981493,522335597.04544675
2021-06-30,JP1053,105280078567.74704,-3186738952.733116,36303621218.859245,1078513685.4454546
2021-06-30,JP1054,29925349673.075935,1136413991.976685,9501740653.728304,226606047.34565043
2021-06-30,JP1055,82915079569.34286,1612613560.1647012,40350695470.20644,1257212851.8627477
2021-06-30,JP1056,211061868809.48898,7231821236.994972,143649197757.9168,3288684910.5098386
2021-06-30,JP1057,396309023637.06525,4179007438.504128,97065291106.06793,4085892253.626391
2021-06-30,JP1058,61620199591.07287,493346918.4898058,27345336737.98226,547265293.5575005
2021-06-30,JP1059,402711896801.6522,3613631991.0350733,111456584007.43439,5842122068.017368
2021-06-30,JP1060,37451251108.9336,2412352335.7057962,56891193556.446594,3070370728.8351016
2021-06-30,JP1061,18785488628.59554,580149796.20125,16301125709.988298,1124887844.339277
2021-06-30,JP1062,32061099824.60186,45454033.73060042,14230177487.200792,545396833.1871315
2021-06-30,JP1063,13885199133.718126,280873731.69995135,7940148387.52197,433078649.3710294
2021-06-30,JP1064,33364659509.17555,666815631.9572957,14748150949.90939,691587615.7764475
2021-06-30,JP1065,61114688109.259026,1283468920.664897,36349453313.50768,2369801350.517177
2021-06-30,JP1066,112954414543.30612,-441728682.66597515,52533229401.87022,4153338133.4857078
2021-06-30,JP1067,239585628945.5937,1425095529.6266367,58361581008.08583,3595870771.290813
2021-06-30,JP1068,36080668617.968475,155024441.06884742,3494487202.723892,11037580.090370206
2021-06-30,JP1069,66179145852.8217,3429043451.467088,84076120336.38976,4943521837.702592
2021-06-30,JP1070,23248112001.90601,407089420.6816757,18093170209.29132,1040058966.0158205
2021-06-30,JP1071,58270478320.6914,2424966927.4545407,35027753376.097176,3309902763.116445
2021-06-30,JP1072,44150439529.69302,1694484572.4957657,15197443280.240475,1263249211.7056363
2021-06-30,JP1073,13722227011.401241,65975907.04663628,8500583926.502794,254916313.550636
2021-06-30,JP1074,186906093837.30743,1861955730.09785,45042205302.132126,2529593127.4372277
2021-06-30,JP1075,45356398175.480095,1074863895.2573993,9726629450.359491,417048571.88145363
2021-06-30,JP1076,36760695521.33046,764073244.2745426,19192596905.999996,1281576784.3895328
2021-06-30,JP1077,26046464454.84393,488868795.45250314,7236936260.647106,238501419.06978938
2021-06-30,JP1078,49105793717.72091,1212459064.5344853,16171364892.635128,296024859.65361017
2021-06-30,JP1079,169543691607.6091,381854681.78683764,36835606854.37512,2344299262.8202887
2021-06-30,JP1080,72236028376.29663,1238450984.4591918,31205733213.338943,1209425811.0815587
2021-06-30,JP1081,77143515532.30518,2071311787.7193298,74500281311.9437,3985068539.4764867
2021-06-30,JP1082,94642196320.66428,577972458.1493212,34764490348.364105,2549111004.320239
2021-06-30,JP1083,181221544848.3449,2435036361.8596354,114963363197.45299,9577896183.020428
2021-06-30,JP1084,31703023617.012222,182295075.03214735,2780910278.394019,73018418.63516235
2021-06-30,JP1085,19383715326.107574,228655615.6079866,6435310243.252642,30563951.321542893
2021-06-30,JP1086,312073263187.0791,1811339948.7786875,54436376436.6154,746462385.1721227
2021-06-30,JP1087,62413714638.141785,320101694.84008545,7794536619.143113,228295353.82103297
2021-06-30,JP1088,258254269051.80188,829571744.9561163,63628830590.49124,6554104696.063314
2021-06-30,JP1089,105214318040.65114,947784907.0937412,34169037666.790657,1512431902.8291926
2021-06-30,JP1090,42297905286.01987,1822788809.3644261,30988602021.753654,1154044694.4454005
2021-06-30,JP1091,103354334653.23193,1902790838.2846866,14876931044.36852,510117561.637766
2021-06-30,JP1092,402534054669.20593,3699890220.873707,195248326795.8857,1909245874.6878488
2021-06-30,JP1093,457989205106.96436,12591006709.067774,211692912313.81146,5760861994.455107
2021-06-30,JP1094,28012530011.26656,667976127.7549499,20275896697.198082,961129226.6376829
2021-06-30,JP1095,45268405245.101036,1544417296.7879944,53557978649.0237,2945954907.8015523
2021-06-30,JP1096,90958966409.19182,5411129746.086115,115015591398.42232,8876684570.181955
2021-06-30,JP1097,25862022869.917454,1376487355.6337838,26089958212.358627,1201107763.627744
2021-06-30,JP1098,75400260061.71255,2018780846.1375313,38309972933.67999,3228461348.501986
2021-06-30,JP1099,60505988518.887665,1380047632.0996597,19460589093.044323,1069102422.3760728
2021-06-30,JP1100,44895407593.44605,1554655078.930661,38639445038.43763,2626215819.095903
2021-06-30,JP1101,39198539630.79652,-32552106.37827816,12820659918.734097,588448412.1658803
2021-06-30,JP1102,12813149530.873304,-50869338.11195685,6291340374.384616,149271478.71192157
2021-06-30,JP1103,15621487950.123224,-143098562.94267264,2385126257.920912,63552811.73378882
2021-06-30,JP1104,8467281294.617392,636435602.0161657,10489224670.001099,654191854.3229306
2021-06-30,JP1105,36684548810.41162,389369740.01930285,19213851594.05266,1068439301.4834822
2021-06-30,JP1106,30397352264.73233,1289411847.8382742,47483418076.90009,2287827704.311138
2021-06-30,JP1107,521474469200.0378,21076839646.716045,404432855217.2768,12691943085.357325
2021-06-30,JP1108,259811518903.18912,2339402571.415595,62120274081.73234,3894241441.1213336
2021-06-30,JP1109,13034876093.539686,188744920.58249348,10723310819.377487,506014929.2451918
2021-06-30,JP1110,99895630742.29976,-300231365.31875736,20977449154.803806,628278347.7635252
2021-06-30,JP1111,47999852694.5919,576187491.9054354,14681913978.950039,54403947.65404165
2021-06-30,JP1112,46218191114.369316,158889535.2173145,27368942716.530693,381487591.6085661
2021-06-30,JP1113,30068588966.049488,2630535159.181311,54358690934.06588,3111206069.427392
2021-06-30,JP1114,130124930424.54388,1293578151.7144501,33182164489.934757,1386373891.9449122
2021-06-30,JP1115,30500475334.04883,831170163.3190901,12761464452.185091,474720230.50786656
2021-06-30,JP1116,236517526511.29004,-1519097586.181333,1.0,-2186719635.154013
2021-06-30,JP1117,27434891557.055172,303710477.11440486,9034654169.288803,446021043.99269694
2021-06-30,JP1118,177484583053.9402,-923361815.3188449,14975397069.902548,626968234.3551276
2021-06-30,JP1119,728542845549.9677,14936941956.898619,306832520413.66406,9987887034.352678
2021-09-30,JP1000,68249047545.42479,-686769768.5112681,15289374486.033438,-258480466.55240968
2021-09-30,JP1001,65808294381.68821,233979258.2200968,42028069065.34252,2478497311.8667874
2021-09-30,JP1002,245800372299.0988,3145980489.110206,112025998322.06744,2832374653.2276936
2021-09-30,JP1003,30691383453.989426,814679053.5009478,18750553583.15988,786502130.9155626
2021-09-30,JP1004,21981393836.024513,1852274414.1929202,32727971996.082485,3014679255.431569
2021-09-30,JP1005,149191102790.54462,2158515078.702183,170858407556.61743,9220959427.092978
2021-09-30,JP1006,28669113762.533432,1525881887.0076785,26549392735.109013,1124509725.0608816
2021-09-30,JP1007,29115104807.000656,519647302.2964117,8643990377.864264,296521117.8269115
2021-09-30,JP1008,57983048940.93797,-216784994.29181665,20155112231.292305,575649610.5425978
2021-09-30,JP1009,101405402385.35284,1317020368.6354227,43466383707.526924,-1353904714.9991064
2021-09-30,JP1010,88036632032.19649,1069969351.2387803,15030403483.498863,1339106889.4284122
2021-09-30,JP1011,590390107984.4357,2663359055.0573545,43189809250.30059,794711985.6467361
2021-09-30,JP1012,153572234909.54865,5019355329.235218,79241131279.49356,5420701276.205489
2021-09-30,JP1013,238847998947.72934,4227006468.99903,65940338428.83834,2820068536.0018973
2021-09-30,JP1014,115537082402.7973,9586668.299420804,19461001040.00682,-58012219.7951372
2021-09-30,JP1015,572496414571.7584,3714237190.4400344,135170871385.3225,9056565196.352188
2021-09-30,JP1016,42999999472.392105,720846425.1055453,30218249651.9775,1373739211.275008
2021-09-30,JP1017,7477725891.560077,131458165.52648546,6745829915.697283,196512364.34744474
2021-09-30,JP1018,581278698403.3132,15748801256.539478,276849302795.01495,12861466211.540922
2021-09-30,JP1019,38353368402.80141,1814313909.4972029,43572062360.609375,1657136760.610811
2021-09-30,JP1020,74138662732.03667,1018368205.3174782,42131328976.88211,2651010310.1866746
2021-09-30,JP1021,131458540053.78766,1486352077.678157,55630669177.47004,2585063601.215067
2021-09-30,JP1022,20208809918.531563,-211422414.9690371,659729964.6430062,402668601.17640793
2021-09-30,JP1023,16691169869.63718,178512288.33001822,8438996346.688738,578595974.7442183
2021-09-30,JP1024,9246896017.354626,287481639.4003296,2749673424.473491,184503081.76533735
2021-09-30,JP1025,30486089449.858093,563895403.3792926,11731019221.819103,540670865.23708
2021-09-30,JP1026,202913717718.202,24429556.33406683,37283941334.578064,1243152469.998193
2021-09-30,JP1027,173559810597.25073,1953609741.647179,48054709923.67164,1770796231.041798
2021-09-30,JP1028,141237320099.74402,798064314.1939194,64057739030.3069,2838964295.279726
2021-09-30,JP1029,14582763887.687792,184184738.46779242,7183881264.383463,338245584.86979914
2021-09-30,JP1030,19004094307.867653,-47523838.850791216,3283053642.8759212,79406370.20368314
2021-09-30,JP1031,83069496580.93228,175009280.60072774,18011601399.972538,-77510080.76416966
2021-09-30,JP1032,23093522074.97962,277610332.21329886,1.0,-333206201.72768074
2021-09-30,JP1033,89704873772.13882,685868642.919869,30388282481.538948,2989799400.3150234
2021-09-30,JP1034,279550241645.8942,2055404324.959582,70929821152.90399,4884333881.111661
2021-09-30,JP1035,109113724630.01566,1772719856.254972,59630254701.09122,1707260090.5195801
2021-09-30,JP1036,142944180553.09344,1645341328.9690852,61808575594.781425,2803750464.1080046
2021-09-30,JP1037,55135157223.82659,2057822586.245615,52907310319.3188,2286436891.534625
2021-09-30,JP1038,63929548416.08491,252352004.63064831,26738062330.454674,1207464397.4000275
2021-09-30,JP1039,48147785796.04239,247853021.90511987,9074318540.43946,-46744656.79880272
2021-09-30,JP1040,71300673736.1364,1019222233.9526975,15653255983.427322,755803090.0449753
2021-09-30,JP1041,193783325243.4415,628684977.6282284,26517182200.107643,266165390.63634935
2021-09-30,JP1042,88537285980.25728,5075356037.765505,108651101714.9154,6681022194.139328
2021-09-30,JP1043,52652666996.47471,-620072595.5171705,14068722896.652975,569030183.0424219
2021-09-30,JP1044,98640028009.17465,3207784459.0539947,57168025842.60513,3235363799.16434
2021-09-30,JP1045,55194119902.64127,-495616661.1017078,16025676822.358273,524248354.7122025
2021-09-30,JP1046,93342462315.1885,688630536.2208927,42696450550.695404,1179493826.7079499
2021-09-30,JP1047,177646401452.07703,3055706621.9198594,91012142293.77011,4762160027.900131
2021-09-30,JP1048,18993628835.33037,65683554.48372021,3694942028.606287,149718280.76927236
2021-09-30,JP1049,22967971223.109947,336191608.0079163,7944603487.420113,81653951.313461
2021-09-30,JP1050,16649765122.285046,-68882.16114820086,4999792178.683431,87517271.58892047
2021-09-30,JP1051,7433774683.757951,98093527.52668434,3524758565.482806,145988879.60972774
2021-09-30,JP1052,18995948319.497272,467981815.7388137,12523295123.906801,377468152.26529884
2021-09-30,JP1053,114239526100.77379,-2667839217.7032495,42624058725.8188,1680808409.1191823
2021-09-30,JP1054,44942006436.07433,-21614708.679708093,9739137797.030703,-238607577.10377368
2021-09-30,JP1055,77075673585.98465,-38984144.56027523,35905458721.87609,1247226907.7353399
2021-09-30,JP1056,279694093978.1251,3507883971.6407704,165217352749.65335,3201496555.5421844
2021-09-30,JP1057,443980102666.9311,8793930538.518793,132571939831.38286,227233332.28477362
2021-09-30,JP1058,40573722673.7822,511391250.18999255,26496329356.827087,967921718.153714
2021-09-30,JP1059,229274977511.3135,3728778467.1308703,110612555706.01103,294149727.35392606
2021-09-30,JP1060,40063124140.87722,1922554350.3951967,55073951451.560265,3260626882.7577405
2021-09-30,JP1061,20442301413.507744,42958631.10289729,11145358479.89197,542611506.3733407
2021-09-30,JP1062,48158591198.022514,394556929.37660015,12126824323.520538,454134795.9690735
2021-09-30,JP1063,18598119674.43537,652021479.7353363,10125156708.493153,431501540.57143676
2021-09-30,JP1064,32769113901.339504,295220394.61145,11581635335.361181,174287172.08428872
2021-09-30,JP1065,52332715839.645676,1858873019.0507114,38772022992.122375,1150444841.781788
2021-09-30,JP1066,125181507201.79282,2616253606.2800617,66270187551.03825,5137877490.264024
2021-09-30,JP1067,353318918958.76825,3025694711.4195237,71594882073.92378,-2703681863.0878716
2021-09-30,JP1068,29301438874.093536,152410127.54913077,3042543862.404696,-16402158.653737007
2021-09-30,JP1069,88906986088.93507,3708870901.967779,93445968560.69894,6013952811.082247
2021-09-30,JP1070,12991185293.04405,663706753.8208838,16836732191.021128,308066190.6888976
2021-09-30,JP1071,83982656904.21155,551005997.5008975,34548371894.391785,720154951.0075212
2021-09-30,JP1072,46294893285.45015,924701388.7228864,17088704144.373621,1672661009.628596
2021-09-30,JP1073,9729547304.248367,286420859.66744167,7239848921.114567,335630945.12415034
2021-09-30,JP1074,132185810542.61714,937882380.9039624,38475503705.275734,1102542925.6239026
2021-09-30,JP1075,37283918878.25152,538465340.0946614,7065920993.207477,502091272.12836516
2021-09-30,JP1076,29875595699.018246,1257660288.152762,18590124180.62711,1443400781.040995
2021-09-30,JP1077,19837869620.30095,706512395.8995314,8420503916.1916065,526361911.78040075
2021-09-30,JP1078,43642791263.883995,794465420.5875204,17629153663.57539,676148213.2379365
2021-09-30,JP1079,104283597325.46008,-1911894786.8117576,36968652885.61348,1783575007.5382633
2021-09-30,JP1080,79156276396.71536,1631702264.142917,30043465255.984486,1158660112.0053468
2021-09-30,JP1081,88732809233.4706,3398465206.5393386,69137318952.38763,2927865667.8112545
2021-09-30,JP1082,161351113743.0351,1600343091.330369,46401266299.65504,3607482827.8467674
2021-09-30,JP1083,318200799908.6308,6757937241.089989,132470998905.39062,6842171413.162955
2021-09-30,JP1084,37892106361.37381,916812265.0964496,9484900577.70733,-328480558.9532844
2021-09-30,JP1085,25131023368.37508,110629157.12120906,7432158054.662372,185589785.54295957
2021-09-30,JP1086,225489441811.5353,1861559524.849817,51828896291.84934,2111541390.255844
2021-09-30,JP1087,62780006374.39665,532196302.3488518,9784481488.60528,-515815874.1262601
2021-09-30,JP1088,157914884312.5358,-1512451745.1041946,52840287974.91195,567932152.0021554
2021-09-30,JP1089,143021647596.1907,1410667482.0286663,27900406416.047394,1201973065.545608
2021-09-30,JP1090,41053479833.55627,601908230.5467654,33656924532.132603,1089630614.3864193
2021-09-30,JP1091,169532510876.38608,1300980644.7520037,18438825074.873966,2300867991.871495
2021-09-30,JP1092,284259784306.90106,5014801933.617829,209799621559.35236,3848428514.1645103
2021-09-30,JP1093,657750867525.4342,8009711941.411151,218028350565.1978,18882275668.946026
2021-09-30,JP1094,35466748906.540115,779157695.7621394,17686417453.597576,1075481888.7700615
2021-09-30,JP1095,45233287837.83365,1844190951.7013533,53053913602.612236,2957260514.5588336
2021-09-30,JP1096,93995401366.11,4098694588.907848,96710870312.00601,1414435201.411172
2021-09-30,JP1097,17799213745.904964,833829577.0416005,18651840766.448612,954810405.0983614
2021-09-30,JP1098,90904526283.02718,295086628.12354964,38681286408.98253,1033461576.6448116
2021-09-30,JP1099,51467445704.51715,-332609619.56284875,20438343584.46795,1240459165.4254348
2021-09-30,JP1100,83992918372.87694,1943577225.0028322,38416012970.20317,1822318422.8238068
2021-09-30,JP1101,48448830294.94765,328545026.9333697,13053891336.17041,563471154.3540885
2021-09-30,JP1102,17577872198.928288,240051558.9231231,5278574467.452799,304598352.9503943
2021-09-30,JP1103,9243475856.41835,123270514.78764011,2449572454.715543,27764952.05232883
2021-09-30,JP1104,11621525477.510622,356140650.0990615,8832724173.149866,261501755.6320181
2021-09-30,JP1105,31835485938.46022,895594186.4308116,16361704390.224113,572144664.2690686
2021-09-30,JP1106,65063868451.26464,2723440182.526967,50505418478.58734,2271913597.8092537
2021-09-30,JP1107,519134160877.6211,12674503366.56523,334270905804.48486,16015952753.734825
2021-09-30,JP1108,255533758515.71725,1812853878.2335315,65063773799.79114,5997623508.755201
2021-09-30,JP1109,14466205010.338259,70028837.7302727,10054285037.486673,619113938.3320857
2021-09-30,JP1110,120221088679.81078,-503685170.2881057,19492255804.5719,-643835987.182738
2021-09-30,JP1111,38789035735.38749,641781325.217491,13008690327.11669,469820001.2190421
2021-09-30,JP1112,39836518000.5321,835615591.8543174,22702532688.607494,1291838727.1205726
2021-09-30,JP1113,41841793187.844185,3592877318.163758,58590290582.888794,3329582578.286508
2021-09-30,JP1114,141681895438.34732,646216545.5824494,29423898518.996834,2300940892.72591
2021-09-30,JP1115,26471968276.858795,-133274952.44347294,15892752111.02917,520666845.01294065
2021-09-30,JP1116,149304956680.30283,-1176721748.0750656,1.0,3340231509.5786533
2021-09-30,JP1117,33063515480.324,138769430.62247285,10221252454.453472,619162096.1448971
2021-09-30,JP1118,113101336170.87468,75269699.41193812,18343667572.665226,46312583.97768142
2021-09-30,JP1119,1061281480534.8148,3176784644.6160507,296798918859.0598,13925646339.961061
2021-12-31,JP1000,53858215422.90604,-436863146.08571863,11172317813.052883,761881966.1703751
2021-12-31,JP1001,79047374622.73653,2701669712.7577,46974390831.33953,3045820886.5403438
2021-12-31,JP1002,215265343919.43066,3759301894.0591,84613175065.82394,2846986021.6101093
2021-12-31,JP1003,30900424435.228245,636304509.2174243,15888776000.500992,1015399832.76601
2021-12-31,JP1004,24777168678.552284,575747544.3596328,39162126267.85779,890177830.1248038
2021-12-31,JP1005,261309594777.24527,2789529729.3902907,155944869213.6928,7250796718.091451
2021-12-31,JP1006,23814483942.328865,556669848.9207281,21571271429.149773,1352712400.895572
2021-12-31,JP1007,24828052567.84417,156710699.10041326,5818592614.079759,220724428.2637531
2021-12-31,JP1008,80672795733.2645,1780072498.0983934,21410715339.81733,-75416730.64687303
2021-12-31,JP1009,171397555333.8623,1687609500.3700004,26890022667.555084,2291409811.708258
2021-12-31,JP1010,70321073090.92856,1913998525.802937,32152526134.619488,2851479975.40339
2021-12-31,JP1011,288329363807.12036,-1936666021.1164644,34939132898.73392,249990234.5673271
2021-12-31,JP1012,209862663304.49048,328807254.57547385,107407792861.42659,3018169050.219723
2021-12-31,JP1013,242994364280.26245,5036721342.769088,84843121133.01215,4668693415.260777
2021-12-31,JP1014,180323817921.4045,76917442.64168243,20033344305.187363,-1362485242.3805346
2021-12-31,JP1015,400997816057.6769,6004574918.77396,140771248941.12,12345906661.232092
2021-12-31,JP1016,65881263895.54295,852015782.3810364,28279905541.07119,1620649585.0099022
2021-12-31,JP1017,8085922706.14822,123186861.85737741,5646446766.133075,252999560.9661497
2021-12-31,JP1018,437630576222.5115,10114227532.234106,250722893081.29462,13972807055.533064
2021-12-31,JP1019,38774135812.34483,993729613.0251234,44886859197.61138,2405850123.092491
2021-12-31,JP1020,50161039715.2198,1517700781.2928112,45145790640.76552,1593308122.8028593
2021-12-31,JP1021,218728290819.49973,4163352181.545533,60771067642.372574,7218098707.251782
2021-12-31,JP1022,28740728416.77725,-16495410.962746711,242684717.23193246,-28554139.603927348
2021-12-31,JP1023,16944151103.529823,123719706.84778696,9445245417.20803,437720311.44445693
2021-12-31,JP1024,17367546349.61323,194132866.13573372,4883363600.914562,545904059.1073545
2021-12-31,JP1025,45108894832.54992,85491010.47021091,13472902503.57196,133127459.57543296
2021-12-31,JP1026,119098517792.1907,-335385889.4952202,27479982555.601456,1859960526.9657657
2021-12-31,JP1027,133741726823.04259,406715595.45292574,51084935925.80049,1206957102.67666
2021-12-31,JP1028,110554176324.65178,3068766250.793895,56390115207.84874,3534807380.6247706
2021-12-31,JP1029,19257356528.457283,291391253.20084774,10906562854.108147,378304687.06504697
2021-12-31,JP1030,21856653898.035366,51619412.61780336,3298301796.286125,77715598.56815243
2021-12-31,JP1031,73012406166.44444,754128665.2754359,23238122017.72623,318878045.7245782
2021-12-31,JP1032,38137732170.90341,641748343.1312447,2598294263.2784653,-1022788333.6061738
2021-12-31,JP1033,72332501127.91515,1948868589.396795,40411357270.24877,631279839.3475139
2021-12-31,JP1034,174356193867.07767,1505217325.1613638,49833205969.16283,2216994922.6096997
2021-12-31,JP1035,169830038606.87292,2503648371.6509485,69126924358.37025,5217020276.514778
2021-12-31,JP1036,112834147637.95343,2975931194.372116,77941660434.065,3841310873.3119693
2021-12-31,JP1037,58280390959.28874,389404569.48304266,58445594805.17771,1505268272.6927385
2021-12-31,JP1038,116216001404.12344,2689809309.4680676,35160442894.1268,321432497.31217515
2021-12-31,JP1039,43222914803.8346,558876225.779338,6954372189.360397,345173896.3862021
2021-12-31,JP1040,73181573795.7147,968155160.692363,14406739027.963076,200913486.42733046
2021-12-31,JP1041,69887746669.99834,-107338806.27642204,26792293877.24444,685944675.8350629
2021-12-31,JP1042,108268878086.54532,2655200650.8018575,149454378511.86655,5733662398.509045
2021-12-31,JP1043,41701316004.173706,34038611.41757977,14444014019.557861,8744915.08071607
2021-12-31,JP1044,107517134170.62303,3405589925.136987,65743952294.29739,1977123434.4563062
2021-12-31,JP1045,67952398812.20064,333392167.31001323,12603825811.236036,782365770.2510929
2021-12-31,JP1046,93278852817.95409,1626620086.7598672,39188524122.83183,1469901700.9486609
2021-12-31,JP1047,315136518847.657,1404389560.9661148,97033572354.93738,7549573783.980685
2021-12-31,JP1048,16444135671.892138,181838969.29142448,4134443694.627699,133237002.58585843
2021-12-31,JP1049,15577539136.008568,296588854.66989285,8307965695.2699795,341340299.9241397
2021-12-31,JP1050,14615224216.707365,133996678.904994,5257179889.22683,256260076.18872586
2021-12-31,JP1051,7826997293.627533,49188610.09178186,3960475714.060463,145862467.4888905
2021-12-31,JP1052,25791736346.277973,185555619.1845942,13083710740.688192,825032405.7955885
2021-12-31,JP1053,102353964713.93472,-1011746693.105078,44039335020.39903,2514600793.500973
2021-12-31,JP1054,47419378233.93966,-299648702.0398271,10348948031.759096,326615105.39689964
2021-12-31,JP1055,60736490707.725975,1313637646.406083,35035043552.98214,87577246.15573798
2021-12-31,JP1056,213849004657.82623,6394312901.677791,170175782802.73825,9507058511.791626
2021-12-31,JP1057,533952752011.4911,8667077181.027657,150625661545.47565,6176984580.81971
2021-12-31,JP1058,58099756006.210236,1232258730.7975087,26433442847.688995,2118236546.7620387
2021-12-31,JP1059,498301547098.75684,218151540.4953339,179328351422.66855,5698137028.784546
2021-12-31,JP1060,45764337527.86711,2043071521.3957686,59776320469.03771,4850026038.282246
2021-12-31,JP1061,22883639228.636917,371070776.73507565,13591102393.59808,376545672.8953743
2021-12-31,JP1062,40123819133.447075,123356272.82563452,13842291427.1951,192425514.81884295
2021-12-31,JP1063,14961853435.79436,194778700.9459029,9098256110.749783,186250549.2545348
2021-12-31,JP1064,20461360804.714848,447119138.64432853,13492113949.216112,1223705085.8182573
2021-12-31,JP1065,55129395376.61242,1570265257.2229266,35296190143.418526,1129814252.9703245
2021-12-31,JP1066,129369536737.71263,3876232485.040583,84501842053.18234,4951698277.984839
2021-12-31,JP1067,297546815507.1564,4552977895.231105,72078154643.60455,7363593728.980465
2021-12-31,JP1068,30401404943.62272,-170689937.2030448,3351270595.680776,-81689794.43755504
2021-12-31,JP1069,127775692418.02022,1880055285.074262,88456039824.56726,4876111830.910465
2021-12-31,JP1070,14804714099.657524,851025535.8378682,18414730709.919956,1203607921.7989283
2021-12-31,JP1071,48645355743.00972,926344983.9985741,30303794893.209663,1451667326.4747884
2021-12-31,JP1072,30250104607.059227,-108600171.26748793,16597931983.015762,642222164.6516755
2021-12-31,JP1073,15181758015.33765,376799696.42775613,9486894361.739952,527470066.78324175
2021-12-31,JP1074,165634721423.9598,-267941032.67549264,49778823575.120804,2301552548.8553233
2021-12-31,JP1075,78217014203.10255,215888289.92288628,13460911441.266817,418660260.45992124
2021-12-31,JP1076,37189528702.59954,949022433.7037961,22809319230.285065,658478906.9208343
2021-12-31,JP1077,29402365994.97429,474357144.9545026,9770740449.969942,-300432524.8821839
2021-12-31,JP1078,37040867870.41193,676253746.8346426,12439646122.604446,951948568.0593992
2021-12-31,JP1079,94785062531.35556,1292019666.1536024,52643473775.84919,1126762136.843368
2021-12-31,JP1080,88382077456.08249,1819686396.6273985,27736335154.933437,1290572128.956433
2021-12-31,JP1081,131638949842.78955,3851311544.823568,67281843810.818405,4729129566.092999
2021-12-31,JP1082,30543765280.16018,1784060465.7835217,34690712345.982994,2080513148.9937942
2021-12-31,JP1083,251134123923.64127,5799167140.7486725,164090370185.93213,5796357770.933321
2021-12-31,JP1084,33264439258.236404,464120774.52933407,2363479579.802903,-363907574.1361583
2021-12-31,JP1085,18354709943.16702,193593325.37468392,6844846140.3090725,387487018.22392493
2021-12-31,JP1086,135318432811.77686,4651081121.253012,57994786704.330696,-1346814465.5304582
2021-12-31,JP1087,51809249605.91374,-195211675.7156764,9865162316.18606,302758662.14359874
2021-12-31,JP1088,273627687885.1383,2857566141.5320334,55719556754.1745,5917604001.860866
2021-12-31,JP1089,99388258133.49226,2647617648.326172,46142914323.684326,2041186266.00018
2021-12-31,JP1090,75672737938.3603,1701709780.4894607,33002661704.55208,1288142992.9137151
2021-12-31,JP1091,88014232009.39822,746315848.1293823,16457565951.383333,-49595679.108145945
2021-12-31,JP1092,360177015168.7184,2925898318.896476,229526004698.86035,7650405514.717955
2021-12-31,JP1093,525655361528.60364,1770353322.1218226,198781355459.70984,18331612820.505688
2021-12-31,JP1094,58049169093.89036,135573105.1276242,28329097200.600834,307941818.08975154
2021-12-31,JP1095,50795742046.289375,2051349562.9306705,52925289773.40078,1568191495.9601123
2021-12-31,JP1096,112408815631.53688,6063362547.96233,121311414229.83461,3508324485.357201
2021-12-31,JP1097,16561600337.553501,808233133.9343086,23023601682.134434,663878170.5767778
2021-12-31,JP1098,106604201121.13971,892776606.1853694,39016030767.28886,1419079860.5677536
2021-12-31,JP1099,57029691885.799736,755042009.1002885,27310409355.943077,1097961473.2075791
2021-12-31,JP1100,106342745852.0654,-2599478.077498242,40979618116.43898,1393448985.9397352
2021-12-31,JP1101,61583467929.010254,635321764.7538664,18825610825.030403,427432285.7981984
2021-12-31,JP1102,10711071303.901436,287358512.0851006,6940533809.017271,178725040.28384817
2021-12-31,JP1103,12721947331.701315,12284034.971018719,2288584555.5784974,-70208996.54543969
2021-12-31,JP1104,16174016312.927572,417309963.61992145,11500227506.991247,673154986.9341818
2021-12-31,JP1105,37818602114.85472,920239634.0436547,21261457638.18571,1279353112.2061594
2021-12-31,JP1106,26221759953.278908,488549390.18388903,54575288975.12189,2120830813.2507718
2021-12-31,JP1107,253489641899.08246,12412588301.000027,349318313626.564,18552707832.54238
2021-12-31,JP1108,263389314329.72968,694126291.4941918,56542464710.76578,-111365749.32794909
2021-12-31,JP1109,8057840533.363617,376327984.9354257,10077100764.74217,-48288915.710577354
2021-12-31,JP1110,121983074531.3157,-1231822842.8305285,13647757161.95928,1172789118.178221
2021-12-31,JP1111,64393693775.43079,682318228.7098145,17123196981.278858,876746435.0968349
2021-12-31,JP1112,44094018530.9108,529633142.676325,21826967385.83901,1483836801.8576689
2021-12-31,JP1113,85627652390.84561,3539993470.905561,50054705980.40785,3985100430.6929092
2021-12-31,JP1114,104177741466.55045,3234692248.534992,30027695461.806084,169794740.7480452
2021-12-31,JP1115,40115969579.65994,281121208.2979519,14744257696.531525,1119120840.321031
2021-12-31,JP1116,263467374997.65314,-2071060866.760495,18283868086.35748,-2456522548.315703
2021-12-31,JP1117,16857638267.740646,759504859.7313012,8482736833.122598,229660506.29398945
2021-12-31,JP1118,133307775025.86465,965757724.9832836,18122397688.391308,1580117262.2620912
2021-12-31,JP1119,657873290411.568,3753377139.334907,266078745025.55704,5682950526.600044
2022-03-31,JP1000,46866602928.24255,569448143.9943691,9605243009.224916,1135810642.6720736
2022-03-31,JP1001,101146052704.21881,1789058141.3028893,59633683855.99525,4261518517.0503793
2022-03-31,JP1002,173617978126.59262,1063539321.8040862,87933822838.3781,1590271781.7697906
2022-03-31,JP1003,21270309463.791645,222017502.11555156,16451949506.965193,298625595.68175054
2022-03-31,JP1004,31735946976.884808,-877098541.4697288,44397072888.86752,2320901223.2311044
2022-03-31,JP1005,149671049095.69592,7387137211.605618,139706474611.1121,3897500823.886759
2022-03-31,JP1006,32278564911.538357,1366156225.665367,29861621469.325153,1227772032.019419
2022-03-31,JP1007,16460962435.49924,422001309.5369261,6154355855.959984,215043396.7279883
2022-03-31,JP1008,41624066346.85606,1295055237.028073,27160910518.073624,698259809.5797135
2022-03-31,JP1009,91454134463.77257,1321315430.4064183,43773490809.49246,1050397533.8378353
2022-03-31,JP1010,97786337116.68677,22409218.48508319,21213847171.70971,1435292824.110247
2022-03-31,JP1011,293218617177.09247,5227362717.56498,46581429758.49921,-1345979989.469021
2022-03-31,JP1012,105811049835.80627,4274099020.051376,83671136909.79047,5436392223.108715
2022-03-31,JP1013,187714544129.86554,2265196849.589287,56301755972.00105,2944456880.4024644
2022-03-31,JP1014,202566006579.2408,490862362.32273364,27072093203.39599,-1676054732.21335
2022-03-31,JP1015,539469901089.3273,4667145362.387139,153554072917.81693,-9239573603.225998
2022-03-31,JP1016,35686553228.21603,941638759.7388456,25246884160.27077,1296129306.3306787
2022-03-31,JP1017,5525374603.645382,75255072.39446346,4384171902.58011,56444224.19738759
2022-03-31,JP1018,514484540942.7731,18346409276.59939,309773236854.7639,11868354423.8617
2022-03-31,JP1019,37134961900.5888,1387566303.923172,35519116554.01022,1940506839.9573786
2022-03-31,JP1020,70452814108.46962,1282764457.9097004,48832678283.28774,1786449973.62243
2022-03-31,JP1021,395663412138.3276,-378114150.7265442,56221575930.96448,638741710.7099434
2022-03-31,JP1022,29781132908.206444,-139603230.90167823,1.0,30148523.37710162
2022-03-31,JP1023,17949083572.98344,477246670.99690044,9800094770.546806,280346429.74492043
2022-03-31,JP1024,17591604770.432087,2293328.4685456892,3315454164.6596065,222534744.2772618
2022-03-31,JP1025,14032266099.403433,605444865.6328876,14538038980.76082,780463618.7532387
2022-03-31,JP1026,99566629476.58829,307726983.48185676,35464904305.48303,1879461379.5032663
2022-03-31,JP1027,209179282070.9986,3634791380.5343795,50543080490.983604,1632695455.4590168
2022-03-31,JP1028,104352468758.95918,3291195379.610138,78752505021.18692,3441627669.5922475
2022-03-31,JP1029,19139367297.472977,615594604.6864746,8486448478.232644,17148393.593416177
2022-03-31,JP1030,13583398947.336927,101941791.25943442,2620803094.674415,200905264.1047712
2022-03-31,JP1031,59077178966.44742,-231640554.67063588,15336530589.425316,1212102259.5178578
2022-03-31,JP1032,28874656776.177906,-161268513.08765274,7630510575.248766,-501694949.15065557
2022-03-31,JP1033,62686145349.859146,-630965893.668032,33264663674.507412,1070695129.646985
2022-03-31,JP1034,170992485471.11084,790128590.3505284,61446002459.47275,4279222209.0735307
2022-03-31,JP1035,137652516691.88416,4306317164.757525,65671346143.281784,2830702957.351791
2022-03-31,JP1036,186940354147.3704,2039905813.7750497,88864199966.86906,397953630.13843644
2022-03-31,JP1037,66119850535.22653,3079718320.023604,72199259718.51216,4313596708.374995
2022-03-31,JP1038,84981042615.86263,1738267906.2156887,40294806074.06759,1040055647.467892
2022-03-31,JP1039,27684098167.840366,224255874.15685275,5814419730.828976,463557305.1716341
2022-03-31,JP1040,42826516794.903694,331897653.6972572,19004717566.470306,964657297.9100829
2022-03-31,JP1041,75742974863.3138,-311675642.4579771,24235280319.375187,1649563879.0816674
2022-03-31,JP1042,137665734534.1458,5068010538.823595,138649473881.42227,6698713385.629463
2022-03-31,JP1043,54297988484.49541,767211752.4068198,11354480304.02842,126180091.72348817
2022-03-31,JP1044,141237319059.84488,1875815086.364042,58801780754.07677,4820380388.7574835
2022-03-31,JP1045,59052431714.33384,506718570.18730074,13355808815.009104,992961424.8285404
2022-03-31,JP1046,61057589524.98384,1394940592.6011672,40346244814.518074,2160251498.3360806
2022-03-31,JP1047,106709339678.86115,3632894318.880971,76544385928.21729,2621883702.5786953
2022-03-31,JP1048,7684439396.118018,322950351.926672,3690908947.452522,187025495.70063156
2022-03-31,JP1049,16021959237.931246,-12618324.570453195,9822275250.773117,124007486.5496289
2022-03-31,JP1050,24566441012.997986,445030208.68650055,4491968259.4874735,141680721.81690535
2022-03-31,JP1051,4520967857.213279,7792618.711467879,3907369652.9831305,253317066.1324059
2022-03-31,JP1052,17603229057.582775,180180711.83280388,9977829723.693691,147853214.0621682
2022-03-31,JP1053,170194046130.37704,1132721335.012186,15719505616.229877,1830929312.5850396
2022-03-31,JP1054,94037766256.91542,51252534.07270992,9872695469.935385,798951826.2813365
2022-03-31,JP1055,108392138208.99057,2592472480.994518,49396696244.101654,1846670144.8468103
2022-03-31,JP1056,140110653617.14682,3640739495.428029,186097285878.36542,7228121300.792468
2022-03-31,JP1057,400547685543.741,3100861317.619605,108263850893.99477,4864040492.840728
2022-03-31,JP1058,54867470461.253975,1389402957.4968553,26225725181.941532,1033884707.6651301
2022-03-31,JP1059,407910033807.7537,2770418275.659168,164669024437.0263,5055389627.058246
2022-03-31,JP1060,38278223277.10035,1953620654.6808233,52175374352.52727,2566698460.1856356
2022-03-31,JP1061,24479947946.835358,945655411.4413538,14173194377.964638,560531926.2396117
2022-03-31,JP1062,56348363458.20332,133645626.47455047,15538914090.189968,-137990593.20182842
2022-03-31,JP1063,17196654057.12968,110776511.41370976,9340684687.518112,551185163.4896727
2022-03-31,JP1064,36846278017.40892,330248364.3598978,16514942030.22163,953048568.8843435
2022-03-31,JP1065,50622372517.14711,357395531.2350375,31275100640.991722,1186011150.9055002
2022-03-31,JP1066,168420603169.8859,4323429718.574884,82528819529.1963,6123559870.261064
2022-03-31,JP1067,318134330867.0223,4355973301.760686,99875227288.05463,6941058878.59326
2022-03-31,JP1068,32373317402.515717,-64599595.631011136,1856039354.4298942,48126276.47864861
2022-03-31,JP1069,228218949395.3421,4756043016.91996,85818927573.67522,3766260943.201487
2022-03-31,JP1070,16096626066.703812,795904033.0704315,20877601755.68027,1112714473.5675495
2022-03-31,JP1071,115570220810.34879,4279788359.5861115,51906464287.87571,2047066108.1597674
2022-03-31,JP1072,44088502988.74647,610690103.3507546,26104129058.601673,1500654451.7884688
2022-03-31,JP1073,19179609730.591274,205185135.01478705,7957767366.475595,274336038.0188929
2022-03-31,JP1074,222068926377.5454,6275873319.082491,42339501718.1426,6387526343.4869585
2022-03-31,JP1075,42746506064.32764,134050747.73887648,10507960091.907795,529748547.4392156
2022-03-31,JP1076,38103987353.1459,1277845179.0101316,20293752389.536186,765004343.9858894
2022-03-31,JP1077,45414522723.64909,-59743000.72562897,9451178511.566107,593399838.7801958
2022-03-31,JP1078,55582407482.325584,291770241.39411205,21282256515.87983,1278440261.8262038
2022-03-31,JP1079,92053671475.78523,2115816659.5482912,54823441643.903824,3473896637.379267
2022-03-31,JP1080,69506898695.50998,1879046629.5126407,28075088673.728867,731494196.3437271
2022-03-31,JP1081,74950763835.21082,3830211513.122923,68542208905.13343,1163185100.4019625
2022-03-31,JP1082,90162804057.57652,1029982493.5670913,52980525762.48171,2151140015.7708797
2022-03-31,JP1083,355675762964.45465,4549076319.1550045,181553271147.46725,8997230174.275785
2022-03-31,JP1084,42718724201.384514,23550139.23044924,633834609.1322862,454541195.2506478
2022-03-31,JP1085,19982964673.46781,129674420.71394303,8824901160.696434,327398765.5555552
2022-03-31,JP1086,169797031929.056,313818896.53546596,67227961595.00458,4508285026.776947
2022-03-31,JP1087,62357645384.80178,633976033.7488139,5742234192.820253,452723356.3038884
2022-03-31,JP1088,301138692310.0762,4391356562.1255455,54256046810.939835,4981180013.083754
2022-03-31,JP1089,121698395362.69174,-1301559427.1943538,36456737794.06558,795934779.4382397
2022-03-31,JP1090,63587383608.577484,1928388275.878304,38045412732.67684,1407500103.9024959
2022-03-31,JP1091,83517108585.69577,897792701.7130406,17967798462.503265,1402786354.303353
2022-03-31,JP1092,348896665969.62415,5690589019.731874,199056986348.9355,7348083147.61914
2022-03-31,JP1093,904660035476.537,2030416527.4419777,177828620610.1656,3733426134.4510384
2022-03-31,JP1094,41280217470.558426,909121473.6124051,34741649778.3025,988034913.9848285
2022-03-31,JP1095,48652469486.36212,335919106.1051653,47652277875.37061,3207992782.29376
2022-03-31,JP1096,105170005246.7582,5583710870.248337,105821914923.90579,4894735986.953832
2022-03-31,JP1097,39147674248.60231,1198337785.3422709,22407847680.973907,2370938697.2731
2022-03-31,JP1098,82497242442.11893,3015378967.294548,36897412666.67661,573458534.5901533
2022-03-31,JP1099,43416289340.55859,193445540.52954385,18909199916.09058,909954261.0022309
2022-03-31,JP1100,84971253748.00436,2359455001.7097774,35800641056.52437,1595420098.1413217
2022-03-31,JP1101,39001875430.94384,419198703.8689969,14034115338.87147,257762663.73425746
2022-03-31,JP1102,24969553860.972847,281582277.5725015,7445441100.241989,507397068.41097355
2022-03-31,JP1103,5718081241.783937,241824515.38712546,1601743619.540846,2717703.4656292065
2022-03-31,JP1104,12980479579.406755,527018895.84261256,11859089738.265673,768879073.0646161
2022-03-31,JP1105,38161361687.88203,-53513070.37984768,21968637840.690083,734878749.686664
2022-03-31,JP1106,26220837176.349663,2259886416.605353,52608683631.582146,2768036696.8027234
2022-03-31,JP1107,555363514303.1807,19197671805.978565,428174318166.10175,28731412822.637623
2022-03-31,JP1108,223726492008.60532,337098100.6316579,50459129215.91113,3174857120.450908
2022-03-31,JP1109,20039462520.509346,287580436.41827,11646350940.065058,933244978.4244204
2022-03-31,JP1110,79901055495.5919,2927701918.607688,13540532365.834564,316076984.2706447
2022-03-31,JP1111,50629703343.25123,662347560.4909909,12704450272.493353,742301841.2579776
2022-03-31,JP1112,37843378762.39735,678786295.7411872,25470831637.54733,1445320065.2858255
2022-03-31,JP1113,56002170450.77133,437804156.7502255,63796670085.77056,3084492801.851515
2022-03-31,JP1114,161490998098.7633,-463809973.060159,36726832654.94618,216884155.7638178
2022-03-31,JP1115,46070493841.819405,142654127.45348495,15963647594.039772,456784510.72142243
2022-03-31,JP1116,151453762259.52005,-615159149.1820345,1.0,2077907661.049842
2022-03-31,JP1117,31304156890.87687,395859913.84233075,7600167153.024237,366685938.71366554
2022-03-31,JP1118,172669966118.24026,1590246449.777876,20910664561.7785,1233695538.036658
2022-03-31,JP1119,516786420808.25385,11271808653.622755,257459684952.76202,12940642791.802933
2022-06-30,JP1000,52297046253.02366,974437731.4106311,12912458473.602928,603982922.336955
2022-06-30,JP1001,93455121266.4789,1214580022.5752792,46227799804.9887,3925629622.719458
2022-06-30,JP1002,232211512952.43967,692146227.362922,92438276873.2167,7336081938.759267
2022-06-30,JP1003,48476633939.33304,1208470909.9371428,17096900743.027353,934183981.8040646
2022-06-30,JP1004,30534111560.89614,1134637419.349436,33222547827.49337,-68820641.40615286
2022-06-30,JP1005,318891843602.6898,555876583.1770054,186665544423.75345,7801363850.2965975
2022-06-30,JP1006,39925819004.78046,948369096.0122596,28953618200.319054,1578875836.8366377
2022-06-30,JP1007,34018426624.963734,126732018.04797667,4552196020.980142,-128374670.9166937
2022-06-30,JP1008,101993953053.30565,567252615.1581101,21428576233.159714,489401648.05634606
2022-06-30,JP1009,109312599393.0452,-791379265.7565297,39691484048.500465,3509383617.4809747
2022-06-30,JP1010,96615601513.0421,-423893718.18843186,30391875769.932457,1990180284.2517397
2022-06-30,JP1011,584906158108.7535,1524488126.761406,97015976506.41936,4528017199.531202
2022-06-30,JP1012,411942740385.30316,6404552593.265393,121421636144.70306,3836383199.340049
2022-06-30,JP1013,222101822443.146,2727810026.5401187,75119630929.06424,2353024106.003204
2022-06-30,JP1014,129664518938.0536,142524125.70754886,14083868293.3111,1349319068.7187665
2022-06-30,JP1015,510508382136.9065,5362653637.563509,154926757723.84805,9025319978.836256
2022-06-30,JP1016,78231466002.51926,516196024.6597426,33753001418.238472,1448712090.835258
2022-06-30,JP1017,6442474992.98227,173842050.8990743,6471762862.409875,289853639.30437815
2022-06-30,JP1018,586810177804.234,6999676465.693508,285271622365.44305,11487106650.35765
2022-06-30,JP1019,50597202567.19862,2079516429.4595683,49381606981.23365,2792903073.1940765
2022-06-30,JP1020,121854112860.90454,1515702225.772461,37056352897.34223,1606752152.1696754
2022-06-30,JP1021,209063592335.44202,118212637.10522878,82930684830.30162,-2338313574.5886383
2022-06-30,JP1022,23159658626.532654,152997793.24221233,1197234854.2282195,125865731.27826731
2022-06-30,JP1023,15141254292.986418,597881430.3172358,9837535953.536938,695764393.4537987
2022-06-30,JP1024,15885493967.627947,163925852.49593237,3875152308.0315204,500091872.05761003
2022-06-30,JP1025,22672954840.850304,397903083.9979161,11872365299.273745,681000447.2084754
2022-06-30,JP1026,132325964519.79672,369091775.93026125,30057763244.53395,67604082.60366894
2022-06-30,JP1027,172596672934.23618,1249381256.0058823,60087617607.55002,1811516448.4488924
2022-06-30,JP1028,128160492636.98828,3224568731.9542394,71649776086.5872,3416715864.3978844
2022-06-30,JP1029,19696979574.644238,365547264.67574126,7844796258.954631,340975789.49419993
2022-06-30,JP1030,15762665152.067636,198792141.3254321,2648066739.6307197,65311754.79514256
2022-06-30,JP1031,63137246142.11942,1273299512.305589,19212501398.875515,668437134.465509
2022-06-30,JP1032,58612179014.44715,-851601721.2001108,8549338171.623434,5744837.91632996
2022-06-30,JP1033,90001868652.26738,2166032232.41349,37047974758.48232,1619036935.8192103
2022-06-30,JP1034,124907252534.9178,3495931778.738231,50684176384.88087,2407877588.969113
2022-06-30,JP1035,186470139510.3775,2077132949.7949915,68131233459.711426,4052371528.6579413
2022-06-30,JP1036,203465905592.75177,2240368280.5918574,67314082185.95729,736275707.1117685
2022-06-30,JP1037,92895111280.97601,1088332690.9846153,56050494082.47319,2868801851.683424
2022-06-30,JP1038,68826693189.94513,-906334545.6904504,31151342409.555252,1727577544.8645933
2022-06-30,JP1039,61911569269.415474,667442941.4450376,7872651857.84887,329601662.9230301
2022-06-30,JP1040,96893719665.50433,1256679862.1541677,16083830361.917286,725955218.2775761
2022-06-30,JP1041,115775792250.38817,1755432920.755289,21520107353.36053,1174727572.649928
2022-06-30,JP1042,165399113154.57217,2473466642.035407,174067380970.6889,9830821161.201754
2022-06-30,JP1043,32715925381.228985,210747157.7101422,13086378614.679333,142169615.01360732
2022-06-30,JP1044,106881510801.07306,2040594976.726873,80242646903.31683,5058125644.424193
2022-06-30,JP1045,67451581239.18721,-74134019.17644888,16816999026.127846,925890946.58646
2022-06-30,JP1046,46215149129.74552,2471763699.130949,45602499825.08333,2200178255.190987
2022-06-30,JP1047,104134268284.99889,5094541686.510959,80967439113.7956,4704747266.114343
2022-06-30,JP1048,8641616153.894035,178968169.43312395,4224138348.779672,160120787.1656331
2022-06-30,JP1049,14738938333.507292,279618332.18317986,7837886462.570992,250795770.90181652
2022-06-30,JP1050,22312171975.14738,160378083.43936497,4752855613.39644,25614529.587748308
2022-06-30,JP1051,9996112528.123343,138355647.85228962,3973376492.145878,286255088.7636952
2022-06-30,JP1052,29654033663.06629,137753403.5633579,14433616030.809643,-117247585.49866876
2022-06-30,JP1053,131798826921.34811,1770845689.8855195,20247800167.69222,1074619016.6266916
2022-06-30,JP1054,49896725446.19178,1918358124.2011778,18430055579.04992,594850993.701749
2022-06-30,JP1055,68443129982.29241,1902139537.0101817,54646494007.50454,503818862.3341221
2022-06-30,JP1056,108291263560.87381,3252997974.239446,161700804113.85416,8849462368.460342
2022-06-30,JP1057,592520712687.0175,8609909207.687695,148673361041.46075,5938646807.651565
2022-06-30,JP1058,56628922659.445404,2170129151.161694,31115566042.720413,1243436329.009935
2022-06-30,JP1059,445899748252.517,9054000437.132912,140534337171.87515,5280080991.174127
2022-06-30,JP1060,44308933592.95701,3020711654.7144017,60434296332.5541,3548059254.403016
2022-06-30,JP1061,19780996131.054863,454861482.0248944,15773354620.827911,1287425376.2656367
2022-06-30,JP1062,56311618445.607704,340277866.2137246,14268895719.762127,381827961.5354431
2022-06-30,JP1063,15487733465.107347,668139151.2785184,10578887714.436003,806147775.0787385
2022-06-30,JP1064,33015295825.456684,442045742.0527175,13574631053.984613,913646800.7397928
2022-06-30,JP1065,56483033086.44354,1714778209.7142992,40009290343.57466,2086815732.9171965
2022-06-30,JP1066,140101600498.7691,2141692999.6808283,85445491363.4369,1337145949.1229875
2022-06-30,JP1067,471613791332.884,2458907162.995122,69509270872.53375,4477079448.779154
2022-06-30,JP1068,16058904497.792122,68522611.53167023,2555464418.853328,267403020.29350328
2022-06-30,JP1069,114953007645.92107,1950139318.953929,92769346551.10522,5011855388.147185
2022-06-30,JP1070,10080483932.19405,398580314.16363716,21104245521.4353,799630993.3624028
2022-06-30,JP1071,65043301018.7062,1380301409.1016078,39907514819.189156,50083625.7591945
2022-06-30,JP1072,30910349926.387722,313045583.6221325,19658742776.928535,478412807.4528613
2022-06-30,JP1073,7853479240.08229,202726478.18220216,7647234688.4471,267302204.490386
2022-06-30,JP1074,193538124632.24426,3966442223.7982783,37428947538.94914,7612288070.792234
2022-06-30,JP1075,79997503449.9551,433034539.85984766,13001471842.215187,1230199088.8153126
2022-06-30,JP1076,29136969206.562084,636573321.9965829,26518874342.699253,912552989.9342221
2022-06-30,JP1077,25480144416.69804,141372797.86899006,7434521098.29843,709761220.2985069
2022-06-30,JP1078,46122421474.602036,960881504.6252521,16499255415.977358,589060496.2950251
2022-06-30,JP1079,87188404523.69954,2354756748.535691,43248261422.21031,2547246857.9052114
2022-06-30,JP1080,70826277452.39542,434931542.1267699,29601831531.49363,1403639620.191426
2022-06-30,JP1081,80184523152.72954,4939415435.154229,81198802881.92776,3508400149.551217
2022-06-30,JP1082,74439997514.51878,1243264902.4348457,40515284033.88323,1173165907.7566998
2022-06-30,JP1083,279610309805.9062,9782332483.485563,153058206847.86423,8456542247.051395
2022-06-30,JP1084,32227402936.71267,-21029906.310565375,1.0,-522550215.801211
2022-06-30,JP1085,16913947761.66384,234398397.94974563,6800787411.891762,-51523918.436644584
2022-06-30,JP1086,131602143162.12724,1421866168.4948716,52807113759.603905,1261930854.267484
2022-06-30,JP1087,56570629142.89042,-156113507.713974,10661767615.67458,1538295304.118721
2022-06-30,JP1088,230039224847.5633,1265859060.052185,62739753580.5698,650353155.5688841
2022-06-30,JP1089,103875019176.82898,1171539478.5806637,40471015170.822586,757560385.7161647
2022-06-30,JP1090,79256322554.42868,2064017523.3711276,29355892273.479866,1806280034.9933603
2022-06-30,JP1091,102362691160.65097,153720978.0156185,21792206220.63959,2225319766.256344
2022-06-30,JP1092,539344016399.5841,14567634964.092445,266389938534.2566,14051639797.537138
2022-06-30,JP1093,507372274502.7006,6877100916.268739,202965978255.7077,9698853139.790876
2022-06-30,JP1094,28599903877.395557,95847790.09247291,34658980977.949684,2394350571.0763817
2022-06-30,JP1095,35427113384.59113,1572681011.2764423,55573249534.57578,2951145761.745365
2022-06-30,JP1096,106403842503.6334,4506807538.389605,84597209792.81773,4985556040.78259
2022-06-30,JP1097,19256600850.845924,543872711.7833546,21947705095.571156,917077657.0881627
2022-06-30,JP1098,112974412762.49815,2732476445.8079143,42571880519.05021,3818046541.7961216
2022-06-30,JP1099,24308761196.030315,557887674.6587042,15250459202.219137,224647440.85178414
2022-06-30,JP1100,75221678590.16464,2269490390.957483,38935502851.84893,641923775.6109957
2022-06-30,JP1101,48810770950.80727,134383175.43231022,15289668687.14171,249913913.03858784
2022-06-30,JP1102,13062667899.867138,566918154.3626714,7458135573.395545,413416621.5443217
2022-06-30,JP1103,11788031513.567709,59070812.88818574,1798776598.8534255,128106114.10603642
2022-06-30,JP1104,23460818536.607746,-86295933.04972614,9847641106.798971,358972317.01498514
2022-06-30,JP1105,36983546192.11132,1153572435.9761798,23086065763.03104,1145599043.4212124
2022-06-30,JP1106,57312209718.090065,946398074.3504727,53362631883.597946,2419314365.3931003
2022-06-30,JP1107,456184773719.316,11095750917.3918,426773557753.7147,20477122027.143414
2022-06-30,JP1108,289793648133.11176,3424693069.8960805,50799170768.142685,-565504427.1845136
2022-06-30,JP1109,8436191445.992001,359900518.3585149,10973425422.99749,137507629.40885538
2022-06-30,JP1110,102276429793.03502,2671436052.771027,26642117448.328045,2252868614.6753697
2022-06-30,JP1111,65022875323.85857,950102241.8665967,17408739618.808598,-7917639.157425198
2022-06-30,JP1112,32917141480.283653,1002925329.1511269,31954067644.387253,1227115108.7639043
2022-06-30,JP1113,62378991935.458954,2110476393.6168606,62771935683.704056,3533817576.5297604
2022-06-30,JP1114,208282784423.94775,1750357809.3881757,58412142644.47121,1511178787.3141391
2022-06-30,JP1115,67971886459.53351,916206044.1352222,13376577625.087296,1621523292.4119003
2022-06-30,JP1116,219836030468.25775,-1189717750.534904,16366428554.819803,-2273529177.1327305
2022-06-30,JP1117,21769822604.44828,445779940.01795435,8276546056.59351,352188161.5558763
2022-06-30,JP1118,130310380389.14734,1311561263.5723186,25672747095.116367,-132016882.75065085
2022-06-30,JP1119,908089912167.9777,5348922654.011084,334754600894.77515,31351198265.27928
2022-09-30,JP1000,100406887108.9085,380984235.6178508,9809641866.869295,788689850.3423212
2022-09-30,JP1001,56799960873.919624,1949437416.7376547,48699795729.73922,289569829.28928363
2022-09-30,JP1002,226308460651.5121,4398419374.336496,93891329057.16388,2155945325.51788
2022-09-30,JP1003,41722317714.202,234864404.38550434,18688154604.55227,718477370.4123359
2022-09-30,JP1004,38486730895.858246,1325989794.2417572,43835876575.94503,2868181752.199763
2022-09-30,JP1005,210791185936.4485,6880636095.779797,153881838055.4754,1789237886.2121844
2022-09-30,JP1006,36734284687.17812,1012271353.5789862,26519096236.753674,1163204854.8036673
2022-09-30,JP1007,37761578239.39339,-144544287.11735258,11000866777.139078,483038753.83053356
2022-09-30,JP1008,83350298311.10191,2473322153.4449697,28098004392.12174,1445470041.5219982
2022-09-30,JP1009,132152488881.51697,603711473.2641848,44752040904.19991,1967227079.5654852
2022-09-30,JP1010,98232808118.66615,1380141277.8560817,35146424324.50905,3356224097.756357
2022-09-30,JP1011,577625868064.7814,-1015628384.367375,50887480330.38156,-213522038.84156376
2022-09-30,JP1012,170554049014.73264,5093701942.177581,101585874894.365,3794429387.457297
2022-09-30,JP1013,339945263222.32574,-1210079695.9922643,76065262977.46724,6199186955.249304
2022-09-30,JP1014,208130690520.40018,2019300677.241154,11688508469.305346,-879738229.6043932
2022-09-30,JP1015,452785678034.67615,4844580441.394837,145482530148.92166,-4817688199.800086
2022-09-30,JP1016,96108847022.15613,1682636529.4600728,32364581465.01027,2026607983.9512484
2022-09-30,JP1017,9645946783.343328,-22315862.919515893,6925327464.615185,295990132.1742451
2022-09-30,JP1018,300235259097.2065,17030683765.210165,353113268504.77997,9933747873.481224
2022-09-30,JP1019,56999906466.59456,2107056884.6360197,55658942979.129654,1564879116.3267784
2022-09-30,JP1020,88749949391.28499,868363459.497831,53558867572.40238,731012993.6313757
2022-09-30,JP1021,143097973235.82886,5397605979.48827,74477789257.70743,4759392254.980116
2022-09-30,JP1022,32284739890.08248,-302375078.73017097,302484661.9506955,16303282.06934275
2022-09-30,JP1023,17910026262.63317,-30548926.68856127,11408004219.767607,601000745.9907901
2022-09-30,JP1024,12516483130.511763,287877434.5360146,4986264608.332891,309213235.97355896
2022-09-30,JP1025,24730195087.204113,494464123.9871964,13338883706.780504,475741252.8181141
2022-09-30,JP1026,80741990906.68356,1545796203.3413012,44405382686.64547,578356924.2402565
2022-09-30,JP1027,170751166814.4619,2125252952.5243502,57599137110.17548,1929553329.3852582
2022-09-30,JP1028,74323657968.20238,656916039.8480306,68786631563.92363,1944664472.2795088
2022-09-30,JP1029,18603019340.367275,481508515.469596,7316358775.363583,107524745.62846656
2022-09-30,JP1030,19680279381.898457,111273093.21205798,2432536936.771513,107026585.01464741
2022-09-30,JP1031,74575749649.79225,-354150896.1857103,14033628800.551956,-595890618.3126774
2022-09-30,JP1032,51544879301.15654,600647396.2939389,7625593563.064186,777351168.5389357
2022-09-30,JP1033,128352424645.2712,-501903692.9109314,49908302695.247215,2014529542.6173737
2022-09-30,JP1034,332767148535.5963,8079292518.55326,71646237833.65413,2738030962.116927
2022-09-30,JP1035,116672377978.50418,2583147446.4532385,70514260459.24176,5541261887.114349
2022-09-30,JP1036,162347374596.62262,1914729294.6492019,77709711349.02904,2127834763.049795
2022-09-30,JP1037,41774032196.83128,1823297889.1123197,65081728781.06258,3301000804.2355494
2022-09-30,JP1038,93374251168.85014,2039112835.0566308,66850061522.60437,2387722859.6419697
2022-09-30,JP1039,44184017312.424515,272772408.14123,10773902012.754831,541407047.1217859
2022-09-30,JP1040,97537647934.25864,432856071.05238503,7312273025.410667,787915940.3033413
2022-09-30,JP1041,130146784188.44049,1224313909.6601896,25538947747.10475,3179229843.742324
2022-09-30,JP1042,101277828046.58809,3727354079.3651295,145005902164.6262,9152267585.575838
2022-09-30,JP1043,75811321443.03992,736029418.0794058,16396652782.063536,-61482951.25477331
2022-09-30,JP1044,91520063676.3834,2417218768.327368,88956460056.8414,5039429614.534337
2022-09-30,JP1045,49758885065.18487,-114286378.8341152,18778519802.57076,737338699.1765637
2022-09-30,JP1046,56009565522.78808,776924041.5693237,45777653209.496925,1209461421.06406
2022-09-30,JP1047,140114580222.35626,1425175787.532704,94581065964.72289,3936494480.938924
2022-09-30,JP1048,22893704703.03355,112274081.27245712,4845129226.324835,258556488.78374943
2022-09-30,JP1049,17539373872.845184,-26251404.732981827,8494836542.297687,242415917.6481663
2022-09-30,JP1050,16910314540.14591,59629606.41398898,5388392835.78096,156689614.61297607
2022-09-30,JP1051,6263712914.158064,92837234.51101843,3603739889.0507007,328532928.15813494
2022-09-30,JP1052,21252710972.661095,630878422.7451262,12392724786.519205,1182173777.1251166
2022-09-30,JP1053,105904016345.85733,-441671547.6535483,42291469627.62999,416754927.78489625
2022-09-30,JP1054,46752567178.16195,-55691653.44883511,19339307310.432957,1838620958.0040295
2022-09-30,JP1055,80549138781.14578,1668277186.6511657,47616872515.70738,2332316518.658504
2022-09-30,JP1056,184592028950.2889,4498524170.058367,142976500617.05255,7927019572.148768
2022-09-30,JP1057,473863645248.1518,8398135412.513023,127212529207.0894,3348990246.8972354
2022-09-30,JP1058,38881740553.721245,483152133.1900883,26881297135.1065,2297651174.4270744
2022-09-30,JP1059,370045221625.68915,2817621329.157804,155758162233.49643,12418612328.673218
2022-09-30,JP1060,43960176638.48507,1243516622.3126519,60945579936.81449,1275681350.7426322
2022-09-30,JP1061,30800390034.317036,685853273.7264718,14369275874.02197,334626315.0841245
2022-09-30,JP1062,76567847590.5842,-23070686.242516294,13110311762.842865,644269370.3989694
2022-09-30,JP1063,27658767845.132797,405896523.9366528,12226321229.938316,675469695.2444346
2022-09-30,JP1064,103548806591.97194,457793074.02309877,18482910111.69546,840777598.4334643
2022-09-30,JP1065,78839342577.08266,2647908466.077843,37881392213.85325,2061575626.0123503
2022-09-30,JP1066,86680338770.07533,2875095538.161702,81645968214.18967,5380464866.91197
2022-09-30,JP1067,349443226628.7603,-3282032345.3943105,101265709765.74901,-3663414402.470812
2022-09-30,JP1068,21052531294.30746,87771731.60276532,1077570422.5141003,71696617.31505689
2022-09-30,JP1069,164268926743.62506,1431333543.247062,88263763004.76826,5015774255.055335
2022-09-30,JP1070,19289148535.98174,722059553.2853272,19310264513.73843,1322015474.8776457
2022-09-30,JP1071,85483235946.34558,359983555.60325325,50629414706.39514,2031397988.289843
2022-09-30,JP1072,40126575775.32627,-301313569.01549643,23042824233.927605,1358648592.2917252
2022-09-30,JP1073,14568987601.070955,271993336.59099054,7550747260.215891,294442756.4850493
2022-09-30,JP1074,232392173807.92084,-997559800.339387,35154878858.26381,151159720.04877645
2022-09-30,JP1075,53000301120.94675,897528876.9201794,9059573728.635752,592588793.9291474
2022-09-30,JP1076,43114637446.23468,487826339.2469803,26422205988.481434,810990075.5109677
2022-09-30,JP1077,30099405139.076984,296014766.5674954,12392865263.14164,233265891.34967983
2022-09-30,JP1078,48877275995.53903,460032943.3025982,21184514861.370865,615904409.5786849
2022-09-30,JP1079,80750248649.42609,667096046.0342691,42467311572.89089,1411491360.2657468
2022-09-30,JP1080,48916230075.573265,921944310.8866788,23368708034.511135,1504701646.6262574
2022-09-30,JP1081,74411233987.0154,3944041699.42057,70086885332.93372,3503579089.28308
2022-09-30,JP1082,174941452614.80612,2412237662.8518724,54975467144.129364,1468050599.3211224
2022-09-30,JP1083,324665814157.676,2598067507.0769887,134657006244.36838,3893739544.5786853
2022-09-30,JP1084,28784585512.0597,-51062298.58770379,1418236449.377059,250904137.62209433
2022-09-30,JP1085,15550347415.919422,101475782.95024055,7714029684.155183,169992948.20798442
2022-09-30,JP1086,114503366513.66386,-1336294802.846475,52912221638.80274,2063813098.8408191
2022-09-30,JP1087,54263415734.66559,968773378.2488618,12310422658.742805,434653782.27141654
2022-09-30,JP1088,441143416453.0683,4717692209.726477,63312871795.240906,5207180941.401794
2022-09-30,JP1089,199888542920.73328,3302870882.890767,47414778157.275276,2254180902.599941
2022-09-30,JP1090,86843743285.08891,2361039165.980617,36235167130.29297,2676879582.858308
2022-09-30,JP1091,94424809193.54152,-457690776.53369343,11883958905.001291,-976295871.7181013
2022-09-30,JP1092,509447480256.7428,17684368610.266785,221206913628.2973,6036741758.666743
2022-09-30,JP1093,830523638948.2344,7741241016.813259,262563511787.184,3409130932.2390122
2022-09-30,JP1094,52355487980.72261,2450877000.336324,26649361495.18323,1084990873.5643234
2022-09-30,JP1095,46342834886.10083,2568941782.260923,60069280645.86445,1953803479.346992
2022-09-30,JP1096,285754403013.97546,4830770906.097695,128670161707.20284,9641704818.600765
2022-09-30,JP1097,22894477902.696793,687518766.6116163,21636382919.33846,1704807243.9479678
2022-09-30,JP1098,89879419705.81955,2506857755.945972,37921815484.995514,1225025259.5795088
2022-09-30,JP1099,52856939236.54002,1043383228.2583811,16930225304.980797,562642780.9152681
2022-09-30,JP1100,132456907589.90273,2741916611.199567,45675254395.72818,702401227.8122345
2022-09-30,JP1101,53331329042.82018,810571329.9404141,16277838568.382925,1169863373.8433504
2022-09-30,JP1102,11547630461.735764,45239985.915795855,6375216052.682837,304799644.4257543
2022-09-30,JP1103,10811407155.257038,11241249.30676172,2800147884.7178783,10283573.49609411
2022-09-30,JP1104,12257404896.133123,565013781.6411548,11867007335.275383,249808099.98869166
2022-09-30,JP1105,55617503077.9466,276410282.50696945,23008400188.294876,562760561.1599656
2022-09-30,JP1106,29124039402.66351,1857288112.9126797,44040178550.22023,1686822983.329684
2022-09-30,JP1107,486067957098.09283,17661895420.621346,455770624928.66754,22112083649.65308
2022-09-30,JP1108,356522778528.0283,1949104541.0292242,52716727195.96933,2891089202.506923
2022-09-30,JP1109,19259880231.830364,660247423.9020648,6853736372.405596,609160259.979661
2022-09-30,JP1110,96702611293.76486,685966817.367297,8366308996.018423,100006385.47524849
2022-09-30,JP1111,35297785573.84887,288499323.58999604,17570046061.187347,899432392.1422924
2022-09-30,JP1112,70383130837.66841,627072951.9987173,23776864051.927265,1875738502.6285658
2022-09-30,JP1113,26318613439.553547,1782173726.7500727,48030691343.322205,600557752.0367897
2022-09-30,JP1114,96645372570.32658,-555110034.4649318,42802750628.357666,777788277.0028615
2022-09-30,JP1115,36789093438.00075,-300970280.8812228,13169629949.446419,262631930.82547104
2022-09-30,JP1116,223724026771.86298,-1140653187.3627858,20483211084.777424,1185615180.7897217
2022-09-30,JP1117,13728300433.047102,507098062.18580544,9801908345.679043,404731794.1776683
2022-09-30,JP1118,169027966511.1069,1397158569.9274318,16080530457.618757,-212802099.390835
2022-09-30,JP1119,969257178542.553,2388068340.718036,327010275570.3376,3958466675.9089565
2022-12-31,JP1000,90109167224.43805,-423756149.7283492,17924586762.749302,461797666.496806
2022-12-31,JP1001,80453968140.88617,1872188944.085983,57217200602.80017,3574258244.342832
2022-12-31,JP1002,257756003983.75385,4571429056.34623,116915994098.27153,6345418114.617185
2022-12-31,JP1003,32594241363.326565,622071852.9477425,17487634616.829414,1346181768.277073
2022-12-31,JP1004,39554083003.09512,554568796.2617817,41703370486.768036,1944752009.4125323
2022-12-31,JP1005,298003067281.63837,5358784811.36655,185372257616.1762,5519304666.143145
2022-12-31,JP1006,44402188432.14133,1435507546.7105472,28268327250.91425,363714612.1296112
2022-12-31,JP1007,23058106849.019016,-136125956.75542122,6577458292.7059355,235869996.25547403
2022-12-31,JP1008,150077532576.93365,645394754.7763693,32050409493.698174,1217358647.0479493
2022-12-31,JP1009,192500429751.15698,-461481674.488535,46542895240.17466,1105970365.0369806
2022-12-31,JP1010,117090519818.57552,1656274042.1643763,27320217496.367435,1637292043.4765055
2022-12-31,JP1011,464499563876.4114,1062985350.4930354,53159632859.81122,4318392768.018538
2022-12-31,JP1012,276763035780.13885,5019351479.264179,106743986723.13727,7830658532.618518
2022-12-31,JP1013,246437807416.68546,4002172261.795472,94606096079.63945,5373305624.8511
2022-12-31,JP1014,143539068919.25546,-670233961.3345455,33620000529.891605,1337608971.482866
2022-12-31,JP1015,609945480151.9574,5397184865.997022,246097872264.39267,14950704858.461332
2022-12-31,JP1016,65423314545.66349,1603712150.213896,31421621711.33289,1918838493.9254172
2022-12-31,JP1017,11147204554.628246,378465960.63027495,5902579971.246806,372346664.7919133
2022-12-31,JP1018,759045628563.1903,9174321234.549871,365962989889.01996,17809777928.23395
2022-12-31,JP1019,53949183000.22327,2068821131.9737687,41714136036.279724,2552954556.3092804
2022-12-31,JP1020,78288543361.1827,1021526642.1065075,45337843108.97056,383631280.7413979
2022-12-31,JP1021,205131277759.39847,6559253605.3884735,91797025810.70135,1434660865.47954
2022-12-31,JP1022,18504730462.550373,-52972065.98134744,622329530.0259902,-68547166.3984485
2022-12-31,JP1023,21073459984.876637,422696736.6954507,10915829959.305405,430045975.7471926
2022-12-31,JP1024,10935119856.153,156967653.92952046,4813440743.893651,62322422.520861186
2022-12-31,JP1025,30308561919.98351,765133391.3555262,11650962477.892902,662625496.0495414
2022-12-31,JP1026,172394030975.42014,1193806241.827809,40996196365.17919,-854557404.7262671
2022-12-31,JP1027,150751442201.53775,631494295.0272801,76503072797.82642,4014754044.0710225
2022-12-31,JP1028,86090445579.54906,1467527934.9510198,58700397806.0644,3437105152.58189
2022-12-31,JP1029,26216308126.1649,276481077.59445024,9239937941.505947,468570251.9625801
2022-12-31,JP1030,40949829620.47871,109721618.60711946,4744103413.93381,164118132.6781437
2022-12-31,JP1031,95202551415.67946,1167490084.4106655,20659506976.984356,1441660564.738338
2022-12-31,JP1032,51406429169.30306,154866282.73245054,4956423178.889019,491924024.05122024
2022-12-31,JP1033,144358576555.02808,-194654305.03839347,36587024865.02129,3777226425.648495
2022-12-31,JP1034,170819603821.3779,4317671764.849336,62945611703.04618,2446219995.8522687
2022-12-31,JP1035,177215516328.6051,3365855174.0113215,67220432933.68532,4005479246.4709344
2022-12-31,JP1036,148739707581.18967,3836348288.930985,86092709596.0561,3693339003.2719994
2022-12-31,JP1037,69508501221.82202,779024311.2506164,65556654664.41364,4010891611.7085986
2022-12-31,JP1038,92997806041.99542,419809166.9827668,44199985429.51136,2139747892.026752
2022-12-31,JP1039,65097870673.170815,-151465113.24123478,13329643918.792412,616418270.6767299
2022-12-31,JP1040,130847391432.90251,159291022.57111397,11453104144.065144,155552576.26228058
2022-12-31,JP1041,144442565129.1913,-57187464.262466565,34345135942.848694,618714876.4013488
2022-12-31,JP1042,170956249957.31696,6766907493.08478,163786877582.8436,7497405716.029237
2022-12-31,JP1043,41243852298.74785,1382749805.1323779,14955427710.717316,-140781815.0429514
2022-12-31,JP1044,90515551579.94125,3348798368.298394,73446086404.69328,1373243639.304088
2022-12-31,JP1045,138962379637.30853,-1228440481.5238333,16681317123.05068,828835168.4305485
2022-12-31,JP1046,81961284677.87086,2240892921.237935,46252010362.63879,2223501877.1964645
2022-12-31,JP1047,227956779970.246,5152736552.971494,108434372020.04503,2105782688.938173
2022-12-31,JP1048,16451179022.69433,321138465.8763443,4225964233.0908055,205559749.6160813
2022-12-31,JP1049,22875182457.986115,63766142.352508016,9173765164.508831,630570319.3406249
2022-12-31,JP1050,22292069312.9742,517484832.23268485,6631608031.551623,197761604.8732354
2022-12-31,JP1051,11941516781.708694,140963900.5873081,3620411947.818175,283919872.7388101
2022-12-31,JP1052,29517077520.458866,1763072195.3430712,14167110763.938292,1013385288.4915231
2022-12-31,JP1053,132021697871.48987,-335712210.6219605,56290568659.43513,-1944675442.5690308
2022-12-31,JP1054,50758377222.9265,1376697560.3079588,7243781393.455139,207840043.15927234
2022-12-31,JP1055,80608774619.56526,448433161.2664598,39383363791.74018,1181774724.4793143
2022-12-31,JP1056,329094856839.594,10531318535.642277,187409267326.24344,2126597308.720562
2022-12-31,JP1057,457071378923.94617,6417970293.01358,118404672154.83095,6202929246.293422
2022-12-31,JP1058,52084669912.15417,767690575.8454978,25166736077.227104,1310378584.4409604
2022-12-31,JP1059,380953808052.41895,7084262183.80534,131143265291.06833,5503245284.109288
2022-12-31,JP1060,54037990530.04197,1757486378.4251697,59966989391.56719,3759091886.457304
2022-12-31,JP1061,21532172005.697548,642787807.207809,17185314775.537556,1223798423.632287
2022-12-31,JP1062,99376067628.00662,1332024881.4812827,17353442137.185627,715927632.7844942
2022-12-31,JP1063,20767483790.492462,370697996.5112426,10460951766.27605,680988717.6900294
2022-12-31,JP1064,38652635842.03253,812813370.0688692,13778490115.82498,855763887.8830549
2022-12-31,JP1065,38349469114.46293,1699023911.0023892,32437892604.4369,968752963.7321224
2022-12-31,JP1066,129891967416.7364,3402304424.762176,66010510460.147026,2144204069.9168108
2022-12-31,JP1067,319236893884.08154,5849515203.683788,44146601152.52213,5363489345.780661
2022-12-31,JP1068,29084388071.643665,351714387.14227754,4509582689.521807,467041615.254262
2022-12-31,JP1069,134601956939.48177,2157302868.510681,102371965683.77092,5375117175.326194
2022-12-31,JP1070,15351753313.754944,676106304.6208003,18956248095.78693,1267783459.5854867
2022-12-31,JP1071,79620189307.09007,1032168405.7442055,44198253695.42608,1675535104.003677
2022-12-31,JP1072,60134622270.39559,1052944256.5512413,26317246086.488907,333208256.2657326
2022-12-31,JP1073,15594354893.700447,266201879.5897943,10319529278.413162,581406908.3135917
2022-12-31,JP1074,170426515032.56747,4279636164.7155566,37084892613.00116,-1419771650.893775
2022-12-31,JP1075,48634299510.13924,89641844.95641066,17722485436.802784,273700740.2078106
2022-12-31,JP1076,25754358386.45835,891544327.7049206,24740770299.14472,640813825.4100633
2022-12-31,JP1077,25762395547.15489,389943045.80913943,8356673374.803541,298191998.262113
2022-12-31,JP1078,51440566923.01599,395357320.9458899,17440437384.850025,1576750083.1915553
2022-12-31,JP1079,184455688001.22397,382526439.4677276,43268243826.327545,843626824.7394682
2022-12-31,JP1080,91021102660.14476,468734080.15915567,34299757492.818382,1717040816.4304922
2022-12-31,JP1081,94728532448.61821,4945997791.784296,88599876521.4727,4231142542.2552023
2022-12-31,JP1082,68267896854.808266,-912991654.5316554,54757923732.221596,1547028792.2668478
2022-12-31,JP1083,383565057039.82117,5459517402.675925,188243371157.2949,9357204843.684017
2022-12-31,JP1084,26462640882.11404,-807894262.2575257,1.0,-460318191.3612679
2022-12-31,JP1085,21934878423.16649,480885159.18758166,7535450704.056157,345402344.0332639
2022-12-31,JP1086,193411441414.27792,67090078.046512194,64554214709.12739,4847136327.627585
2022-12-31,JP1087,52460775865.84629,224722652.9227429,7772350804.239218,313620684.0535407
2022-12-31,JP1088,205989231791.38745,443021939.06265175,56373175725.47875,1920029180.4011197
2022-12-31,JP1089,173940363690.77615,740898092.525637,46263757408.27053,1380414649.5721438
2022-12-31,JP1090,61851676206.21108,1747189023.750082,40251379383.882256,1425006247.579357
2022-12-31,JP1091,50302244369.24821,1773582052.1295073,25427442012.765865,2078765570.5981815
2022-12-31,JP1092,588168130565.12,7762680384.54415,219533816177.21317,1205706502.051395
2022-12-31,JP1093,527297580058.6972,3476769326.6300006,164594573081.05316,823245074.8972672
2022-12-31,JP1094,39054167936.70683,-98546108.29480058,39592659124.16832,2542733293.719371
2022-12-31,JP1095,46726259779.01283,3292330866.7344522,61208987975.062805,4173723095.628409
2022-12-31,JP1096,138220620348.7593,4847913395.095002,107805927698.6662,3436158888.4922295
2022-12-31,JP1097,17944131567.88014,981944630.1311204,25221584055.57663,2100945242.6120815
2022-12-31,JP1098,151239758126.79816,580155621.4360212,45252456921.80255,1611171132.628429
2022-12-31,JP1099,51985483404.22081,-265395282.73257196,25672323985.491837,655056077.0443234
2022-12-31,JP1100,104864776897.06908,729069796.577528,39167722323.176674,2408315200.5925183
2022-12-31,JP1101,36030068352.30473,1028943051.1359804,21950191754.188995,1417137744.2759051
2022-12-31,JP1102,12051028087.353518,316047724.29640335,7531205754.284514,112300002.81287017
2022-12-31,JP1103,14775603951.844227,-92004114.84271961,2937114626.7662573,193622332.67666507
2022-12-31,JP1104,26389618149.11297,552358448.5295215,11853926454.106989,503803735.2267702
2022-12-31,JP1105,47958734864.54874,1571967105.4167013,28452120547.97693,1071545395.0434059
2022-12-31,JP1106,48961149829.89353,1600909957.6257386,52081585293.5205,2225733059.8671427
2022-12-31,JP1107,513919600587.14624,11866381124.709347,410692383155.0535,14321760689.927319
2022-12-31,JP1108,401298201359.4228,-767316186.6589762,67797984426.02318,5265687501.882132
2022-12-31,JP1109,21505103864.63596,86473263.4547206,8106539464.402367,270423109.6307738
2022-12-31,JP1110,162432592029.89978,1327532085.5337892,13047423554.589111,-1632360388.325721
2022-12-31,JP1111,49297147780.3417,289289570.0206249,24829755486.94119,864651210.2813143
2022-12-31,JP1112,49242277803.430756,1470518518.398989,25292535723.320564,1245473817.6711397
2022-12-31,JP1113,56866046616.02356,2719368188.828866,60633993114.179794,3763226384.9194145
2022-12-31,JP1114,207339625058.81622,971669108.9436051,52493825048.87925,2547119895.91063
2022-12-31,JP1115,76317955292.61469,884340014.571534,15982584711.994143,366681514.73429245
2022-12-31,JP1116,185259584400.684,685447429.3058934,1.0,3265913557.1667805
2022-12-31,JP1117,13522230486.641277,76505593.70213231,10497173096.1489,404628689.42942977
2022-12-31,JP1118,143097118696.3071,-29196647.142127816,18036535741.408527,1265552294.2950041
2022-12-31,JP1119,706345813468.1038,7701822936.980546,325683285670.6959,11346401621.472599
2023-03-31,JP1000,116484687630.1432,1799619021.9575815,20650961962.206078,989984197.7103869
2023-03-31,JP1001,124949928422.69405,2293707981.515658,60636531536.03272,2031960503.2837286
2023-03-31,JP1002,234660965972.96838,5714055152.239776,91921500589.48792,3567323537.688455
2023-03-31,JP1003,28047574050.50864,260133694.57943368,15482172977.257332,761233468.6261921
2023-03-31,JP1004,41619967158.44339,1059202712.2715628,39642515262.971176,854514917.6076941
2023-03-31,JP1005,144363939339.57455,-364543848.96758986,176031312002.25674,6262628864.13695
2023-03-31,JP1006,34626191352.1377,1000774506.7212608,24535267188.41617,1713416194.3626478
2023-03-31,JP1007,30461123284.38264,-55884528.028427705,8497467210.098196,1091259635.827973
2023-03-31,JP1008,89073052391.3596,198103065.5867193,19921247734.729992,-724724901.2893118
2023-03-31,JP1009,215836186246.8756,1193985193.3740616,42395576309.48613,2196250906.327398
2023-03-31,JP1010,220503872113.25873,1008588096.2680144,39568333445.1278,569502673.174334
2023-03-31,JP1011,537639238607.57855,-461704026.602979,38710832738.31651,-898980762.868043
2023-03-31,JP1012,197135265997.02036,6233046339.509416,115499686711.76758,7738634902.605766
2023-03-31,JP1013,224238508562.73322,2242485656.0078273,68534957856.23152,6490995766.556209
2023-03-31,JP1014,186775373989.01566,846570412.3412873,19771288596.002502,-74815719.369467
2023-03-31,JP1015,439553995432.2021,15346517376.996313,126893462633.3068,4750883650.737477
2023-03-31,JP1016,89726803594.36478,47735964.92535591,32991353378.216747,912615697.7600691
2023-03-31,JP1017,7404921970.61445,205984255.55360124,5194813217.100919,357663425.9090773
2023-03-31,JP1018,366259585069.3115,8786746681.705498,293691143831.6447,15074245252.553947
2023-03-31,JP1019,58974767898.28309,2480315655.6406665,48801340583.8221,2896037150.28776
2023-03-31,JP1020,84726058655.14435,1152135346.6023626,49218378267.130714,3006187669.675288
2023-03-31,JP1021,202009074463.74426,6735964139.081698,98758884997.12428,4406677804.490674
2023-03-31,JP1022,16881049997.144814,291242442.94719386,564929822.4198246,2431548.649379685
2023-03-31,JP1023,23806351118.186066,553664133.7990901,13431404246.735796,547763623.4336334
2023-03-31,JP1024,8653557516.391033,258492746.07956955,3383052279.2954946,25003295.62267095
2023-03-31,JP1025,33035141621.633186,270298330.2022046,14652938788.659916,818115999.0151227
2023-03-31,JP1026,141562517275.0368,1495426543.9477,40083497209.34643,2847503268.153554
2023-03-31,JP1027,155639318836.49237,2550137550.4453554,49386816284.22204,2565505982.9813647
2023-03-31,JP1028,153953852753.70767,3638039651.3634653,81676289372.38486,3452149399.0852394
2023-03-31,JP1029,19750481456.41827,481663075.5236673,11411935203.576303,239370828.95793936
2023-03-31,JP1030,19499664097.247086,114038783.88958034,3070985021.8787327,153227804.11000454
2023-03-31,JP1031,106330327558.96823,2165944639.0920625,23328934364.49001,712883659.7296546
2023-03-31,JP1032,40749702423.653404,-494085624.7896002,6624421825.8156395,-431124145.8434987
2023-03-31,JP1033,66292910250.394394,3310983752.4590974,30895050539.049232,3505694803.2427683
2023-03-31,JP1034,226512341706.95074,2221019710.139592,58046999133.971954,460042749.73905444
2023-03-31,JP1035,131627518549.24327,3281874986.431518,82232690176.5921,4223965732.9642797
2023-03-31,JP1036,152344815208.62317,2373378348.19965,60598581042.07147,3624973505.9695683
2023-03-31,JP1037,46180409102.91765,1582027080.6932044,58966289195.621025,1167857104.132665
2023-03-31,JP1038,100825310182.83232,2732682797.1195827,53032168326.41735,2507183593.9342356
2023-03-31,JP1039,46250695714.87122,812728423.4865884,6623192924.75308,657899294.9859875
2023-03-31,JP1040,86062284319.52298,-37540454.62490981,15167779611.601011,1817429173.6540067
2023-03-31,JP1041,88828979886.61261,-825071654.749658,26817822890.444763,1657573187.6650147
2023-03-31,JP1042,243831929735.37103,6959908031.309719,171248760698.14456,9107317581.934986
2023-03-31,JP1043,65573192401.53953,567857825.0731652,15151019725.93413,-338434163.4617297
2023-03-31,JP1044,90474355156.18533,2474400408.497191,81923457967.04898,2489216971.543202
2023-03-31,JP1045,77260185526.05968,641816958.1929224,14774244305.453444,245351540.39618894
2023-03-31,JP1046,97546116433.58931,1360069307.8398142,49011207543.60453,1816754372.991411
2023-03-31,JP1047,283940816153.2789,3041937892.2460637,111100115614.18819,6699114788.962382
2023-03-31,JP1048,11762547274.971338,90368330.1231199,3955613790.868466,260710810.16032228
2023-03-31,JP1049,20245658214.692223,-123251412.53620219,7384151176.278815,226716684.0132756
2023-03-31,JP1050,20049573230.492817,-147222345.26723647,5215390445.7305975,310269863.40230924
2023-03-31,JP1051,12106970871.151133,146728252.4711059,3795508625.9845524,181228203.33758226
2023-03-31,JP1052,39526677620.42138,245964846.00154826,21313375264.461185,1072929226.6401392
2023-03-31,JP1053,161676494719.62625,1396584726.006289,41901902566.529396,369606983.1397979
2023-03-31,JP1054,48390267510.05491,1564181070.533107,17019159570.448294,217827264.08857524
2023-03-31,JP1055,72348035197.20879,49363668.97725107,65114151488.99381,3514198526.2437806
2023-03-31,JP1056,276033054116.28424,4940661989.142423,163663587612.46387,5914830816.337771
2023-03-31,JP1057,188494547220.8473,1854381403.9675658,122564414232.99402,5927624892.252324
2023-03-31,JP1058,39997910154.01445,1301241572.1239448,24800249646.915306,1673553043.3658054
2023-03-31,JP1059,451513401688.8961,6787397441.78255,136092423671.30315,3915160463.2080107
2023-03-31,JP1060,29614526760.598858,270480959.62424576,53861177659.30052,1164982710.898136
2023-03-31,JP1061,25849955730.484047,569239102.8547525,13240221392.37613,630159697.0403851
2023-03-31,JP1062,45901391755.13773,359489318.00535387,15647548503.699646,458200040.8032367
2023-03-31,JP1063,22034400417.135193,287845550.1389019,12783059302.54183,598748244.4430093
2023-03-31,JP1064,34329266281.519775,766055768.9016657,13907897604.390333,1183755179.217655
2023-03-31,JP1065,59911370565.40141,2438087696.2655096,50984966164.3676,2942207402.6268797
2023-03-31,JP1066,104873904208.66669,2265749859.801489,78718888472.15227,4100026636.2001615
2023-03-31,JP1067,484458141197.5344,5409538831.696797,105670114131.9828,5848675770.797254
2023-03-31,JP1068,36502826265.29134,96915150.12020132,5324293657.824632,126435771.1297658
2023-03-31,JP1069,68627149983.20924,4553935585.921093,89999303452.3315,3922091624.4950156
2023-03-31,JP1070,17702296766.25649,1179284582.0790303,21503063563.301384,1409646903.1279585
2023-03-31,JP1071,111148976435.33539,1459308768.7734687,51203136598.60558,2808097721.5862713
2023-03-31,JP1072,67815059180.22036,420971111.06585824,26384529179.75619,2123114381.5530221
2023-03-31,JP1073,11245205107.834118,451394492.9570148,11333637185.546133,561909387.521309
2023-03-31,JP1074,119193201347.45612,-251574400.9094305,21581167832.480576,-737394316.2738434
2023-03-31,JP1075,80338110075.19757,232080986.6418081,15941893657.054539,955346540.2748672
2023-03-31,JP1076,34402544324.73145,1155501508.155609,26420292266.963154,1543910733.610371
2023-03-31,JP1077,29159014715.299698,237427979.80888537,7120508147.781409,29202682.789064623
2023-03-31,JP1078,94277389728.17691,849250020.3650103,17449249683.71101,1185169602.3608174
2023-03-31,JP1079,139792146850.7259,2781667794.185622,43953795099.8447,1620281118.4944313
2023-03-31,JP1080,89745172008.07835,961996250.3273238,36197676923.48512,1535589874.6128204
2023-03-31,JP1081,91442531244.4352,3465372396.4340253,63014952206.856895,3359141061.9369392
2023-03-31,JP1082,112240960143.43246,732411924.4156324,42152732041.02226,3148634488.820401
2023-03-31,JP1083,337097816979.30096,-3961296927.511119,167958876703.25793,839074589.7679219
2023-03-31,JP1084,40581278249.109985,-956049631.312265,788679057.3677429,34330068.2925269
2023-03-31,JP1085,20429830598.96767,436092235.76825595,5627507479.102034,468845257.32344806
2023-03-31,JP1086,210083387816.01505,1509987965.6303675,97235623904.1356,5305886025.075888
2023-03-31,JP1087,41284716940.22495,279564101.9683184,10569445131.704473,216928176.65428752
2023-03-31,JP1088,316863790355.149,3488858162.0121617,58558418226.38437,2490896562.5264826
2023-03-31,JP1089,128020802147.20322,1954038486.4644828,45988192743.33665,3146599237.779667
2023-03-31,JP1090,110834972490.6583,2334355327.9042864,53076568495.78578,1453910927.913094
2023-03-31,JP1091,85965008847.84882,-224615260.6023251,21758362573.011166,1490283879.8914676
2023-03-31,JP1092,542374848293.06525,10719788367.661667,242129537232.26407,10534278423.152477
2023-03-31,JP1093,447842293730.22003,16542815533.54192,399937632059.592,8458446133.650537
2023-03-31,JP1094,48735399474.78461,1375000947.2186143,27219008419.029095,1280093660.4190416
2023-03-31,JP1095,62918006475.69972,2295440286.653662,60704827585.72999,2513891639.7748785
2023-03-31,JP1096,109274275582.64854,5549233829.550562,137458510224.00525,1134168466.2448277
2023-03-31,JP1097,14159172818.508387,466095140.7456207,23914179279.785503,1057477538.5105983
2023-03-31,JP1098,134307256461.11038,1638931748.946029,46622817837.69967,3526578986.500683
2023-03-31,JP1099,35381732490.04809,1132991566.1614368,25106727833.725216,-101946248.50117059
2023-03-31,JP1100,62305411996.7353,1744526071.4602342,50669595472.69172,2098665184.8899024
2023-03-31,JP1101,35787723715.72078,2778032.2095035524,18281162992.74211,1027182868.6752312
2023-03-31,JP1102,12009841217.646315,275702427.44183975,7352198621.662103,461981082.87310255
2023-03-31,JP1103,9292724856.146841,69150689.80161528,2927230616.6039433,12053129.956255488
2023-03-31,JP1104,17473414479.09526,470014218.44436234,11766592899.886946,262453153.71475995
2023-03-31,JP1105,39112809047.64066,659409987.7622794,24442310733.0701,610355429.632012
2023-03-31,JP1106,46200059556.93772,3035826502.42691,64717426919.50209,2817802015.621117
2023-03-31,JP1107,529080130116.63586,11911998845.596315,477228152297.14453,30726678503.41174
2023-03-31,JP1108,564058368219.597,2415326975.367625,90107372351.89546,1249203108.7997375
2023-03-31,JP1109,12998420850.937529,271919929.774313,12189474050.21847,730820486.7605594
2023-03-31,JP1110,121911321614.5918,821801482.2990766,3174571718.8602514,755159442.6579974
2023-03-31,JP1111,50527656219.75168,-121287668.1253055,19249509302.67748,1550813622.3311322
2023-03-31,JP1112,49036025293.3915,1594589665.905732,29818806078.638138,2646344679.0677037
2023-03-31,JP1113,45836715785.16646,2665417329.4943066,82172451204.19113,3580087965.159916
2023-03-31,JP1114,250435328063.59827,-2001593293.9625034,51690816806.55406,1768331006.7306755
2023-03-31,JP1115,42589962845.62058,-319464943.10154265,16051063901.677685,531344732.04103607
2023-03-31,JP1116,260757968054.74142,1991422668.333225,5907203859.196006,611792446.98224
2023-03-31,JP1117,32699585472.74637,606415129.1520389,7067445832.6426115,624344224.8086956
2023-03-31,JP1118,156695049510.2861,284683459.90244776,15750597657.654398,-140585052.50020427
2023-03-31,JP1119,436704660104.9176,14860889234.452122,294995866390.9302,10574096480.363367
2023-06-30,JP1000,97784511034.69951,644587010.304212,17043320523.239418,397801393.47158855
2023-06-30,JP1001,62281657721.65739,-84713030.23126614,59328244114.92399,3087137914.617374
2023-06-30,JP1002,410661988459.3696,3035658193.5143385,118596720695.43736,3138973570.117851
2023-06-30,JP1003,34368607053.37731,1322057294.5858796,20049551469.128498,1227907631.2965822
2023-06-30,JP1004,32191925338.89744,462727774.403082,36524123041.905136,1922818844.7721746
2023-06-30,JP1005,245964243977.16028,-4971993.960850039,153711999654.855,8666206687.390726
2023-06-30,JP1006,33386192981.234665,1571040792.701785,29871193828.472168,1595388101.6847615
2023-06-30,JP1007,50453673666.052444,-271328702.7867422,9594406713.441212,385609158.196093
2023-06-30,JP1008,96373624682.2487,711113717.7101574,30698153999.80929,-1456259769.0759375
2023-06-30,JP1009,176796463741.2107,-1008271217.7031938,61707116899.664024,216556627.42935947
2023-06-30,JP1010,93774161792.47728,1407630747.17979,34068227966.640003,1820831475.5282607
2023-06-30,JP1011,482300867581.7786,866171050.386626,52446110694.52236,4045801906.2018332
2023-06-30,JP1012,182569200661.73083,4511640302.905907,104403131933.10355,6127134132.770134
2023-06-30,JP1013,295828748608.1728,2492560227.467248,95492402781.96146,6366562356.689154
2023-06-30,JP1014,200344895389.12234,1645522397.98534,21806617824.72346,1132262260.4937382
2023-06-30,JP1015,750076574767.751,11731401179.32267,227756472598.2715,13881613938.529425
2023-06-30,JP1016,76584306693.11998,1438864014.063952,36996805866.26873,1097743523.5654776
2023-06-30,JP1017,8738918303.671516,265662824.74055025,6702035894.554787,500153906.2154642
2023-06-30,JP1018,428452039771.91187,17543099448.060078,302929277665.3768,9682283965.5346
2023-06-30,JP1019,45903497402.81452,2148585891.163766,53468852748.41282,3153529639.8189235
2023-06-30,JP1020,74511861006.6467,2657359664.057002,43361074200.28287,1394893048.2784586
2023-06-30,JP1021,182443206542.8009,-969277993.8770974,69105583431.91928,888914828.3870237
2023-06-30,JP1022,37225878167.53771,125195584.25362127,1.0,-91445760.1808444
2023-06-30,JP1023,21620210363.57359,716111729.7352716,10651557050.37367,-24740743.795983363
2023-06-30,JP1024,9658519673.49884,-8723148.560429048,2629879636.4610224,143475013.8562902
2023-06-30,JP1025,24851369619.54916,567498374.4759597,11564044925.393164,1710513002.478061
2023-06-30,JP1026,191359542024.91,338018222.6845008,35225887284.04033,1459948021.502204
2023-06-30,JP1027,170479982954.73535,1172504804.0078135,45396220867.860535,509363843.7725567
2023-06-30,JP1028,151192591707.42584,2140592992.4242647,89052433617.97963,1235382238.9002833
2023-06-30,JP1029,28405565282.71461,283223881.3826157,8546161478.837984,546871467.9762354
2023-06-30,JP1030,19202750334.03617,45373059.420199685,3609769570.591698,38084851.69982356
2023-06-30,JP1031,42544049969.31275,436672485.9991045,17282406471.185806,-245130075.22313994
2023-06-30,JP1032,50655170875.68117,197058891.16844097,10355228482.395815,390047047.347579
2023-06-30,JP1033,95264049379.74281,262207333.98860788,27106073382.56928,3851550782.1162524
2023-06-30,JP1034,301975424074.0074,6586885713.761798,81810527422.97404,6354259614.203581
2023-06-30,JP1035,150924571330.91574,3761039224.9667144,78746182532.6301,3347094311.826236
2023-06-30,JP1036,216599452352.76343,2628970643.663648,108827502751.87732,2803934764.3788185
2023-06-30,JP1037,59231912063.06992,2013638054.1268408,64167741265.35181,2876316610.4531155
2023-06-30,JP1038,102013485788.6365,3186601994.0748515,56078542358.576965,1538531960.143321
2023-06-30,JP1039,34841756572.995026,135528037.6403075,6547271835.872265,15441791.534663266
2023-06-30,JP1040,80357543253.92805,952912845.9736985,13047090487.0557,528630511.430548
2023-06-30,JP1041,109846964523.03557,-156792872.07712936,37674670300.81004,4651335.852747216
2023-06-30,JP1042,128891694115.91075,4846185815.059353,170364999625.3465,7467027237.740739
2023-06-30,JP1043,49344309862.692444,1155146856.0183005,19263446068.51081,822614325.0189147
2023-06-30,JP1044,106394095141.7097,1642946855.84839,60772857593.23959,1609605806.8882234
2023-06-30,JP1045,82894178540.42711,387407294.6883755,14095069544.033537,459092286.4958937
2023-06-30,JP1046,121283360324.79279,1490180636.681375,44729150699.99267,631056599.8861717
2023-06-30,JP1047,178984282225.70682,3685100941.405231,84800721835.14825,2684938557.087983
2023-06-30,JP1048,10838995001.607857,113069794.97789256,4109909777.2987647,81824010.04723679
2023-06-30,JP1049,19119012374.80901,705331946.4514049,11757329409.698622,660241017.51395
2023-06-30,JP1050,21469777127.3326,-158827184.35514033,7479697514.790238,286939807.38943094
2023-06-30,JP1051,7425948777.349931,356060370.6573899,4187367155.1268544,257087384.58097962
2023-06-30,JP1052,18594321825.666126,570683340.9509516,13175368567.671333,805660107.9053528
2023-06-30,JP1053,224815902204.27167,1230925879.17314,39287868336.65515,1325305202.5952709
2023-06-30,JP1054,40692278552.27852,-265968150.88362503,11148877234.661438,1235873494.6816583
2023-06-30,JP1055,95497052200.8357,1640167598.7224076,50040116919.42203,1067619305.2493701
2023-06-30,JP1056,197908735552.70786,7961148927.818171,209043328407.26703,11887770681.807709
2023-06-30,JP1057,482152304278.3686,6621749515.011031,122285007102.04485,3651137981.962996
2023-06-30,JP1058,46139142968.66567,831352160.9485202,27088682012.554146,1787943990.698966
2023-06-30,JP1059,589263323795.8472,10255641673.283167,185087804928.2935,5970246665.616674
2023-06-30,JP1060,79063577642.82532,4357450122.227567,51806983606.93578,2178885062.1095276
2023-06-30,JP1061,39862734285.67525,781342757.2217299,16775315181.164003,520084750.8085783
2023-06-30,JP1062,48735479190.89169,415843343.7978062,17393798632.051422,1545844720.2748141
2023-06-30,JP1063,18253735193.301537,953666133.0160457,15531432473.612478,280149607.27020645
2023-06-30,JP1064,37158149486.304474,561911963.8200045,19056838934.875744,1175529159.4804022
2023-06-30,JP1065,82299341803.70456,1526736828.3526876,41270633642.02408,1809598873.4302897
2023-06-30,JP1066,180363968618.39737,6568550726.890531,67782512218.52315,4061999889.870655
2023-06-30,JP1067,439569313172.34357,1940087353.12914,101564920123.26202,9083539845.181372
2023-06-30,JP1068,30460003540.923946,671029933.7119696,2621208500.7106476,321435918.49711275
2023-06-30,JP1069,128487195860.6809,4246695154.5878468,112797358127.95192,4180711356.3648615
2023-06-30,JP1070,21952018555.767735,1264143241.4368522,20320022196.55516,834936857.3807807
2023-06-30,JP1071,114440263611.45895,2900340360.57067,41644477611.30338,2942890541.753094
2023-06-30,JP1072,60418740352.55912,781882873.080868,30789227962.71168,8706582.387833238
2023-06-30,JP1073,8423696981.032708,452452447.75950634,8501707491.214664,415220532.54564947
2023-06-30,JP1074,159171594041.92535,2948239664.483398,49375590013.133766,1528388180.5885775
2023-06-30,JP1075,39715445993.78313,264986919.4742981,12219526559.953968,243540419.60117328
2023-06-30,JP1076,36690607714.87035,977152192.4131254,29548223643.143677,1480063312.4193215
2023-06-30,JP1077,39447426828.98604,304427926.4912087,11728922488.47667,122236733.11199869
2023-06-30,JP1078,65781566831.007225,880663623.515967,27117252631.50492,633723291.6034184
2023-06-30,JP1079,77472218925.53474,698190540.5729319,44959674591.19287,2618588052.170797
2023-06-30,JP1080,49171182537.29935,1214941631.8695207,29819404136.715313,1867651564.379154
2023-06-30,JP1081,100404825404.0994,3745300168.9027567,81976147474.12447,4960809060.413567
2023-06-30,JP1082,67196248785.71013,129448635.52057172,51732914641.61915,2408839406.693452
2023-06-30,JP1083,241075638211.1323,9166426072.3853,182793401416.34363,8456501243.413488
2023-06-30,JP1084,41489886290.37355,273584700.33232474,935050616.7620138,738145665.8486083
2023-06-30,JP1085,38480481585.69411,639400779.1185861,11313604639.195555,643318124.668728
2023-06-30,JP1086,259749921187.6935,200031222.09485504,66448881734.037025,5526883275.599279
2023-06-30,JP1087,31098450205.97404,893355896.2955568,8502237352.332369,119412968.96407609
2023-06-30,JP1088,329739699452.5441,2474210248.727053,58163572887.23595,484757155.9176113
2023-06-30,JP1089,83197119389.6137,-963688132.6244088,47262534589.23795,1501055974.3131995
2023-06-30,JP1090,85029723824.03389,2510501679.60674,49988648762.33156,1813895144.5190594
2023-06-30,JP1091,164426260459.5353,1492135032.2892976,24507809393.705177,150907687.78126216
2023-06-30,JP1092,548846791123.0467,12638124470.561644,281599606764.6813,19482790043.33405
2023-06-30,JP1093,468066540171.8788,5283093835.274645,235549088240.24457,5830776909.020015
2023-06-30,JP1094,59037683382.51767,2167107882.499072,32535078188.418484,1725833505.3406425
2023-06-30,JP1095,50513376441.28706,1774736068.723057,63120506430.619286,1913428515.2451913
2023-06-30,JP1096,198681533174.23865,3690544819.7280054,132296535341.30458,9103340789.712902
2023-06-30,JP1097,29859560908.716484,681693288.3550937,25219884400.70638,1142751432.1737838
2023-06-30,JP1098,149587168000.9903,1087700119.7760942,62042590033.44348,903574278.8192227
2023-06-30,JP1099,41546420900.07298,688397365.58362,17617705170.690556,439349496.37751853
2023-06-30,JP1100,91160094133.46518,1628672597.0596285,48194265093.51286,2452800207.296744
2023-06-30,JP1101,48654053931.15642,493673437.78127265,19792318024.866364,-10089166.287391406
2023-06-30,JP1102,18317644951.910084,-94024949.8533425,9074878609.95514,503666086.44872123
2023-06-30,JP1103,15530179516.932772,1361362.7603014598,2732379688.3945894,-2966330.446540659
2023-06-30,JP1104,25962783636.04158,612474006.7759771,10718406515.531425,883509000.0432334
2023-06-30,JP1105,53182793518.70228,300975853.1552888,30157647324.020416,2107562218.20753
2023-06-30,JP1106,42437228943.52593,2447644252.597367,60109078362.95539,3215303512.4288874
2023-06-30,JP1107,604836262674.5121,22262774989.120777,409226748520.78204,18751519980.300137
2023-06-30,JP1108,422606792756.51483,294974305.3921716,73405887792.88937,569882648.614265
2023-06-30,JP1109,22426414751.937702,453087140.2454481,14647779347.091942,730300332.694847
2023-06-30,JP1110,100411036810.91554,2970859756.756002,11264804542.666082,3703439641.3930154
2023-06-30,JP1111,37934326652.108,656240635.2365643,15663289563.117105,1812075277.378253
2023-06-30,JP1112,39049589931.04086,407338993.37659204,31895631478.434258,2320701430.072798
2023-06-30,JP1113,90844014463.336,2482396979.7396474,74755114348.79819,4127126173.2228923
2023-06-30,JP1114,166322724014.5592,1641243916.58886,48889379135.60029,3095928325.3365135
2023-06-30,JP1115,50111786508.09126,1346104998.5803413,15482657361.954487,377076033.3094732
2023-06-30,JP1116,242997078427.75134,-962951134.4890851,14599492948.770456,-2755926328.600031
2023-06-30,JP1117,33281066252.096855,260959392.3076333,11457061498.790852,1050321222.4714888
2023-06-30,JP1118,167732625466.01794,944451820.373816,21727282135.30467,476547464.41357505
2023-06-30,JP1119,1414240000810.434,5820553634.364415,451685690947.43304,25616333181.182293
2023-09-30,JP1000,88746760072.03209,-161156832.9318989,18542023833.456055,1356287943.4020057
2023-09-30,JP1001,83606391609.0391,1193923334.807592,63130780911.928604,3025453704.5916424
2023-09-30,JP1002,246447742792.53314,3990332408.389345,88375301591.52669,5747384144.4203205
2023-09-30,JP1003,93786314360.78438,1235778943.7458403,23643823528.98257,1211343908.7884033
2023-09-30,JP1004,46339226818.45372,2238369276.630062,48412534549.12906,565159476.620666
2023-09-30,JP1005,220789038206.61954,4672791939.709851,194413386580.0699,6239570062.3161335
2023-09-30,JP1006,49061373656.64963,1889603295.134358,31549576017.75021,1371443703.2371764
2023-09-30,JP1007,48295415309.398766,564636800.9012104,9160133075.462444,107971259.94559455
2023-09-30,JP1008,110435822579.10101,1851364581.9168785,49135294675.19313,3241938274.023254
2023-09-30,JP1009,176759999328.8023,1978777326.8441215,61914307177.25184,3373247101.260468
2023-09-30,JP1010,168640098642.4779,126209689.99833447,31376428108.659374,2021892059.9821243
2023-09-30,JP1011,534576028333.454,6772324810.278377,29433023590.63167,-97342829.57931443
2023-09-30,JP1012,213289113959.5947,1732364297.7613943,138571937051.1584,5891506173.687733
2023-09-30,JP1013,409972588106.59735,2449075216.4565067,87064308211.27618,965406658.2707319
2023-09-30,JP1014,115234096556.7311,-822201096.1385998,9202357050.844128,2030251814.3648777
2023-09-30,JP1015,639029235720.1259,15412828527.125954,208303055682.01355,18532947092.97719
2023-09-30,JP1016,104357499441.32774,1202826652.2275672,37412978344.40191,1940903001.3424933
2023-09-30,JP1017,10651068188.037243,244134219.2180695,7088636026.094514,157995405.9014089
2023-09-30,JP1018,558212017280.0588,12215595588.888033,442541021972.1094,16897293213.529757
2023-09-30,JP1019,63929872870.00659,2321478070.5404425,64523981126.89018,3638541525.30177
2023-09-30,JP1020,82243156588.85667,1361408071.3442876,46129476953.61349,3392763254.6255183
2023-09-30,JP1021,247422126476.90964,-1573831830.8724728,56895529333.84422,2229356308.644543
2023-09-30,JP1022,21631333589.222706,-487176351.24011636,168005194.85911584,46618884.839269385
2023-09-30,JP1023,32092718970.89324,406641967.6653667,12440484548.517467,667129093.5752286
2023-09-30,JP1024,16117944376.815111,33411441.318784684,7262459939.562574,36459174.77440959
2023-09-30,JP1025,35116103689.78432,138807079.7120026,13336208367.334667,713795351.7003235
2023-09-30,JP1026,128402873769.05617,-227774915.2088572,34774395448.79879,2815908643.7326546
2023-09-30,JP1027,119416541416.30962,4617047499.570494,65254940935.77148,3937411117.7379303
2023-09-30,JP1028,95654276151.95398,2374462285.58572,67869222791.69668,3621702495.052649
2023-09-30,JP1029,23561437231.395252,267594367.26343647,15568923998.480736,746506782.408098
2023-09-30,JP1030,21438216308.237446,160012893.68142173,4525622503.0727625,157991733.92868358
2023-09-30,JP1031,87966371485.90762,-1355008906.3611622,19007936567.077564,525863029.38052577
2023-09-30,JP1032,41344508682.77414,507306252.2946903,6109217225.174053,92781258.24434112
2023-09-30,JP1033,82121765657.35138,952839606.240389,33525025486.876316,1591530511.7499697
2023-09-30,JP1034,156501709816.18884,5393748349.108995,85521280889.09987,5137818416.005715
2023-09-30,JP1035,96309142649.37285,3386732370.2614284,69516242403.46066,3650545084.043981
2023-09-30,JP1036,170976209706.37802,420562448.6095278,79081099847.69623,5200715042.580048
2023-09-30,JP1037,102995315120.33913,1079563718.064389,83097573966.81947,3072948668.9083076
2023-09-30,JP1038,84770727466.81734,859474163.0245126,44013601761.08701,1208486068.5270662
2023-09-30,JP1039,51917234023.36269,497604862.66788787,11818791552.407295,875113545.8751583
2023-09-30,JP1040,152227699316.49164,-1133305091.8782573,17811469691.08421,2056370187.5212977
2023-09-30,JP1041,105678618285.60199,767031065.1115383,33046652836.034573,2518592051.581285
2023-09-30,JP1042,204872574558.5944,5387184153.998577,187324354296.6315,7031487182.313935
2023-09-30,JP1043,86483340234.61794,1000017521.8741219,16908961074.460161,-144777882.89781463
2023-09-30,JP1044,178218170622.71478,3230757162.112964,79310215213.776,3811428573.5891113
2023-09-30,JP1045,79317033845.72467,214959932.10935482,14084673367.240252,832330325.2961516
2023-09-30,JP1046,118804322298.98973,289092333.4644292,52025721981.5288,1717764334.8498607
2023-09-30,JP1047,227432526455.95407,195020400.25928915,86492045131.45816,77798039.89815725
2023-09-30,JP1048,13316898654.086044,-11750942.892142713,3335361562.2734127,165859334.3824392
2023-09-30,JP1049,24730818360.244736,528902296.02507585,12032563541.329124,776514506.0153497
2023-09-30,JP1050,32529513288.54549,396390982.5382718,6590788694.343518,306806929.77177
2023-09-30,JP1051,11317221714.911537,-12755772.488880618,4133508600.7225747,48118626.19391272
2023-09-30,JP1052,18890179792.657207,-128480996.57279123,14306246480.459255,811288082.0615304
2023-09-30,JP1053,225650703503.4158,-833963707.1507801,32025517421.435635,3458150873.106381
2023-09-30,JP1054,53963586527.63276,-174277154.88939175,16634025168.588022,897116444.8270438
2023-09-30,JP1055,95634576787.35194,1996299123.9121554,43760635098.69518,3339260761.124675
2023-09-30,JP1056,292558049220.54315,7093459345.827509,209262853037.10593,9210567979.758749
2023-09-30,JP1057,532275902481.9293,6915184673.866267,230010976603.41876,12733043260.432188
2023-09-30,JP1058,71052408274.10439,440844697.8215659,31831119548.177433,1419275739.7063909
2023-09-30,JP1059,394580611214.1368,5715491121.885353,168450784479.77606,2825252382.9222383
2023-09-30,JP1060,41296666969.32027,2009969266.4064586,67268126411.94087,3468561303.5297203
2023-09-30,JP1061,23974836244.821217,157326366.43615335,15585776092.5793,1052628665.4699574
2023-09-30,JP1062,44216563267.58587,600763603.9110689,18275369188.97472,1324404864.4108984
2023-09-30,JP1063,16706374980.756878,664263788.9538271,12926651444.162394,881389103.8584999
2023-09-30,JP1064,61749665670.039566,661588561.4924953,16884201383.797607,1046830249.6751026
2023-09-30,JP1065,58323670567.84707,1721299720.9882357,42082667467.72423,1925696081.8673863
2023-09-30,JP1066,82556185261.0912,2514540649.988105,79282089023.27939,2656260739.71064
2023-09-30,JP1067,388316620932.0136,-2627406966.805621,113804122626.76744,3732035144.756188
2023-09-30,JP1068,65876338443.25427,194518620.71331286,5450066777.771245,45303786.86253128
2023-09-30,JP1069,137776277605.85254,2616021304.0635815,94764113846.87698,5850922356.5148
2023-09-30,JP1070,19672560801.593338,909269209.6520706,26504372331.083134,834099188.9777718
2023-09-30,JP1071,109726357670.7484,2063062010.106463,67786622388.62534,2683711350.3216105
2023-09-30,JP1072,71639367663.00966,910433815.5046868,28896613109.336205,1354273062.540951
2023-09-30,JP1073,18583064521.46778,296953116.76449406,10172049371.541046,351808430.02826464
2023-09-30,JP1074,229199678941.72534,-2950463060.7966247,49892423449.10026,-539921824.4105597
2023-09-30,JP1075,81652640995.11903,721966795.074671,18528373504.554253,1544645861.878431
2023-09-30,JP1076,46006598026.90657,710501717.9882066,33506423234.863964,1255000793.1962628
2023-09-30,JP1077,27243495521.775818,349929091.7844529,10242657692.725922,1098736641.5648322
2023-09-30,JP1078,51743391091.12198,650584744.0487602,21732314585.286705,1858146595.0912564
2023-09-30,JP1079,104079904168.45862,-616942713.662752,50737521099.80126,160282152.30450606
2023-09-30,JP1080,73570478358.09972,2331037864.2962756,34060144489.55409,921375879.960126
2023-09-30,JP1081,123016724250.44655,3013309075.4011574,99111784736.39578,3914770662.848708
2023-09-30,JP1082,127348464390.84467,36893053.141747765,51855473643.39698,2345335885.9462743
2023-09-30,JP1083,250915362743.07916,14318407113.78032,199735520818.90775,11526725678.567844
2023-09-30,JP1084,37954161280.31236,-922902534.8047822,7441998490.982137,-1005864217.1610739
2023-09-30,JP1085,24201071902.624317,476423959.515031,13364195155.470346,864535374.5230098
2023-09-30,JP1086,250465826950.58707,7514161364.859336,64838363811.5434,4061079382.563081
2023-09-30,JP1087,90562534180.6567,-549419085.356153,14089789370.807219,766029569.4721476
2023-09-30,JP1088,268491949465.12482,-503565094.9219527,60646102400.88095,2900156855.697437
2023-09-30,JP1089,140606753599.67813,2777197608.179142,62186895791.31681,1328291684.942481
2023-09-30,JP1090,113448724574.75343,2869642372.871892,55839412455.298805,2192629091.8178525
2023-09-30,JP1091,161324136487.4694,250334315.54733193,28814236647.596462,-83587473.41108854
2023-09-30,JP1092,376255129210.5554,13132110012.824627,319232421716.1952,17470168057.840343
2023-09-30,JP1093,491234911549.2422,-8429555438.284773,245902863491.33908,18431608810.95518
2023-09-30,JP1094,30666459369.88789,828834782.4514493,30013716604.14182,1705338221.6153476
2023-09-30,JP1095,100599710687.34349,2473089774.9167147,74726794357.89589,4056095253.209564
2023-09-30,JP1096,80580109740.15901,6027030187.429945,132919492618.97508,5536145469.163663
2023-09-30,JP1097,20254959611.1735,733475693.4086645,22552595894.956287,1051297011.0771137
2023-09-30,JP1098,80078566159.6164,1841199235.076177,41212833589.471375,1919161322.709358
2023-09-30,JP1099,51486638382.02142,1081435010.8317864,30814195028.592175,1235509992.0846956
2023-09-30,JP1100,79748116903.10266,1816382484.6384451,56978979636.37219,2359446679.671801
2023-09-30,JP1101,49635517277.61811,628778853.6436229,20621954276.38534,742584451.0079195
2023-09-30,JP1102,24202678169.02033,192420585.87866274,8422597622.0985775,377636322.6001009
2023-09-30,JP1103,6848789049.471797,54871655.05059885,1904318063.796895,140954029.94083908
2023-09-30,JP1104,12078319309.438152,600185513.0223147,12216379393.608711,943735221.3366374
2023-09-30,JP1105,44959824715.435,1020159568.1348253,26583904597.522068,98018357.90457854
2023-09-30,JP1106,70753225168.05959,2529841656.077129,66512607001.866615,3319954096.8996816
2023-09-30,JP1107,715302071424.5146,15980876682.590565,499170442549.4929,11272446336.373396
2023-09-30,JP1108,278191642521.50494,3915923056.539943,85312446237.8945,3485914415.129496
2023-09-30,JP1109,21028565130.817833,289295387.2431578,13091085079.813591,216878571.44317946
2023-09-30,JP1110,121557919127.71822,355206278.08249086,9341767236.941998,3459617159.5089097
2023-09-30,JP1111,63180527041.88829,858118736.2398348,18673696558.723705,-1119133990.1218321
2023-09-30,JP1112,97299586308.59283,1412192057.5029328,31574152634.498817,1006678470.6751789
2023-09-30,JP1113,116216608001.71774,3387381527.473924,64616013199.22024,3096386932.0938478
2023-09-30,JP1114,171833788784.24588,2529057975.376786,53271089703.80586,-812930857.5929936
2023-09-30,JP1115,40976006277.6048,40156226.43480075,20606602243.23782,463946007.713747
2023-09-30,JP1116,244822476403.89893,-1240872498.0132704,1.0,3529297953.4135385
2023-09-30,JP1117,29758611176.709198,566376842.5354362,7936180307.611451,488368037.2582327
2023-09-30,JP1118,175590464354.39767,-309565924.11003816,14720735104.010067,-44824383.66176509
2023-09-30,JP1119,626559380356.0405,20854053975.133606,384726019507.4604,11260223061.321074
2023-12-31,JP1000,86628015095.03944,645799453.7394478,19031779778.218338,951385861.1737771
2023-12-31,JP1001,112953892387.4299,583525119.7460619,64094778698.59704,4069391942.902831
2023-12-31,JP1002,276769543106.0826,2793772991.0719695,133180578207.16417,3618272319.0498743
2023-12-31,JP1003,45675158836.64749,807143433.4806551,22594445681.530853,971076160.3866191
2023-12-31,JP1004,30287277967.067196,1107437836.3376248,51125118093.28573,1681351227.5835907
2023-12-31,JP1005,182261249387.1776,4420749331.843691,169587394262.6342,6507618036.376448
2023-12-31,JP1006,46707539126.34534,1075186582.074954,27658592924.322086,1623426404.9908721
2023-12-31,JP1007,34158753359.84678,667119045.1063825,8110544878.208874,242926765.14704067
2023-12-31,JP1008,87430896765.18495,1048767886.8211824,31499555673.185383,1256832946.7152753
2023-12-31,JP1009,137570979509.11887,2868248432.5513086,59282043154.24329,2260964051.342485
2023-12-31,JP1010,131521030246.64906,909438083.9451224,30482314439.753242,1833722891.911073
2023-12-31,JP1011,529639403894.55,3473818396.7191844,45052593749.67553,3299406330.699282
2023-12-31,JP1012,183019147313.26868,4245610846.1164565,118208264663.00673,4289273122.055888
2023-12-31,JP1013,319690193964.1712,1627533668.9369545,84850327912.83484,2357969086.2212048
2023-12-31,JP1014,142473614680.15753,-2582078368.329137,19151900258.084682,-153876927.98491967
2023-12-31,JP1015,618682067086.0281,1257605541.9583209,253177979278.77863,10272464344.660496
2023-12-31,JP1016,111439890347.60191,2224324293.562009,47357012500.78248,2673985877.656437
2023-12-31,JP1017,6676276250.270014,352896894.2051558,7380575001.605833,487419463.5584701
2023-12-31,JP1018,600923863998.1465,18623119985.565083,375079238271.77686,18160304041.055767
2023-12-31,JP1019,54700294080.70722,1657212533.911544,49973272014.094826,1600108650.2332568
2023-12-31,JP1020,94872287073.47018,502008194.3689801,50279400314.59179,-633441063.5860792
2023-12-31,JP1021,151292493405.2228,2300697492.35031,77254467566.02385,2290256907.6677456
2023-12-31,JP1022,34854029783.74587,137865045.35333562,2847561136.28253,-16706443.320383608
2023-12-31,JP1023,33649256791.33938,242865237.86796248,13059699947.252853,396789133.15773827
2023-12-31,JP1024,13887567217.525282,177925264.14218268,5630367276.607499,254184248.2070144
2023-12-31,JP1025,49430632747.4581,1009105313.9385514,14768911658.803326,592607966.7297125
2023-12-31,JP1026,121164942499.12679,688343095.8757215,42275239143.54313,916335986.5092285
2023-12-31,JP1027,145312285547.33218,2720191236.5593224,62028613340.171394,4048014077.0215197
2023-12-31,JP1028,126144969799.19261,1746664416.8419783,69519677861.93726,1681014583.6004655
2023-12-31,JP1029,33788950778.87995,195720339.22659913,8344737932.737424,614910601.8313466
2023-12-31,JP1030,17662406566.89548,229736400.00298893,4205656729.80769,77111259.24518412
2023-12-31,JP1031,120146421213.68887,-1148004671.1578958,25187794730.02096,2261152473.9332414
2023-12-31,JP1032,38773018625.14753,1358668427.4617124,7364868017.763185,417396595.60481036
2023-12-31,JP1033,154332995925.244,2339175354.0116005,43827916921.05024,-2604992453.2866955
2023-12-31,JP1034,181708436176.19687,1064919465.9645267,73248621826.27548,2455779450.098895
2023-12-31,JP1035,64787052445.71064,1531964442.4856355,73894239350.5824,4277714861.017953
2023-12-31,JP1036,128193364165.28706,3673413889.3832774,55476630369.525925,3842229033.137471
2023-12-31,JP1037,113649182698.65012,3177542542.1584363,73173729996.01541,490314874.0511165
2023-12-31,JP1038,178997651322.35605,4529072160.31864,57357337119.26094,4217946602.9395795
2023-12-31,JP1039,54834572191.17356,573227371.0298779,11128305322.658772,328052073.3690619
2023-12-31,JP1040,90890236890.32094,1381116047.1996436,30234767099.896828,1961726126.174571
2023-12-31,JP1041,153022863314.141,1375326579.608701,37300871615.1594,-1173822047.0192592
2023-12-31,JP1042,149800947683.13507,5800182657.317747,158328898607.9108,10064450712.981106
2023-12-31,JP1043,63503777434.963524,-968036037.6086483,16230937410.343996,1339572239.4258823
2023-12-31,JP1044,140370550349.97736,1792339797.6299558,86525077283.58298,4595383826.622632
2023-12-31,JP1045,62938190674.06788,-484359712.6108547,24496146583.989635,909413563.0120478
2023-12-31,JP1046,90164806150.05534,2969347533.231166,49251361019.65166,2119062770.0994453
2023-12-31,JP1047,173369556564.4779,1942223866.2007358,78945646003.9905,4507458097.000185
2023-12-31,JP1048,20817154950.957638,89007188.61791696,4852391429.400276,39725198.167023815
2023-12-31,JP1049,30117763846.84872,847849928.5808514,11482997049.255033,358160490.6689011
2023-12-31,JP1050,16837791516.091692,253772082.28444785,5597265492.379557,163483782.69886598
2023-12-31,JP1051,13135786553.666523,87570231.9329645,5209815368.05894,190610762.7829131
2023-12-31,JP1052,32705969455.464268,912672670.672848,12097126019.946934,680975086.4602333
2023-12-31,JP1053,101791564496.59776,-2021239699.7281003,32226112822.55948,1804461009.2441287
2023-12-31,JP1054,41305594635.993095,536667462.48300743,10797790674.967506,566036698.7338009
2023-12-31,JP1055,158433223952.2624,1390382437.6827667,45015302948.96631,2268329056.522752
2023-12-31,JP1056,220804006949.38437,6164180688.396696,195689913653.9123,8653997172.393234
2023-12-31,JP1057,362591592472.2651,7180361679.382679,160354493382.88852,5234727069.533297
2023-12-31,JP1058,74588325622.44075,-592521272.0529388,39351180609.85368,3519963467.0877104
2023-12-31,JP1059,512859594458.62476,5632997077.136739,151080798317.3493,5944666935.577106
2023-12-31,JP1060,52166744876.36285,3024699342.619778,58078987626.28058,3434300058.8264146
2023-12-31,JP1061,27775131813.159542,473364191.6839133,16753987822.85517,909622865.9872606
2023-12-31,JP1062,47093365778.96685,683037102.4045308,16696715213.200447,1007368003.499294
2023-12-31,JP1063,50370013272.45235,759581696.6229637,13949201911.748507,696333356.4017411
2023-12-31,JP1064,41260955525.711685,83853318.16402988,18733717101.296253,1368659962.4237874
2023-12-31,JP1065,70039224168.49503,2630300065.1027904,53427208551.57198,2510527348.8617015
2023-12-31,JP1066,249689699183.57144,2021774730.9902205,124730849443.52777,7905860995.786741
2023-12-31,JP1067,500957390284.719,4317248121.007027,86480771491.06787,9000835628.49827
2023-12-31,JP1068,27464521730.325523,54522522.57808428,4531380692.727204,69546560.04214233
2023-12-31,JP1069,104644926615.49515,5216791147.4459915,94061096600.88957,5844540959.315986
2023-12-31,JP1070,16567662850.187967,376370110.0048436,29150687873.475403,1425888997.2113574
2023-12-31,JP1071,69189255330.82602,241773992.87383497,51930632092.73655,1629402860.2882082
2023-12-31,JP1072,75290040561.83083,526323690.8789739,30011299755.895367,2323243495.376257
2023-12-31,JP1073,13491018257.735401,177873542.6045056,10194852078.895733,542805071.8655216
2023-12-31,JP1074,451108488308.59314,2040214458.3433225,49236487297.6713,170350496.1294547
2023-12-31,JP1075,70024721166.55095,-470969274.2082645,8782929399.894672,645945814.3902471
2023-12-31,JP1076,55683974441.915565,1515916828.714542,30892126088.975914,1990589566.2786975
2023-12-31,JP1077,32253922916.836113,257714011.19577459,11787710810.649088,608008689.4916341
2023-12-31,JP1078,131646907627.27612,519398846.6850605,18309588577.814934,1492269507.839598
2023-12-31,JP1079,126897366070.4771,-382149645.3355701,61955661841.364265,2659966254.224425
2023-12-31,JP1080,41879942175.04838,989077099.9142416,34937686677.034676,1351817867.3950562
2023-12-31,JP1081,90247023296.79132,3843544397.072017,91234491679.36055,5407487774.759006
2023-12-31,JP1082,154644977370.40222,1614255907.5401564,42773723413.83951,-484964360.30118227
2023-12-31,JP1083,424580097326.2566,7818301350.094432,261388818580.04193,12426927042.262596
2023-12-31,JP1084,31381745663.498283,-550557345.6783701,4537968157.3514595,-860471698.7167889
2023-12-31,JP1085,26641112129.592342,157370037.81882748,6541012686.587589,53503213.04828839
2023-12-31,JP1086,358929148397.26715,1601048334.6540275,75201633867.91742,975845413.969321
2023-12-31,JP1087,50489858975.98435,461892319.6871536,12645693677.340872,753086041.0313202
2023-12-31,JP1088,453694043305.54584,4439138717.3473835,89825870138.56497,1381646014.1894255
2023-12-31,JP1089,144349309369.27594,6755459.731650685,46789617771.08267,2733802444.037363
2023-12-31,JP1090,123380109232.29468,2560120986.390262,62490876181.23935,1417018835.378513
2023-12-31,JP1091,68591604149.76322,199171876.5773102,29263375884.955463,2395312667.781668
2023-12-31,JP1092,504834810162.7635,6904173875.327405,261392264966.58524,17554060108.137394
2023-12-31,JP1093,544081534528.144,3682524045.4921303,243335011044.0078,17914533103.503426
2023-12-31,JP1094,60018736170.93339,-643823902.9146416,37483431801.368126,1457611201.3342054
2023-12-31,JP1095,71545367978.28294,2112878418.5715606,68402553383.13638,3087716578.2708406
2023-12-31,JP1096,158010817136.21384,3370738376.1069045,157634873046.053,3576952571.54618
2023-12-31,JP1097,24731991640.209633,880576304.42133,30130532387.645565,1566931687.4552317
2023-12-31,JP1098,224366691614.832,-355369873.53610694,47914167464.11123,3630524262.7936144
2023-12-31,JP1099,66550562137.77263,618661511.518088,22537287082.603786,1704736790.8687868
2023-12-31,JP1100,93377519124.80591,999937092.4833503,46356649889.72264,4084268298.228214
2023-12-31,JP1101,39279056324.65896,708827426.6565385,15732385918.28804,900193276.0747545
2023-12-31,JP1102,24623842658.159676,614244390.6269544,9231312356.23531,103872525.49788554
2023-12-31,JP1103,12837131609.840754,55317028.37650703,969354782.9545455,195794318.5334678
2023-12-31,JP1104,20794915096.559177,499958817.00837123,14450824210.48001,619043907.4350506
2023-12-31,JP1105,68345330880.10479,943149896.8144127,32119063277.683163,1525192940.4692585
2023-12-31,JP1106,56250477989.33986,2178593621.9949965,62564541740.62649,3653141612.8651557
2023-12-31,JP1107,784590180934.273,21455905202.0088,560188093861.6298,24534755078.406506
2023-12-31,JP1108,410178314735.6008,2617143788.825168,81389408407.18268,6215971064.311567
2023-12-31,JP1109,17049757050.48346,202573832.52135178,11978799048.747614,450747495.57998955
2023-12-31,JP1110,161392866087.35477,-284152190.5697097,26517840381.219112,331782113.5155468
2023-12-31,JP1111,93068313023.46524,609412996.7990193,20725844120.30654,1390113685.545368
2023-12-31,JP1112,75049903355.6832,1619240534.2158039,43836516643.77324,1578059978.3053234
2023-12-31,JP1113,44167461808.124084,2596304115.674043,78093715415.94534,3911299420.8452034
2023-12-31,JP1114,119532307381.69939,870066002.9671272,39644290577.638824,912315465.8202351
2023-12-31,JP1115,51097335228.967,908662454.806548,17799142223.421394,447895257.70617837
2023-12-31,JP1116,282414927665.6151,-2341272919.4385886,1.0,4470260528.692344
2023-12-31,JP1117,24558427626.15047,-126647844.05580144,9882829612.427784,-43306045.89033858
2023-12-31,JP1118,234607520207.32846,512311705.7521151,16445224413.551497,1328898323.1974823
2023-12-31,JP1119,1496149521450.474,9600244217.07533,451457268686.50323,12028052431.779055
2024-03-31,JP1000,85945141629.41621,172091252.53063455,22020461387.407906,663756860.829025
2024-03-31,JP1001,98502204068.1544,1589966058.1259139,65575148111.71744,3878780149.575594
2024-03-31,JP1002,207337329996.1967,5372719566.658713,120124195818.768,4658847151.876018
2024-03-31,JP1003,49652002967.446976,895204182.2174982,23460584542.36251,1328186304.0979593
2024-03-31,JP1004,45643555154.91076,1217923955.7756565,58052500226.388824,3369002935.649624
2024-03-31,JP1005,271191328629.7637,5231699808.506801,205843410245.7382,17180919401.239143
2024-03-31,JP1006,45894871909.33036,1294218444.171984,35099671516.48653,322105189.52289957
2024-03-31,JP1007,26825531704.53421,1036292360.9159899,2727881269.8193483,-258140385.73746756
2024-03-31,JP1008,96386849584.83061,-4304175.655779953,30865223092.96427,222533192.469535
2024-03-31,JP1009,136241848402.46597,2139268595.3321884,54582534041.14883,482213994.6235402
2024-03-31,JP1010,160645332034.92245,1232629186.202609,39409185529.23129,1757916199.5213645
2024-03-31,JP1011,384670322847.4812,506035313.3489618,60143333694.76473,5898526361.302233
2024-03-31,JP1012,233904243859.53778,4911384464.843629,134083841218.19632,1905350198.8129818
2024-03-31,JP1013,243579465255.01443,3615184650.984819,83978898071.85251,3553227998.332399
2024-03-31,JP1014,183289534077.04526,4272181868.5925713,22953620114.86705,-2475013244.9263563
2024-03-31,JP1015,678900530675.5411,14859817687.634066,238365888064.1912,12629566922.657272
2024-03-31,JP1016,72663486281.5917,1021496832.0508212,36106821772.621086,1212028258.9220023
2024-03-31,JP1017,9104170238.601686,414629882.3586778,10218455476.902395,400423491.6785626
2024-03-31,JP1018,644704215583.847,2837606500.2919655,342646474197.5643,22895661074.717247
2024-03-31,JP1019,57772683344.81877,2139988594.3628106,67643577457.30811,3505391755.0338984
2024-03-31,JP1020,117234650508.49185,1823186314.701408,56357788749.47844,4694738264.242267
2024-03-31,JP1021,445075434990.1129,552704188.5547967,55246118176.53795,3426216580.975595
2024-03-31,JP1022,35324478058.23654,304517626.3547329,348931028.43009275,-91458779.2054801
2024-03-31,JP1023,27255232770.810642,172383401.32192397,10712145347.687845,495269835.0517177
2024-03-31,JP1024,15831671031.01439,398622822.31126964,5883065930.120473,121094960.78583176
2024-03-31,JP1025,40442638147.15554,1924011719.5265007,14300738231.727808,-142577339.3338686
2024-03-31,JP1026,130113085176.84746,1936003956.6123297,56622813952.11011,1874776620.7477221
2024-03-31,JP1027,150154132505.75684,993167991.2209818,50993520210.894066,5261642486.7857065
2024-03-31,JP1028,115033455277.137,2697164297.2435336,73923391359.56169,4663464999.265009
2024-03-31,JP1029,23196031437.934708,150604085.5401339,10138881852.174719,427517105.42513615
2024-03-31,JP1030,16905710202.026001,10179472.845842943,4020331127.3249674,290843802.783737
2024-03-31,JP1031,128523622567.83606,-81214887.18226926,31632641532.213448,-130291546.55238032
2024-03-31,JP1032,42929701231.68004,596620231.0262091,7060106448.35432,859587812.3163699
2024-03-31,JP1033,84777510332.56268,1351932119.8087387,49889496376.10074,3863314422.720793
2024-03-31,JP1034,194547360590.96704,2809248571.206493,70838042319.05128,3835208442.614036
2024-03-31,JP1035,119685133334.81796,1745899600.4828408,75741830416.25269,2772012067.864004
2024-03-31,JP1036,191708240089.22412,5007762374.8187475,85879908071.78328,3602443889.7360806
2024-03-31,JP1037,141261992238.4403,541390997.6879059,65081459970.34497,3619221781.982155
2024-03-31,JP1038,71710057326.242,1385489941.8590605,61991179265.18325,1250196688.2077494
2024-03-31,JP1039,40342952447.75752,-432532882.8042871,6790404498.913783,230960066.44440395
2024-03-31,JP1040,154378502789.06793,377802883.6107494,17450377434.926132,688334063.9911399
2024-03-31,JP1041,100632307471.07892,-1491029518.7286217,39030050606.189705,1944054761.8998754
2024-03-31,JP1042,232230974104.47302,7634284110.520616,207346343784.04117,5740856244.688272
2024-03-31,JP1043,66268958806.58627,819793677.6973194,21214050802.51009,962107867.9167546
2024-03-31,JP1044,197039831891.5791,4084969923.566633,92676496629.05452,3825961022.4964986
2024-03-31,JP1045,58232809078.56248,985733384.0366935,18058938526.673515,1593018557.207635
2024-03-31,JP1046,139114860443.36847,1844389836.4937415,63576069377.46072,1531487418.9552624
2024-03-31,JP1047,203736376209.60004,1744380245.4111843,95419560423.07727,2630387493.5717196
2024-03-31,JP1048,12849696318.83085,187085681.6531017,4795239254.570982,251403669.62545216
2024-03-31,JP1049,25931480224.272564,-208333156.64400464,10773269573.031488,289763985.6980327
2024-03-31,JP1050,18747378655.552708,307233144.04371667,8231814836.086285,381260049.6417068
2024-03-31,JP1051,12302005446.732994,97477244.55460058,4060318692.4597588,199465980.56366667
2024-03-31,JP1052,29964086022.018414,2147758864.9344354,19661642760.28262,847637120.1125783
2024-03-31,JP1053,147204182770.28665,-1166992899.003139,24625847829.666683,795862994.3998352
2024-03-31,JP1054,47862525853.063934,908892279.8360267,10765875799.493683,144252533.83137152
2024-03-31,JP1055,82555660436.26263,1434688654.1555812,52424479147.79434,3490801115.176876
2024-03-31,JP1056,238709202524.13852,4601021749.40439,204829805461.04425,10029982378.096836
2024-03-31,JP1057,401580122323.00885,4223874538.518621,137479036116.95663,8468517487.246257
2024-03-31,JP1058,43923700781.22889,787728251.972036,33271411175.58673,396778371.1269881
2024-03-31,JP1059,455640395543.99786,1810466995.6318305,189839527457.2196,11599671492.68107
2024-03-31,JP1060,83560177713.34224,2987230331.3141494,83116924721.90404,3490511921.143382
2024-03-31,JP1061,39217834788.74994,1271070027.0516367,17369285579.028725,1013572772.813389
2024-03-31,JP1062,35013840355.88295,347299917.8006812,18695532558.41152,943198357.8617378
2024-03-31,JP1063,29367500950.91728,744650860.5045105,12325465280.98175,802749440.1305916
2024-03-31,JP1064,73004127668.90976,511640550.1546826,18772933436.552135,944868955.5423332
2024-03-31,JP1065,98896788160.27907,1953290098.1744897,64489965183.683586,4600148471.962549
2024-03-31,JP1066,173160594212.9156,8401402808.84216,99503786398.81691,6239092924.730553
2024-03-31,JP1067,427182301105.97424,-2368051676.988814,123180629120.72836,10482052706.902012
2024-03-31,JP1068,34626085366.055046,-301716494.44951016,2670747435.907061,-266963042.8105977
2024-03-31,JP1069,126047946254.04375,3694929020.1793113,97931169782.94916,4691491575.460394
2024-03-31,JP1070,18998044436.35257,1093796139.5642188,31097355780.201424,1540488151.1436012
2024-03-31,JP1071,71837202495.75803,1461098238.7161727,54767808241.67735,3866606430.3551097
2024-03-31,JP1072,50999086486.341576,1259680636.7987022,32646230264.99433,768175839.5563134
2024-03-31,JP1073,16842119827.653801,328857214.07042766,10475907225.266102,399531064.1480978
2024-03-31,JP1074,151494290942.1021,788555515.3980471,46710407114.14106,2912648812.7206464
2024-03-31,JP1075,60161905904.42852,805469796.9190234,10097187621.486614,1032050482.8320767
2024-03-31,JP1076,60482461502.45771,957211022.5994096,38447357841.21785,1800019983.3563743
2024-03-31,JP1077,42044619892.53579,117749390.69344437,9738538511.120422,622878091.252638
2024-03-31,JP1078,62565727523.26269,27771454.86474922,26811554231.927704,1851774762.636709
2024-03-31,JP1079,121124164999.01831,877942764.2198265,49420753554.62537,2860704612.5807533
2024-03-31,JP1080,137126829285.56749,3603161459.071206,41002708517.98157,1617087508.0927935
2024-03-31,JP1081,91457300174.7962,3646597637.411718,82767656997.45047,2457137281.9309707
2024-03-31,JP1082,109968037119.01347,2491401420.995228,73301858050.58939,1338360345.5059812
2024-03-31,JP1083,377219209797.2483,6218685802.794079,184188645380.77777,3550188705.885931
2024-03-31,JP1084,42877490385.61822,79634013.17933476,9060320019.5648,-182102785.0388733
2024-03-31,JP1085,29560473560.871708,195459607.41326216,7153687953.557395,45787185.516009204
2024-03-31,JP1086,259076459976.161,2206224135.6945667,64390594618.66148,1984929198.9685276
2024-03-31,JP1087,66729546186.93768,-116637989.87680651,14327201961.55145,-108619474.93997967
2024-03-31,JP1088,327334705254.71765,3704083536.2561126,98619460226.57738,3809471224.0657296
2024-03-31,JP1089,256200064330.73404,1933465636.3746102,53309603069.17014,5938295844.694636
2024-03-31,JP1090,91616494686.46436,2375415291.6985326,44986153247.45431,2567522715.5575857
2024-03-31,JP1091,125646875737.6477,523457364.7178309,34146378877.51454,1315342942.871305
2024-03-31,JP1092,434559107399.3436,17133048611.820621,202132927076.3022,3165913709.538453
2024-03-31,JP1093,945185029271.218,10447174960.568466,254153688975.7677,14882525117.883427
2024-03-31,JP1094,73647501801.4554,184473566.99147835,38702653096.61121,1742057335.3803225
2024-03-31,JP1095,71646635175.25902,3244944996.4866033,60808990039.873604,3897462190.7604547
2024-03-31,JP1096,106414834052.3853,5158705950.727916,137547302091.14053,7450592292.343959
2024-03-31,JP1097,30911157529.190254,974783764.504473,25410217548.254173,750072382.1580535
2024-03-31,JP1098,163420321477.0874,1389985364.7393715,62512122853.43042,2028907994.9249895
2024-03-31,JP1099,83664839789.14262,800844811.3757981,28863433295.829224,651200173.347405
2024-03-31,JP1100,123305826876.6474,2277931789.329032,43476865594.00342,326396250.42245805
2024-03-31,JP1101,76212722431.34738,448776499.65105784,16421324318.306751,684115104.673403
2024-03-31,JP1102,12590070763.437336,410428916.296951,8761761330.93742,402775923.3102411
2024-03-31,JP1103,17974330723.504154,76489762.45620094,3258093400.726425,93575412.12643899
2024-03-31,JP1104,13642287074.95931,189018945.59482312,11899114643.764627,607249683.7808331
2024-03-31,JP1105,68490197787.36814,941288079.7016845,24357783785.487545,968348838.8507367
2024-03-31,JP1106,49976424819.555305,2389371698.2333283,60404017493.20975,2319031739.9792237
2024-03-31,JP1107,826458160631.1978,14085144388.091238,420705144304.52234,26885047410.187763
2024-03-31,JP1108,472612695602.2051,487763958.29383874,88037308521.56102,2025637449.3162217
2024-03-31,JP1109,19078914241.30101,473255659.1308559,16348390796.545513,975899044.340542
2024-03-31,JP1110,226844214353.9242,1633901787.8728757,14124894922.262413,1076891919.9319365
2024-03-31,JP1111,63933060336.68195,640841780.7753975,22069058980.28203,-200586973.03572896
2024-03-31,JP1112,51440115301.37136,1277872848.0959358,38032042375.62105,1041562178.0027966
2024-03-31,JP1113,56563544415.50703,1838384120.1222444,77201446994.0483,2375938564.834308
2024-03-31,JP1114,259490968808.86075,3073682970.8581634,79888380530.22665,1342865455.7531235
2024-03-31,JP1115,62663506054.02142,-144043761.76736212,23882337422.34081,688092886.5141399
2024-03-31,JP1116,270592415323.3554,2694133658.343743,20702927823.66198,-2871555719.6848783
2024-03-31,JP1117,31304221858.63507,891541562.3949753,12730385620.546913,683704869.0905259
2024-03-31,JP1118,202854196273.3982,2084250126.1868038,27422637461.094814,702611668.0159948
2024-03-31,JP1119,628072696922.1722,19860260959.037617,393558257173.4009,36222005693.82217
2024-06-30,JP1000,87773385548.94095,1338423608.0069842,22105804334.96496,-187874481.54063082
2024-06-30,JP1001,102309081063.76814,3507832610.901177,74207245987.7687,4133625978.1317344
2024-06-30,JP1002,336708170977.5893,6141343369.43353,110420506079.11102,2214884305.2774343
2024-06-30,JP1003,74519557052.45148,1351631461.4085488,29452884412.695618,1178679084.610726
2024-06-30,JP1004,31463266356.913322,1575562406.5896115,56776285505.35229,1587842663.2673419
2024-06-30,JP1005,225929813041.46338,11177015400.732946,195536461675.71457,7328137154.94178
2024-06-30,JP1006,52376949998.99528,909590508.6651481,31783563431.06837,434997340.15049344
2024-06-30,JP1007,26477163181.55552,144482388.88104537,12783085389.348732,296653071.9175821
2024-06-30,JP1008,130873779184.96533,1651115218.91097,40207335419.90634,-331935840.4744656
2024-06-30,JP1009,178588589394.19406,2076265591.881644,57111296269.04778,-83083410.96205115
2024-06-30,JP1010,183568374042.59372,698901258.8404237,40863968193.92596,-460131667.61075014
2024-06-30,JP1011,473246521241.614,7705677007.624388,67187797060.057686,-7347117001.380435
2024-06-30,JP1012,188707200286.07333,5364307573.923481,152086503249.5471,5502707983.857733
2024-06-30,JP1013,394684747055.15845,3473632238.6895504,77874182091.66934,5188344202.323097
2024-06-30,JP1014,213983600411.48117,51359150.64568359,17129126278.544003,-1554679160.1393414
2024-06-30,JP1015,728083962399.3392,985318319.3700811,241880043710.60284,11315894008.217493
2024-06-30,JP1016,101593487144.78683,1297291864.0402405,36707534646.00149,2278282950.3777804
2024-06-30,JP1017,9441952524.956903,481525210.6486792,6297310618.277229,191813353.96654058
2024-06-30,JP1018,475426966428.7412,14263848471.204683,416341778818.8696,22877393919.700974
2024-06-30,JP1019,81819295663.7219,2371703604.3494606,54717746248.87649,2898829600.084689
2024-06-30,JP1020,52943702421.17951,1417784679.5158484,48842958909.53983,2744042973.2645664
2024-06-30,JP1021,286154345477.6201,-100919903.3896428,70472847911.53348,3497228022.8460364
2024-06-30,JP1022,35032705713.76977,107451651.31820156,1.0,-36733582.06672434
2024-06-30,JP1023,20310178014.993855,190691386.6364383,11318347616.739897,454817663.7067145
2024-06-30,JP1024,24435986179.367443,467366828.33006966,6511393468.272457,452125174.23000854
2024-06-30,JP1025,41587817029.698524,515261039.8675531,9417492733.467684,1479231429.2924595
2024-06-30,JP1026,138422092415.3203,965627674.286444,48475658347.8819,1872698823.4902542
2024-06-30,JP1027,338335612185.4971,882544965.3621367,75138751733.82338,2560199633.8580556
2024-06-30,JP1028,143813147869.26636,1786826850.540157,76679447544.8345,5287900133.48476
2024-06-30,JP1029,28289484767.38167,437958500.24452627,8545458874.33547,118160850.15691258
2024-06-30,JP1030,12614140958.458454,73355003.65626827,3101661987.460487,161992351.47612166
2024-06-30,JP1031,118849123453.71829,2272662876.950193,26803205491.05759,125673796.5744657
2024-06-30,JP1032,42957682448.98314,147536148.53272986,5926956901.955686,655798204.1797053
2024-06-30,JP1033,106996133079.15121,4023362340.601386,44119081093.52569,3514089368.7790112
2024-06-30,JP1034,209645272511.51205,3343736119.521698,90610126924.08453,3172479105.2523813
2024-06-30,JP1035,142221293801.2125,2322002907.4546323,91981581195.28725,4950566702.203748
2024-06-30,JP1036,296700560892.6824,2641064684.343395,78208434679.3543,5097981492.626903
2024-06-30,JP1037,44557617254.51184,3590834339.4623904,63214795884.66408,1823409463.6701655
2024-06-30,JP1038,67256884600.14386,318434071.9297269,50251742397.42066,975794164.6937304
2024-06-30,JP1039,63382566533.273285,624562845.5667895,7730379797.191311,711978723.9766271
2024-06-30,JP1040,162588285956.596,1198876868.191294,26341623177.017582,437955779.734691
2024-06-30,JP1041,248116764788.8667,-76560726.61899593,34924267484.20619,2733128546.3376465
2024-06-30,JP1042,148292181464.52692,5969152951.625811,166084414394.33926,7524894856.315197
2024-06-30,JP1043,115997638380.69167,282561944.30640787,20449024187.83846,397340409.1692935
2024-06-30,JP1044,125537160372.42569,2188824815.834226,102872348078.49162,1031933116.8519377
2024-06-30,JP1045,127139556750.16261,965044872.2077248,19282141411.329994,233456397.72007716
2024-06-30,JP1046,100571956344.73074,2868212816.7844524,47080731107.726295,2429475217.1119223
2024-06-30,JP1047,263675247687.73706,-400928429.648423,91119068716.88632,1602352739.3842802
2024-06-30,JP1048,13325021175.821579,230745729.64133763,6541957391.816431,207870571.5429721
2024-06-30,JP1049,18620244011.00118,159163622.04419956,12213989836.133787,508885248.62805635
2024-06-30,JP1050,16397272672.96924,97187755.46664429,7126820730.058132,307755580.61252517
2024-06-30,JP1051,8891102062.871962,195541572.6792526,4731742447.872655,166647778.0968835
2024-06-30,JP1052,32784369930.15803,20021135.585638706,17800672007.052452,1369185813.2797077
2024-06-30,JP1053,336059795041.83716,-2419956033.4831824,32632182781.53637,3860936233.5636783
2024-06-30,JP1054,44904223588.31532,253495005.58718425,20598314940.689396,-4245382.838210889
2024-06-30,JP1055,98346337709.99408,458941935.4146586,67949158347.6497,502506250.67900336
2024-06-30,JP1056,196676310025.4951,3772823980.618573,192996724104.91306,13989611425.024765
2024-06-30,JP1057,587352303084.2665,5899527743.252549,157004437731.6062,6753770359.571458
2024-06-30,JP1058,83812257289.48424,1793690928.1699777,29735988031.319027,2351289445.6586127
2024-06-30,JP1059,579568179394.7915,8502499981.02776,158366782986.38687,8903613590.126272
2024-06-30,JP1060,59795621452.50042,2066109114.140134,85336815934.3418,1863564486.584951
2024-06-30,JP1061,77094183629.74174,226854772.51062423,21041886454.266407,989793983.5077709
2024-06-30,JP1062,66464249556.7174,1332595101.5406497,16223735099.174778,827416877.6540358
2024-06-30,JP1063,27732388954.472042,356436332.7988995,16914110934.415838,773904220.2526848
2024-06-30,JP1064,43561991872.46635,496065035.95978934,18721056706.122982,1087351654.6402464
2024-06-30,JP1065,60285614990.51644,2065463168.1586263,51565689875.12113,1395317139.266932
2024-06-30,JP1066,177065584841.51767,4043668989.0604672,101198461719.90897,5927297942.174605
2024-06-30,JP1067,660434386986.9443,3771312819.5041833,89196827994.12857,2399195116.9064116
2024-06-30,JP1068,44166685511.514366,-108126294.94426814,4613081552.920864,336780779.1165035
2024-06-30,JP1069,175942837793.45926,6053990786.176162,125691389233.11751,5730076662.159388
2024-06-30,JP1070,35650427596.93622,1716623210.609476,30680039854.347797,1511923490.010137
2024-06-30,JP1071,78861493608.14513,2021724507.1023726,55199560919.262985,3955802596.646404
2024-06-30,JP1072,62787637575.775375,1396329024.0873172,29203560797.94064,-689612452.6324911
2024-06-30,JP1073,23209004222.718815,365895364.97589356,11107215225.348774,438734135.9249864
2024-06-30,JP1074,423614128208.4173,213554635.8732798,60457166855.24397,2441827927.7108855
2024-06-30,JP1075,47987241419.04849,656414096.7462791,17166437771.750273,837919253.7408422
2024-06-30,JP1076,71096678985.11957,519735806.1007276,22778507365.719273,671699023.5106437
2024-06-30,JP1077,36089674761.931,796734049.3949357,12697347758.096724,371804359.671762
2024-06-30,JP1078,86436084862.30762,659172759.8858218,18162185685.399868,1429721637.8584235
2024-06-30,JP1079,131643443132.87845,2006100335.7042987,62222711196.78863,2162639306.953828
2024-06-30,JP1080,88646081719.45975,559565719.6763136,33976377207.91228,1312858645.549835
2024-06-30,JP1081,118556808701.12982,2450744520.194624,91332830669.1168,4002593920.911274
2024-06-30,JP1082,92488348995.44815,859959571.3475174,48711729477.69911,998164033.20212
2024-06-30,JP1083,306739421420.8302,7035474212.350866,206223320166.79547,11342568312.816093
2024-06-30,JP1084,68456548568.83934,-1190584972.577312,1417532511.7071087,-637525549.6405336
2024-06-30,JP1085,26385554799.768356,446435010.44726855,7813082043.8815155,467114089.22614646
2024-06-30,JP1086,284183933405.8869,3373225692.746695,71345918888.34933,4944176677.38017
2024-06-30,JP1087,61146345996.82933,928181340.3533624,14526148809.937504,384701453.69645447
2024-06-30,JP1088,217611586234.6732,2051884084.0461657,55610755527.838776,87684795.67350833
2024-06-30,JP1089,136364669771.27798,1471675353.7030153,41155556027.253815,1909367966.1496623
2024-06-30,JP1090,89241470274.74817,1225165999.0687556,46544840536.38125,2671483135.816291
2024-06-30,JP1091,122376642603.0199,1423980825.8307056,25223389903.587105,2361458286.708658
2024-06-30,JP1092,617680728019.2551,7672168347.082035,246818457203.66183,14710475099.36293
2024-06-30,JP1093,595503586535.5933,-3173807133.6033516,272244195423.57465,6308751140.532056
2024-06-30,JP1094,32807848911.483,1154038769.5797162,42851732597.222946,1075725177.3214147
2024-06-30,JP1095,51470884528.22938,2609788470.822054,58497248900.853226,2701140250.4348674
2024-06-30,JP1096,204020130210.20883,6758546664.398442,147438724240.7665,2257412168.1895065
2024-06-30,JP1097,32471116675.844887,865116929.7331352,29515269043.64404,724215985.294175
2024-06-30,JP1098,190488236722.09546,702094932.9138423,57727727836.642006,3640291384.1070466
2024-06-30,JP1099,74846363174.74265,1238909520.599631,29376513875.64126,78550317.52178459
2024-06-30,JP1100,142924949327.2365,2830430419.140027,45225142602.1375,-1934824191.9699526
2024-06-30,JP1101,72913912788.4912,-45605629.247650206,18891654303.82947,544651181.1336873
2024-06-30,JP1102,17896425474.325985,113979291.33827405,8730712803.470661,84547610.09351337
2024-06-30,JP1103,15394005256.774927,74404575.57294513,3186976011.1296124,51801353.55350434
2024-06-30,JP1104,22717870957.09045,345066788.12587154,14402596347.287975,728265663.5665466
2024-06-30,JP1105,60537815597.66905,266207339.10060242,25638610695.317684,1311507809.1318126
2024-06-30,JP1106,97148043823.92531,4725060312.730126,76121683615.83253,3354778018.422752
2024-06-30,JP1107,281591459675.3383,30780111549.316036,498175007085.8994,26396495491.362972
2024-06-30,JP1108,303101109891.5822,1988721702.7784905,82089569251.76675,245791542.40387067
2024-06-30,JP1109,13562881614.59682,338909168.468691,12939311601.355057,746699418.3285947
2024-06-30,JP1110,166958566961.19873,-735830916.5657374,19732497577.201805,1018237212.0173441
2024-06-30,JP1111,83509542944.50975,1320365593.4204938,20724257790.61139,457199131.7421274
2024-06-30,JP1112,53963474171.00287,2427731913.6622114,40858108657.45179,1290612113.8414917
2024-06-30,JP1113,63216677071.32857,4102424361.3735175,64865689594.67848,3818913177.111237
2024-06-30,JP1114,152500668523.27902,1712476617.2493725,57437941718.2032,4143487043.1202445
2024-06-30,JP1115,53040442630.79664,1258648046.589347,24125559128.76809,1274358963.2533562
2024-06-30,JP1116,356377327145.53784,-2239387405.1972337,14299821184.825779,23107468.60109458
2024-06-30,JP1117,44896121755.68289,589874566.6908497,13584512627.424116,897622209.0741829
2024-06-30,JP1118,141911916530.74832,233116351.08964086,18669680040.126236,290188712.24370074
2024-06-30,JP1119,532181798134.03375,6486920587.756046,390343255537.02026,25579418249.88502
2024-09-30,JP1000,66059846450.17388,1700087687.5527582,22265906173.80703,-5429503.923075849
2024-09-30,JP1001,125902765792.85858,2870256982.0588093,57697798736.27526,3022730128.853739
2024-09-30,JP1002,249745754853.00543,8788352972.377274,103947122886.35838,2227810103.6008363
2024-09-30,JP1003,50047158664.490524,1875481070.4975615,22347091593.68938,1431768478.0545213
2024-09-30,JP1004,34229406153.49918,1709617529.0305383,44887565776.33836,1431393196.5150104
2024-09-30,JP1005,288529357554.61865,5320718738.273848,287094064342.1008,17615777822.53344
2024-09-30,JP1006,35951156671.407845,1389474276.4241397,36202935889.17996,852858146.6460373
2024-09-30,JP1007,51069836871.89305,195087653.82774702,7643595277.724114,890256690.29143
2024-09-30,JP1008,144319202551.7154,-416284792.1753138,39183826125.77079,2233239551.920673
2024-09-30,JP1009,99956794389.5867,3067333331.1225686,56720810302.99172,5118120555.478001
2024-09-30,JP1010,96125154852.7561,1147002170.890788,30212537204.73085,852715012.230904
2024-09-30,JP1011,311993423233.24854,6012663549.699819,95558629376.44536,2855639115.444715
2024-09-30,JP1012,274802563195.87,3119387973.1626873,154389526705.71448,7053225886.952524
2024-09-30,JP1013,309894574252.4178,5744579184.133294,70018696137.07385,-337618578.8840052
2024-09-30,JP1014,214012844942.82697,186340544.4620373,16109868884.318682,1140119311.5522554
2024-09-30,JP1015,894059474425.274,17279879231.720085,211463469892.13116,6343614136.578971
2024-09-30,JP1016,99086459412.85782,2310694780.803237,45110246047.521866,1471323567.2806726
2024-09-30,JP1017,10224486228.261656,207243208.68361133,7498767331.660444,317340289.2512484
2024-09-30,JP1018,509469067275.7249,16858126142.149836,394100938536.68494,15820487062.390728
2024-09-30,JP1019,61177549357.65751,2054455357.4446316,58768549772.209885,2278946136.513736
2024-09-30,JP1020,147766670256.27472,1107470446.322944,57494616195.39449,2855757134.5571647
2024-09-30,JP1021,212951758983.54477,4122075743.2422814,97138025751.84592,3590495329.188725
2024-09-30,JP1022,25585302280.072884,-38747555.27068868,878515613.3538282,-184718111.73540205
2024-09-30,JP1023,33566908263.641926,594039972.9984866,9481339911.021845,505536558.23428893
2024-09-30,JP1024,31427715240.401745,258801987.32767203,5384772450.907596,391627829.1263796
2024-09-30,JP1025,23668775835.05949,653148445.8478954,15542426087.08573,739954094.5521818
2024-09-30,JP1026,115628363685.49474,776117073.3221387,26366191072.943554,1029311385.9744295
2024-09-30,JP1027,177709331324.16766,3794443181.895765,82689628539.9234,1578075422.7033246
2024-09-30,JP1028,176775748768.98285,2719250747.6066656,87400230183.8158,4253588309.2200704
2024-09-30,JP1029,23836514509.966145,745035122.9005145,9950034969.289787,216161717.169617
2024-09-30,JP1030,20595596447.44917,27802737.349290494,3716927655.999138,269699344.96259516
2024-09-30,JP1031,79655812383.22986,1164601016.7087715,22707653617.74534,1197311981.6606932
2024-09-30,JP1032,38832074864.42901,537227471.6475662,2718813838.4517317,-262877924.43883163
2024-09-30,JP1033,104113741611.33243,2625337291.00352,49277696556.56725,2748224108.3944263
2024-09-30,JP1034,174898240929.6089,2180897775.697735,86254631086.65033,3827622400.007794
2024-09-30,JP1035,112921921660.73383,2064526323.4314709,79443626620.58482,4499941316.324046
2024-09-30,JP1036,311809177044.4515,986261928.7948998,91861687916.79303,2132383336.644277
2024-09-30,JP1037,96620632865.80017,2479677365.8881135,86996656517.89786,1297509707.1592724
2024-09-30,JP1038,103900619766.28636,1821744948.1396222,54297811466.268845,2755576530.7126293
2024-09-30,JP1039,64396345596.69082,891733344.8581793,13777871955.099272,298677148.508046
2024-09-30,JP1040,99768909813.97937,813501189.0890865,26050709714.24088,942945939.9286503
2024-09-30,JP1041,105713611409.84814,2156395500.7909565,37261609891.81518,3481166450.004671
2024-09-30,JP1042,149664526609.22263,7835684123.140531,204366814860.38306,8893322862.845482
2024-09-30,JP1043,50484269678.2154,663081866.4104741,15586352962.583612,711595416.5079789
2024-09-30,JP1044,181854816076.7798,1923322298.206741,102974941719.68832,4197567169.5970936
2024-09-30,JP1045,85517609105.98044,975780790.1324563,22238368019.357567,1533354508.8560007
2024-09-30,JP1046,138218427369.3479,4156805195.920361,64253740505.41201,1565748631.2007482
2024-09-30,JP1047,240996373708.03952,12281310896.601883,112943337604.23602,7030316901.292499
2024-09-30,JP1048,29742358115.74507,19850689.204333242,6640110885.985375,457259854.8330675
2024-09-30,JP1049,32912156155.999966,-136962006.56093633,16252179927.501257,649408244.6284977
2024-09-30,JP1050,25094971575.256737,394510804.08096004,7582041985.025045,-51531106.714363344
2024-09-30,JP1051,12780994438.371584,235159382.2904013,5926506914.480194,392941853.7367033
2024-09-30,JP1052,17160793797.182617,1000659416.5706459,15741095940.868437,809029435.3406506
2024-09-30,JP1053,216949450530.78986,-427410226.4498628,36269724254.87905,2638105750.0157003
2024-09-30,JP1054,53057305539.80713,597728486.243969,10214231487.126703,1408388978.4386003
2024-09-30,JP1055,101857178436.26321,936679784.7066935,56711740059.85608,2743340284.7018294
2024-09-30,JP1056,204214046982.59875,9852074304.003952,228020335056.70633,5712829754.812713
2024-09-30,JP1057,330276446736.3233,4432021918.856262,159600638450.6805,10057205382.841053
2024-09-30,JP1058,62236079387.22526,810237154.1787895,51342006495.9837,3130009563.0782614
2024-09-30,JP1059,398981999213.1956,12829769942.137104,243075022259.51862,8974261495.823576
2024-09-30,JP1060,53465013516.458595,713006074.1521753,68205087758.09193,3400378983.3949056
2024-09-30,JP1061,31575737399.45146,537730874.8835673,20373615351.108585,1595764208.407997
2024-09-30,JP1062,57759847447.01859,380357463.76697195,22780674008.397377,848458829.6489308
2024-09-30,JP1063,35108824294.80139,411563860.75380975,13365799851.48193,1064359804.2350221
2024-09-30,JP1064,66828767480.791435,564995548.5432426,17235336520.429554,501665221.97483474
2024-09-30,JP1065,95203648619.90706,820012719.3123481,60812704561.54709,2105237461.7576714
2024-09-30,JP1066,189931684039.04187,4102974699.0975623,90410155634.90302,6778023377.856027
2024-09-30,JP1067,497313326025.1485,1397790780.6990516,116360484456.48024,3703229089.856997
2024-09-30,JP1068,26970482070.12456,-47482127.51861701,3658478898.260169,214800185.1523443
2024-09-30,JP1069,98988839198.87328,4050521676.6623373,88549406120.11824,6357518261.090067
2024-09-30,JP1070,18504332329.77437,460624496.4913446,30081638365.100636,1552724710.0429132
2024-09-30,JP1071,109799585015.54573,3840151234.747154,70478027789.49704,2888697280.518214
2024-09-30,JP1072,64011259030.75445,2663661824.8176546,32109783952.545544,3781827890.3042254
2024-09-30,JP1073,27884581319.95784,216792593.326743,11140132248.797733,408921397.1498333
2024-09-30,JP1074,258234795246.62546,-2152711539.1071258,53049710638.726,8739814612.206285
2024-09-30,JP1075,53284173547.35742,808987325.9659362,14092789101.7615,335091361.060161
2024-09-30,JP1076,62423718094.59896,863401886.5376368,30368553349.160095,1556123944.0265896
2024-09-30,JP1077,45513943384.318,277030794.1195772,15141918517.077032,-27111299.042736277
2024-09-30,JP1078,53849977915.54214,1388508430.149534,20860307680.92068,1110765427.1878598
2024-09-30,JP1079,91157407782.99084,59165978.98043613,49979711867.655,3391551492.828393
2024-09-30,JP1080,91726696870.82515,1576829593.9766593,44122415055.11654,2764324842.9019837
2024-09-30,JP1081,71076707568.42755,3408082995.9649234,93859188552.62125,3386655700.006768
2024-09-30,JP1082,159123775593.92218,-85493125.85483669,63897475143.41753,3436749851.309932
2024-09-30,JP1083,247635487481.6989,12368411484.77735,184473986852.29373,6165072954.198977
2024-09-30,JP1084,57476531388.96371,-377170009.1500554,1792464700.1797028,857549285.4618735
2024-09-30,JP1085,27267795151.83406,515823042.87961894,6290195557.033436,471694183.0029694
2024-09-30,JP1086,369776016676.87476,-561199753.3746375,85783729725.5708,3016779407.0667186
2024-09-30,JP1087,77325963582.05914,54656120.641004495,15743500118.77455,376916580.1094248
2024-09-30,JP1088,704879607692.4927,3738014705.342794,115869462098.8496,5531365243.333102
2024-09-30,JP1089,134505838851.18877,1706640332.0097234,50199374597.8205,-633720508.5744153
2024-09-30,JP1090,135702345745.26321,2066856388.697467,54726987442.462975,2997169091.913793
2024-09-30,JP1091,96364744188.85875,857041166.7403123,25554461431.08863,-614649866.8536279
2024-09-30,JP1092,868382181360.6924,23903847907.728374,301322762606.8367,18060512212.825077
2024-09-30,JP1093,817600540979.6023,7126138529.45401,279091307730.64954,2966496856.647445
2024-09-30,JP1094,66915499056.449936,752581806.4715098,45091050676.220894,1418171368.1488976
2024-09-30,JP1095,60050932812.47026,2225479138.9274216,87921567509.16974,3576479116.5415525
2024-09-30,JP1096,123340427866.30646,8752941496.853395,119510832324.93631,9481251841.208557
2024-09-30,JP1097,47987159871.00968,1777946416.3358092,38275605625.803734,1329708892.760509
2024-09-30,JP1098,148960532723.4678,4924611069.247828,69452094457.0747,3535829480.644008
2024-09-30,JP1099,57205475321.02692,120042713.07103148,22798601720.457634,612841942.3938342
2024-09-30,JP1100,120369666539.52405,2261800756.7479734,67603188126.30588,5756038429.3762865
2024-09-30,JP1101,115859112247.25034,255549727.6578053,22967757143.835278,679279571.0629133
2024-09-30,JP1102,25809838563.686222,548741521.9440639,10123627071.81573,472929273.1666523
2024-09-30,JP1103,15295204762.698896,141502119.44916528,3272381660.20775,135404505.23606646
2024-09-30,JP1104,22109225529.259533,660185223.0026003,14518294382.777607,819022251.416222
2024-09-30,JP1105,59545164419.67149,1949187424.3887134,36749828151.859985,1400944732.2942204
2024-09-30,JP1106,88137780905.6558,2722003555.9903455,69477586597.96124,4306968580.546278
2024-09-30,JP1107,1049576156308.5803,29730157105.093987,585873985505.4092,25023868169.051716
2024-09-30,JP1108,453825739479.7689,4666261549.969698,92825954528.87286,3154817575.609713
2024-09-30,JP1109,15370046055.442854,524695649.3506981,12043528803.404337,44959712.148185045
2024-09-30,JP1110,146174751072.75024,-43094075.4477991,18700156157.151947,1276469176.4230917
2024-09-30,JP1111,51675001833.8866,-35552056.97111154,25468097088.328846,1537832304.6422863
2024-09-30,JP1112,63499514619.65431,2289790769.707417,34266965644.291878,2215331035.486744
2024-09-30,JP1113,60938460972.62778,4188658047.389471,73872347822.67964,2478695199.1221585
2024-09-30,JP1114,251582767973.86386,964356389.6979548,42689400804.76698,4888962041.54237
2024-09-30,JP1115,73285728745.33133,109274993.4970613,23527134715.27421,929558578.3336073
2024-09-30,JP1116,247393972239.10196,-2946457615.984094,4876074190.018933,2457092231.685204
2024-09-30,JP1117,40854961303.00554,278391640.83039904,15039287254.05704,1096891875.608318
2024-09-30,JP1118,136166068098.9336,1353981228.377369,22920798794.370415,666314541.9038928
2024-09-30,JP1119,1201748732060.7961,24796994530.29453,364889299327.5619,19417875637.23588
2024-12-31,JP1000,74677326913.9536,893777500.1366372,18148749360.00033,1205461840.340782
2024-12-31,JP1001,70396382840.90753,392289287.2407957,57735856429.868904,1911947007.8611069
2024-12-31,JP1002,349655602632.3112,4993426530.86323,146372016143.814,5662583938.698615
2024-12-31,JP1003,41834653145.19416,544211259.5934296,25304870132.344093,911824139.946803
2024-12-31,JP1004,42893559602.08854,1407407817.9630249,46469806255.050606,1963207605.8971305
2024-12-31,JP1005,439201412278.0648,13514677038.481342,323791605775.34576,12829649420.782022
2024-12-31,JP1006,51554856635.263336,741701934.9123789,35198311197.319786,2088569637.909764
2024-12-31,JP1007,34018087362.491013,128081321.45822652,10562651039.85356,456457680.16271245
2024-12-31,JP1008,138645414425.2154,1031458994.2483611,50486182779.08687,966528661.9254783
2024-12-31,JP1009,167924536636.53085,990691531.805599,60962183266.91229,3541380800.4062815
2024-12-31,JP1010,132097812928.8704,2111194286.2609482,38438022116.24571,1243751982.093894
2024-12-31,JP1011,516924467271.3366,2429323820.924945,82894629003.20416,-3141107741.840947
2024-12-31,JP1012,324953440135.04663,1091197751.075973,145675570495.50894,7457453131.105516
2024-12-31,JP1013,332192570257.36383,4480267012.846688,81558725268.73141,2309137731.133751
2024-12-31,JP1014,157592832694.56525,-592025938.1934334,36166548033.821815,3058135065.356962
2024-12-31,JP1015,699304765790.4404,8396477641.13379,331055534070.6907,5478094679.958435
2024-12-31,JP1016,79593188782.48566,2203447099.3022504,40285648371.60606,1113509176.8126588
2024-12-31,JP1017,12072971476.251348,479421176.6375382,8063642372.3167,381241149.12113166
2024-12-31,JP1018,827802113650.4764,11404278932.53795,437157976869.0175,26557975791.94423
2024-12-31,JP1019,43657441305.1478,1506002014.9351344,57595293420.516975,2658692771.1693225
2024-12-31,JP1020,71043897126.70012,3027469835.5132523,50324057248.15712,2085042516.5834424
2024-12-31,JP1021,270820640348.80786,-367461803.3971828,79310571393.46935,5201206386.682193
2024-12-31,JP1022,75865001701.45473,39271275.85212013,1.0,127166874.86597882
2024-12-31,JP1023,30956823360.61479,670009791.8814505,15091307167.22675,952216985.1548804
2024-12-31,JP1024,17695655280.40777,252860891.31520152,6514294025.685446,282837985.7331481
2024-12-31,JP1025,32187819614.79521,902621809.7193949,17220347486.638367,1390003379.3056536
2024-12-31,JP1026,180417364264.87692,1795462976.9403353,49582132085.252235,868792357.4154892
2024-12-31,JP1027,233577091675.46112,1849962554.844929,74358899168.63083,1168274872.6380386
2024-12-31,JP1028,178711048727.5281,4884360136.329716,84640981481.93546,3543865561.9874034
2024-12-31,JP1029,22987312681.395187,260058879.57452112,12165516010.321058,510476447.6981674
2024-12-31,JP1030,19454615330.96206,68948292.42644297,3684423326.168885,129254663.13220137
2024-12-31,JP1031,72502107862.49818,-561838765.2563624,25340884041.419235,-87728848.5236724
2024-12-31,JP1032,50575658051.48241,347984897.2135113,8213642027.212609,357075153.01290387
2024-12-31,JP1033,64414998427.29036,1022256503.3069309,66753141844.03807,5846707325.521671
2024-12-31,JP1034,294236655078.78,2936858670.581011,77038840871.47229,6193281145.951038
2024-12-31,JP1035,150415446704.1514,2807455749.6435623,90667793672.58792,721556054.3665893
2024-12-31,JP1036,155752735006.12915,213797424.98138756,83096799285.4811,6183329059.620927
2024-12-31,JP1037,113630098842.2808,5736309609.625663,88542491717.13742,5965214631.192352
2024-12-31,JP1038,84481729206.05869,2199285042.078411,47638521749.483154,3160873471.029451
2024-12-31,JP1039,63318081538.7605,193549917.55300578,11051389672.206419,1018324962.1351407
2024-12-31,JP1040,118356446611.02402,796343008.9421871,22415361755.34839,1524155127.7707849
2024-12-31,JP1041,136443011737.55737,-220706979.37594262,42070822558.86799,994539173.9139643
2024-12-31,JP1042,191184452242.1246,8924998291.362577,185031683318.1041,7452199830.511539
2024-12-31,JP1043,46663169303.73952,304106734.3802969,20833309474.91742,709900821.9728743
2024-12-31,JP1044,217580264625.37375,3662866755.737278,86439619809.72618,3164362698.957082
2024-12-31,JP1045,109291763396.17175,1062557867.73903,17749556144.537704,840090834.2414795
2024-12-31,JP1046,96255511873.36275,-221836824.55114812,50801086909.24413,1337617459.0501177
2024-12-31,JP1047,218052214856.2707,1208813417.3813238,114257557104.82635,3065562843.521
2024-12-31,JP1048,18665463228.89794,299382193.4417502,6283921400.825935,53570512.05013056
2024-12-31,JP1049,19417036284.447815,53216796.91188762,14178700834.796036,1192650080.6339471
2024-12-31,JP1050,17918338560.29462,-9089994.07929159,7440566261.10583,177529362.348764
2024-12-31,JP1051,12683946881.683893,209475537.01896983,5238058134.890565,173284299.88812956
2024-12-31,JP1052,29761626856.725506,366335712.720543,13642418774.67115,326682563.42591554
2024-12-31,JP1053,192429893681.08517,-77554706.84082226,51177905778.543175,-9795858.016896276
2024-12-31,JP1054,103730969021.9245,411926478.6717125,15402627021.326624,161498437.68244815
2024-12-31,JP1055,75720500332.43225,-254778196.66368484,49035024377.990654,4190401595.8406196
2024-12-31,JP1056,338187561411.9969,3368244303.560684,232229594220.1219,11978208330.156971
2024-12-31,JP1057,1058297889286.9816,3602143325.80249,255824898277.65906,9750351367.147165
2024-12-31,JP1058,48845198735.29656,-184027580.08377188,34198809167.973766,1698777944.4190056
2024-12-31,JP1059,365481859229.96,8152186742.945157,184851033088.4531,7950228899.9546585
2024-12-31,JP1060,39498184037.569595,2262285223.1606016,70874227205.17189,2100780889.5008724
2024-12-31,JP1061,23282573630.51145,529552126.938939,18416484196.406357,148560973.51631695
2024-12-31,JP1062,54815064794.70868,-69174744.95683494,13874105386.987816,1126684527.2018864
2024-12-31,JP1063,35715683059.44475,1018991098.0576289,12160963338.741558,717167122.8150041
2024-12-31,JP1064,37401735826.76651,792590340.5784605,21855228295.078716,118716979.30185488
2024-12-31,JP1065,112165715402.22026,2030674570.8850944,58630060926.42322,1694374584.8989532
2024-12-31,JP1066,271216055242.1319,3450411290.459941,90903982855.33647,6436638037.413428
2024-12-31,JP1067,444186596568.9849,-1961470766.963477,136035119361.93205,3273018484.015094
2024-12-31,JP1068,41390408147.960785,69494365.38261785,6860244490.051096,138674161.67538056
2024-12-31,JP1069,114418206063.80109,4514742050.387202,108492441186.6902,3972307522.6150484
2024-12-31,JP1070,33531469362.799786,596630702.0647622,31762110087.6309,1994852232.0176225
2024-12-31,JP1071,105165989934.3151,2751587550.5898933,63530693852.89398,5038891217.420879
2024-12-31,JP1072,49166030315.78397,2042445620.1580713,35064283060.13525,703153094.6622
2024-12-31,JP1073,16025313337.448242,505553770.9006023,10987219768.194786,642696335.8384051
2024-12-31,JP1074,264133052081.70795,471578979.24123967,60986342313.1383,166012729.22220808
2024-12-31,JP1075,60148490057.081795,189253844.59671226,10509619926.63974,379388811.9627805
2024-12-31,JP1076,35348501252.09866,874636966.4274518,30013846031.730217,975012616.0509506
2024-12-31,JP1077,25816098147.30286,487270052.84139794,9962735577.212666,101595293.45062159
2024-12-31,JP1078,52743174807.042625,1580996878.3894286,17116199788.896135,1252468168.7913465
2024-12-31,JP1079,154212103299.3741,5437660374.942553,68206526411.15633,2942068156.9980593
2024-12-31,JP1080,103163943437.34174,1499662894.054532,48293499612.997055,1560061885.7255948
2024-12-31,JP1081,229987538972.16504,4726462750.910572,98335800160.67207,4280676327.8861985
2024-12-31,JP1082,131120800025.39606,2266239126.78529,75013267520.3648,3561302631.8539934
2024-12-31,JP1083,449805990287.9786,3724278413.001895,206364026402.2295,5936649236.507469
2024-12-31,JP1084,40006205102.91805,-457107310.7429572,5396415296.912303,-478593089.1397414
2024-12-31,JP1085,39051643946.910904,676472419.1114433,11065256750.43412,187493768.21370476
2024-12-31,JP1086,320383236182.5243,1035724264.8715749,69807606535.32494,4409056503.164905
2024-12-31,JP1087,61327631843.67352,1340376790.6372297,18629212456.92463,2840078802.4430666
2024-12-31,JP1088,372461148476.2725,1939427599.9802513,109429001373.43257,-2172024730.823163
2024-12-31,JP1089,175145465602.9585,1551547826.8285053,62932262455.39772,6754239640.008076
2024-12-31,JP1090,92625817233.35497,2944095724.50609,61052161557.23932,3675066288.46222
2024-12-31,JP1091,155281802026.24982,1745624393.7944398,20735404822.54013,3702380936.3563724
2024-12-31,JP1092,364760164845.04675,3068927079.2818756,244855800315.19858,8091406417.80776
2024-12-31,JP1093,748241926372.8094,5500442506.716116,213760477260.69574,2727502572.578216
2024-12-31,JP1094,86940941105.26836,2058924570.1928923,37243954548.19557,2694331522.768976
2024-12-31,JP1095,67307794343.58766,876435830.6911798,71210830322.39163,4863021031.195105
2024-12-31,JP1096,243146687421.34216,7259479890.020425,143578760183.3266,8413006612.803804
2024-12-31,JP1097,33846391586.374176,29477869.521394264,31679906980.85566,1497851409.749112
2024-12-31,JP1098,300563923758.9387,4893287698.238787,60367669665.89409,3330857520.2427526
2024-12-31,JP1099,83955003613.68109,531961610.45725787,27113888827.29162,710080381.3928765
2024-12-31,JP1100,100758199632.5567,3241699412.0921164,53588697074.89697,1560560429.0939925
2024-12-31,JP1101,63797591731.55091,1038931567.560012,23499636727.733784,578836677.9569397
2024-12-31,JP1102,14832697634.349277,721660462.3755839,10153780879.253551,694856518.2591957
2024-12-31,JP1103,9376506407.668976,204414028.84016812,3063562549.5277133,203467102.06755754
2024-12-31,JP1104,14617953827.343388,484890328.1795055,12910472410.905428,277934680.82033837
2024-12-31,JP1105,40731310094.32155,424230663.2229306,30685836800.88351,2110811817.3354852
2024-12-31,JP1106,51974965876.14133,2833118828.1018343,85494966788.7645,3870778810.5848293
2024-12-31,JP1107,503412532345.214,21731979522.119408,532988256397.33453,14379180838.753265
2024-12-31,JP1108,487994135959.28516,4852743071.902616,89311773976.39024,3365619201.8486114
2024-12-31,JP1109,19099152362.51314,1094887861.5327451,15837838791.28755,616006487.5117561
2024-12-31,JP1110,204787359040.3384,1916236538.7005324,24783962129.542683,2075862149.7599285
2024-12-31,JP1111,83169374238.88632,717108663.8217704,25406804856.88945,316273711.34758806
2024-12-31,JP1112,41112083873.66766,1444892963.6473012,30792920777.56902,2016012650.2479622
2024-12-31,JP1113,73810379346.51059,5215440083.890867,73805521069.32254,4758497967.697673
2024-12-31,JP1114,156768600071.42535,2092905168.0722551,58926282279.158226,2883649333.38827
2024-12-31,JP1115,72900939579.85948,1080621835.7096913,23747399103.803032,1703338111.105651
2024-12-31,JP1116,397283123466.81024,-1603674666.957173,1.0,375659058.9969571
2024-12-31,JP1117,32516924696.977547,-71017030.56790681,13128897513.303816,317135881.43491155
2024-12-31,JP1118,119833349018.99922,1152957859.3206344,19559767702.92236,2460025706.142011
2024-12-31,JP1119,1268843687465.0642,15004837493.826742,469025708109.65674,27610366503.523624
